#VRML V2.0 utf8
# 3D model generated by easyeda2kicad.py (https://github.com/uPesy/easyeda2kicad.py)

Shape{
    appearance Appearance {
        material  Material 	{
            diffuseColor 0.2235294117647059 0.2235294117647059 0.2235294117647059
            specularColor 0.11372549019607843 0.11372549019607843 0.11372549019607843
            ambientIntensity 0.2235
            transparency 0.0
            shininess 0.5
        }
    }
    geometry IndexedFaceSet {
        ccw TRUE
        solid FALSE
        coord DEF co Coordinate {
            point [
                2.559 -0.9308 2.9134, 2.559 -1.2205 2.9134, 2.559 -1.2205 2.2017, 2.559 0.2062 1.1465, 2.559 0.2028 1.1462, 2.559 0.2321 1.1462, 2.559 0.1807 1.1465, 2.559 0.1772 1.1477, 2.559 0.1772 1.1462, 2.559 -0.2651 1.4712, 2.559 -0.2467 1.4588, 2.559 -0.0472 1.4588, 2.559 -0.227 1.4456, 2.559 -0.1987 1.4128, 2.559 -0.1032 1.3015, 2.559 -0.0472 1.3015, 2.559 -0.1108 1.3203, 2.559 -0.1282 1.3446, 2.559 -0.1514 1.3642, 2.559 -0.1809 1.3782, 2.559 -0.1768 1.3768, 2.559 -0.4248 1.4697, 2.559 -0.3854 1.4848, 2.559 -0.9308 2.2017, 2.559 -0.0472 2.2017, 2.559 -0.3432 1.49, 2.559 -0.3079 1.4863, 2.559 -0.4423 1.4588, 2.559 -0.9308 1.4588, 2.559 -0.4457 1.4567, 2.559 -0.6216 1.3535, 2.559 -0.6011 1.3799, 2.559 -0.5365 1.4167, 2.559 -0.5029 1.4209, 2.559 -0.4657 1.4395, 2.559 -0.493 1.4203, 2.559 -0.4832 1.4192, 2.559 -0.5953 1.3853, 2.559 -0.5682 1.4044, 2.559 -0.5787 1.1667, 2.559 -0.6053 1.1894, 2.559 -0.9308 1.1462, 2.559 -0.5478 1.1517, 2.559 -0.6248 1.2173, 2.559 -0.6371 1.249, 2.559 -0.9308 1.3015, 2.559 -0.6412 1.2825, 2.559 -0.641 1.2907, 2.559 -0.639 1.3015, 2.559 -0.6352 1.3228, 2.559 -0.537 1.1485, 2.559 -0.5359 1.1462, 2.559 -0.5284 1.1301, 2.559 -0.9308 1.0986, 2.559 -0.5157 1.1144, 2.559 -0.499 1.1019, 2.559 -0.9308 0.5118, 2.559 -0.4793 1.0936, 2.559 -0.4912 1.0986, 2.559 -0.4206 1.0986, 2.559 -0.4352 1.0929, 2.559 -0.0472 0.5118, 2.559 -0.4559 1.0904, 2.559 -0.4591 1.0905, 2.559 -0.3759 1.1462, 2.559 -0.376 1.1457, 2.559 -0.0472 1.0986, 2.559 -0.3861 1.1267, 2.559 -0.3991 1.1121, 2.559 -0.4161 1.1003, 2.559 -0.2668 1.1965, 2.559 -0.261 1.1988, 2.559 -0.251 1.2475, 2.559 -0.3919 1.233, 2.559 -0.2774 1.2928, 2.559 -0.4068 1.2466, 2.559 -0.4249 1.2563, 2.559 -0.2721 1.1928, 2.559 -0.111 1.2088, 2.559 -0.128 1.1852, 2.559 -0.0472 1.1462, 2.559 -0.1498 1.273, 2.559 -0.1538 1.2894, 2.559 -0.1603 1.3015, 2.559 -0.5853 1.3015, 2.559 -0.1003 1.2942, 2.559 -0.0964 1.2663, 2.559 -0.1003 1.2359, 2.559 -0.2544 1.1997, 2.559 -0.2535 1.1996, 2.559 -0.251 1.1991, 2.559 -0.5802 1.2501, 2.559 -0.5701 1.2329, 2.559 -0.5268 1.224, 2.559 -0.5548 1.2172, 2.559 -0.5362 1.2057, 2.559 -0.4952 1.2523, 2.559 -0.5126 1.2401, 2.559 -0.5874 1.2842, 2.559 -0.5864 1.271, 2.559 -0.4763 1.2595, 2.559 -0.4559 1.262, 2.559 -0.4456 1.2614, 2.559 -0.1512 1.1655, 2.559 -0.1773 1.1528, 2.559 -0.2057 1.1468, 2.559 -0.2808 1.1732, 2.559 -0.2806 1.1766, 2.559 -0.3705 1.1843, 2.559 -0.2789 1.1831, 2.559 -0.2756 1.1889, 2.559 -0.1667 1.2203, 2.559 -0.1573 1.2336, 2.559 -0.1514 1.2488, 2.559 -0.1493 1.2654, 2.559 -0.2561 1.1468, 2.559 -0.2609 1.1475, 2.559 -0.2665 1.1498, 2.559 -0.2721 1.1537, 2.559 -0.2741 1.1557, 2.559 -0.2778 1.1611, 2.559 -0.28 1.1669, 2.559 -0.371 1.1668, 2.559 -0.3705 1.1758, 2.559 -0.2492 1.1988, 2.559 -0.2108 1.1988, 2.559 -0.1954 1.2018, 2.559 -0.1804 1.2088, 2.559 -0.1677 1.2191, 2.559 -0.2413 1.3835, 2.559 -0.2605 1.4065, 2.559 -0.4568 1.3568, 2.559 -0.2626 1.4083, 2.559 -0.2866 1.425, 2.559 -0.4437 1.3839, 2.559 -0.4627 1.3601, 2.559 -0.4818 1.3671, 2.559 -0.1618 1.3042, 2.559 -0.1715 1.315, 2.559 -0.2159 1.3321, 2.559 -0.1848 1.3243, 2.559 -0.1997 1.33, 2.559 -0.2228 1.3321, 2.559 -0.228 1.356, 2.559 -0.5321 1.3641, 2.559 -0.5511 1.354, 2.559 -0.511 1.3692, 2.559 -0.5657 1.341, 2.559 -0.5775 1.324, 2.559 -0.4245 1.4067, 2.559 -0.3133 1.4352, 2.559 -0.4017 1.4234, 2.559 -0.3423 1.4388, 2.559 -0.3738 1.4347, 2.559 -0.502 1.3696, 2.559 -0.5848 1.3049, 2.559 0.3965 1.2535, 2.559 0.3992 1.1609, 2.559 0.4105 1.3015, 2.559 0.4105 1.1462, 2.559 0.3992 1.1472, 2.559 0.3726 1.1462, 2.559 0.3501 1.2535, 2.559 0.3501 1.215, 2.559 0.3726 1.2535, 2.559 0.3726 1.215, 2.559 0.393 1.215, 2.559 0.393 1.2013, 2.559 0.3726 1.1609, 2.559 0.3726 1.2013, 2.559 0.3501 1.1609, 2.559 0.3501 1.2013, 2.559 0.3726 1.1472, 2.559 0.3346 1.1472, 2.559 0.3265 1.1462, 2.559 0.3346 1.2673, 2.559 0.0836 1.1828, 2.559 0.0867 1.1877, 2.559 0.0893 1.2123, 2.559 0.1273 1.1517, 2.559 0.122 1.1482, 2.559 0.1348 1.1472, 2.559 0.1163 1.1462, 2.559 0.1499 1.1472, 2.559 0.0756 1.1462, 2.559 0.0835 1.1582, 2.559 0.0817 1.1633, 2.559 0.0912 1.1917, 2.559 0.0974 1.1951, 2.559 0.0994 1.2187, 2.559 0.1094 1.1981, 2.559 0.1226 1.2222, 2.559 0.1175 1.2227, 2.559 0.1088 1.2218, 2.559 0.1703 1.1657, 2.559 0.1499 1.2024, 2.559 0.1703 1.1502, 2.559 0.0934 1.1484, 2.559 0.0992 1.1462, 2.559 0.0994 1.1462, 2.559 0.1429 1.2259, 2.559 0.1461 1.2212, 2.559 0.1727 1.22, 2.559 0.1485 1.2147, 2.559 0.171 1.2152, 2.559 0.1348 1.1604, 2.559 0.1344 1.1604, 2.559 0.1321 1.1569, 2.559 0.0883 1.1519, 2.559 0.0866 1.1536, 2.559 0.081 1.1701, 2.559 0.0817 1.1773, 2.559 0.0756 1.3015, 2.559 0.0893 1.2269, 2.559 0.0941 1.2296, 2.559 0.1056 1.2335, 2.559 0.1189 1.2349, 2.559 0.1284 1.234, 2.559 0.1346 1.232, 2.559 0.1348 1.2017, 2.559 0.1343 1.2083, 2.559 0.1328 1.2137, 2.559 0.131 1.2168, 2.559 0.171 1.204, 2.559 0.1704 1.2098, 2.559 0.1287 1.2192, 2.559 0.1261 1.2209, 2.559 0.1772 1.1618, 2.559 0.1772 1.1936, 2.559 0.1752 1.1626, 2.559 0.1771 1.1937, 2.559 0.1746 1.1962, 2.559 0.1727 1.1994, 2.559 0.184 1.1462, 2.559 0.1772 1.0986, 2.559 0.1935 1.1451, 2.559 0.2321 1.0986, 2.559 0.2241 1.2311, 2.559 0.2241 1.2165, 2.559 0.2275 1.1645, 2.559 0.2256 1.1597, 2.559 0.2228 1.1557, 2.559 0.1755 1.2241, 2.559 0.1772 1.2256, 2.559 0.1772 1.3015, 2.559 0.18 1.2281, 2.559 0.1839 1.2305, 2.559 0.192 1.2335, 2.559 0.2038 1.2349, 2.559 0.2321 1.3015, 2.559 0.2131 1.2342, 2.559 0.2232 1.1847, 2.559 0.226 1.1805, 2.559 0.2276 1.1761, 2.559 0.2282 1.1705, 2.559 0.2185 1.152, 2.559 0.2143 1.1495, 2.559 0.2023 1.2227, 2.559 0.1978 1.2224, 2.559 0.1859 1.2112, 2.559 0.1938 1.2213, 2.559 0.1904 1.2195, 2.559 0.186 1.2091, 2.559 0.1866 1.2068, 2.559 0.1877 1.2048, 2.559 0.1892 1.2032, 2.559 0.1945 1.1999, 2.559 0.2131 1.2213, 2.559 0.2038 1.1958, 2.559 0.2216 1.218, 2.559 0.2096 1.1934, 2.559 0.2196 1.1879, 2.559 0.1882 1.2175, 2.559 0.1869 1.2156, 2.559 0.1861 1.2136, 2.559 0.1846 1.1588, 2.559 0.1931 1.1849, 2.559 0.1842 1.189, 2.559 0.195 1.1574, 2.559 0.1957 1.1574, 2.559 0.203 1.1807, 2.559 0.2034 1.1583, 2.559 0.2128 1.169, 2.559 0.2126 1.1709, 2.559 0.2073 1.1597, 2.559 0.2086 1.1605, 2.559 0.2104 1.1621, 2.559 0.2117 1.164, 2.559 0.2125 1.1662, 2.559 0.2119 1.1732, 2.559 0.2108 1.1752, 2.559 0.2089 1.1772, 2.559 0.4546 1.3706, 2.559 0.4105 1.3706, 2.559 0.4668 1.3377, 2.559 0.4382 1.4578, 2.559 0.484 1.3377, 2.559 1.2205 1.3015, 2.559 1.2205 1.4588, 2.559 0.4105 1.4588, 2.559 0.4217 1.4578, 2.559 0.4105 1.4286, 2.559 0.3759 1.3377, 2.559 0.3726 1.3015, 2.559 0.393 1.3377, 2.559 0.4046 1.3706, 2.559 0.3045 1.3377, 2.559 0.2715 1.3377, 2.559 0.2601 1.3015, 2.559 0.2601 1.4588, 2.559 0.2715 1.4578, 2.559 0.3057 1.4578, 2.559 0.3265 1.4588, 2.559 0.3081 1.4578, 2.559 0.3511 1.4419, 2.559 0.3568 1.4361, 2.559 0.3726 1.4588, 2.559 0.3687 1.3901, 2.559 0.3655 1.3763, 2.559 0.3593 1.364, 2.559 0.3262 1.4552, 2.559 0.3265 1.4551, 2.559 0.3405 1.4495, 2.559 0.3511 1.3545, 2.559 0.3384 1.3454, 2.559 0.3265 1.3015, 2.559 0.3265 1.3408, 2.559 0.3247 1.3401, 2.559 0.3639 1.4252, 2.559 0.3679 1.4132, 2.559 0.3692 1.3993, 2.559 0.2321 1.4588, 2.559 0.246 1.4578, 2.559 0.2321 1.4578, 2.559 0.1997 1.444, 2.559 0.1997 1.4056, 2.559 0.2321 1.444, 2.559 0.2321 1.4056, 2.559 0.246 1.444, 2.559 0.2426 1.4056, 2.559 0.2488 1.3514, 2.559 0.2426 1.3918, 2.559 0.2321 1.3514, 2.559 0.2321 1.3918, 2.559 0.1997 1.3514, 2.559 0.1997 1.3918, 2.559 0.2488 1.3377, 2.559 0.2321 1.3377, 2.559 0.1842 1.4578, 2.559 0.1772 1.4588, 2.559 0.1842 1.3377, 2.559 0.1601 1.4549, 2.559 0.1489 1.4583, 2.559 0.1438 1.4588, 2.559 0.1601 1.4387, 2.559 0.1188 1.3361, 2.559 0.1059 1.3389, 2.559 0.1574 1.4401, 2.559 0.1601 1.3575, 2.559 0.145 1.4444, 2.559 0.1359 1.3498, 2.559 0.1493 1.3525, 2.559 0.0865 1.3951, 2.559 0.0865 1.3964, 2.559 0.1581 1.3417, 2.559 0.1452 1.3374, 2.559 0.1601 1.3427, 2.559 0.1269 1.3357, 2.559 0.0947 1.3444, 2.559 0.0856 1.3521, 2.559 0.0845 1.3533, 2.559 0.1318 1.4458, 2.559 0.1275 1.4457, 2.559 0.117 1.4437, 2.559 0.097 1.4301, 2.559 0.0915 1.4214, 2.559 0.0879 1.4104, 2.559 0.0884 1.3804, 2.559 0.0922 1.3706, 2.559 0.0983 1.3621, 2.559 0.1088 1.3541, 2.559 0.1174 1.3509, 2.559 0.1291 1.3495, 2.559 0.1075 1.4394, 2.559 0.0991 1.4325, 2.559 0.1009 1.3596, 2.559 0.1395 1.2291, 2.559 0.1335 1.4598, 2.559 0.1772 2.2017, 2.559 0.1317 1.4598, 2.559 0.0756 2.2017, 2.559 0.1233 1.4588, 2.559 0.1019 1.4529, 2.559 0.1145 1.4578, 2.559 0.0756 1.4588, 2.559 0.0797 1.4322, 2.559 0.0876 1.4421, 2.559 0.0903 1.4447, 2.559 0.0774 1.3636, 2.559 0.0756 1.3682, 2.559 0.0684 1.3015, 2.559 0.0684 1.4588, 2.559 0.0737 1.4191, 2.559 0.0756 1.4233, 2.559 0.0725 1.3762, 2.559 0.0702 1.3955, 2.559 0.0706 1.4038, 2.559 0.1082 1.1451, 2.559 0.0756 1.0986, 2.559 0.1159 1.146, 2.559 0.3028 1.2329, 2.559 0.3184 1.2329, 2.559 0.3726 1.2673, 2.559 0.3965 1.2673, 2.559 0.2753 1.1685, 2.559 0.2771 1.1614, 2.559 0.2775 1.1614, 2.559 0.2601 1.2121, 2.559 0.2794 1.1684, 2.559 0.2782 1.1644, 2.559 0.2601 1.1717, 2.559 0.236 1.2329, 2.559 0.2529 1.2329, 2.559 0.2692 1.1462, 2.559 0.2697 1.1474, 2.559 0.2601 1.1263, 2.559 0.2601 1.1264, 2.559 0.2601 1.1462, 2.559 0.2631 1.1318, 2.559 0.2391 1.1214, 2.559 0.2391 1.108, 2.559 0.2422 1.1204, 2.559 0.2477 1.1197, 2.559 0.2513 1.1201, 2.559 0.2601 1.1094, 2.559 0.2549 1.1075, 2.559 0.2601 1.0986, 2.559 0.2488 1.1068, 2.559 0.2455 1.1069, 2.559 0.2546 1.1213, 2.559 0.2573 1.1232, 2.559 0.2794 1.1342, 2.559 0.2726 1.1209, 2.559 0.3265 1.0986, 2.559 0.2842 1.1462, 2.559 0.2671 1.1143, 2.559 0.2661 1.1134, 2.559 0.2609 1.1097, 2.559 -0.0472 2.9134, 2.559 0.0684 2.9134, 2.559 0.0684 2.2017, 2.559 0.0756 2.9134, 2.559 0.1772 2.9134, 2.559 0.2321 2.9134, 2.559 0.2321 2.2017, 2.559 0.2601 2.9134, 2.559 0.2601 2.2017, 2.559 0.3265 2.9134, 2.559 0.3265 2.2017, 2.559 0.3726 2.9134, 2.559 0.3726 2.2017, 2.559 0.4105 2.9134, 2.559 0.4105 2.2017, 2.559 1.2205 2.9134, 2.559 1.2205 2.2017, 2.559 0.0175 1.4578, 2.559 0.0175 1.3514, 2.559 0.0653 1.3514, 2.559 0.002 1.3377, 2.559 0.002 1.4578, 2.559 0.0653 1.3377, 2.559 0.6173 1.1472, 2.559 0.605 1.18, 2.559 0.555 1.18, 2.559 0.4751 1.1496, 2.559 0.4549 1.1472, 2.559 0.5263 1.1472, 2.559 0.5721 1.2673, 2.559 0.5886 1.2673, 2.559 0.5434 1.1472, 2.559 0.6344 1.1472, 2.559 1.2205 1.1462, 2.559 0.4219 1.1472, 2.559 0.4219 1.2673, 2.559 0.4561 1.2673, 2.559 0.5015 1.2514, 2.559 0.5072 1.2456, 2.559 0.5143 1.2346, 2.559 0.5183 1.2227, 2.559 0.5097 1.1735, 2.559 0.5015 1.164, 2.559 0.4888 1.1549, 2.559 0.4585 1.2672, 2.559 0.4767 1.2647, 2.559 0.4909 1.2589, 2.559 0.5197 1.2088, 2.559 0.5191 1.1996, 2.559 0.5159 1.1857, 2.559 0.0684 1.1462, 2.559 0.0638 1.2673, 2.559 0.0638 1.2535, 2.559 0.0175 1.2013, 2.559 0.0175 1.1609, 2.559 0.0604 1.2013, 2.559 0.0666 1.1609, 2.559 0.0604 1.215, 2.559 0.002 1.2673, 2.559 0.002 1.1472, 2.559 0.0175 1.2535, 2.559 0.0175 1.215, 2.559 0.0666 1.1472, 2.559 0.3726 1.0986, 2.559 0.4105 1.0986, 2.559 1.2205 1.0986, 2.559 0.0684 1.0986, 2.559 0.0684 0.5118, 2.559 0.0756 0.5118, 2.559 0.1772 0.5118, 2.559 0.2321 0.5118, 2.559 0.2601 0.5118, 2.559 0.3265 0.5118, 2.559 0.3726 0.5118, 2.559 0.4105 0.5118, 2.559 1.2205 0.5118, 2.559 -1.2205 1.4588, 2.559 -1.2205 1.3015, 2.559 -1.2205 1.1462, 2.559 -1.2205 1.0986, 2.559 -1.2205 0.5118, 1.9882 0.3694 0.5118, 1.7126 0.3694 0.5118, 1.9882 -0.3983 0.5118, 1.7126 -0.3983 0.5118, -1.7126 0.3694 0.5118, -2.5591 1.2205 0.5118, -1.9882 0.3694 0.5118, -2.5591 -1.2205 0.5118, -1.9882 -0.3983 0.5118, -1.7126 -0.3983 0.5118, 0.1378 -0.3983 0.5118, -0.1378 -0.3983 0.5118, -0.1378 0.3694 0.5118, 0.1378 0.3694 0.5118, -2.5591 1.2205 2.9134, -1.9924 1.2205 2.05, -1.9924 1.2205 1.3018, -0.9604 1.2205 1.3018, -0.9604 1.2205 2.05, -0.0 1.2205 1.7543, -0.0752 1.2205 1.7444, -0.2517 1.2205 1.609, -0.2807 1.2205 1.5389, 0.9604 1.2205 2.05, 1.9923 1.2205 2.05, -0.1453 1.2205 1.7154, -0.2055 1.2205 1.6692, 0.2055 1.2205 1.6692, 0.1453 1.2205 1.7154, 1.9923 1.2205 1.3018, 0.9604 1.2205 1.3018, 0.2517 1.2205 1.609, -0.2906 1.2205 1.4637, -0.2906 1.2205 1.2402, 0.2906 1.2205 1.2402, 0.2906 1.2205 1.4637, 0.2807 1.2205 1.5389, 0.0752 1.2205 1.7444, 0.3346 0.7874 2.9134, 0.3346 -0.748 2.9134, -2.5591 -1.2205 2.9134, -1.2008 -0.748 2.9134, -1.2008 0.7874 2.9134, 0.2906 -1.2205 1.2402, -0.2906 -1.2205 1.2402, 0.1453 -1.2205 1.7154, 0.9604 -1.2205 1.3018, 0.9604 -1.2205 2.05, 0.2055 -1.2205 1.6692, 0.2517 -1.2205 1.609, 0.2807 -1.2205 1.5389, -1.9924 -1.2205 2.05, -1.9924 -1.2205 1.3018, -0.9604 -1.2205 1.3018, 0.2906 -1.2205 1.4637, 1.9923 -1.2205 1.3018, 1.9923 -1.2205 2.05, -0.9604 -1.2205 2.05, -0.2906 -1.2205 1.4637, -0.2807 -1.2205 1.5389, -0.2517 -1.2205 1.609, -0.2055 -1.2205 1.6692, -0.1453 -1.2205 1.7154, -0.0752 -1.2205 1.7444, -0.0 -1.2205 1.7543, 0.0752 -1.2205 1.7444, -1.2008 -0.748 4.6053, -1.2008 0.7874 4.6053, 0.3346 0.7874 4.6053, 0.3346 -0.748 4.6053, -0.9002 0.7874 4.6933, -0.7437 0.7874 4.8965, -0.5896 0.7874 4.7968, 0.1894 0.7874 4.7939, 0.034 0.7874 4.6933, -1.0556 0.7874 4.7939, -0.1225 0.7874 4.8965, -0.2766 0.7874 4.7968, -0.4331 0.7874 5.0, 0.034 -0.748 4.6933, -0.1225 -0.748 4.8965, -0.2766 -0.748 4.7968, -1.0556 -0.748 4.7939, -0.9002 -0.748 4.6933, 0.1894 -0.748 4.7939, -0.7437 -0.748 4.8965, -0.5896 -0.748 4.7968, -0.4331 -0.748 5.0, -1.9924 1.3386 1.3018, -1.9924 1.3386 1.3801, -0.9604 1.3386 1.3801, -0.9604 1.3386 1.3018, 1.9923 1.3386 1.3801, 1.9923 1.3386 1.3018, 0.9604 1.3386 1.3018, 0.9604 1.3386 1.3801, -0.2906 1.3386 1.4637, -0.2906 1.3386 1.2402, -0.2807 1.3386 1.5389, -0.2517 1.3386 1.609, -0.2055 1.3386 1.6692, -0.1453 1.3386 1.7154, -0.0752 1.3386 1.7444, -0.0 1.3386 1.7543, 0.0752 1.3386 1.7444, 0.1453 1.3386 1.7154, 0.2055 1.3386 1.6692, 0.2517 1.3386 1.609, 0.2807 1.3386 1.5389, 0.2906 1.3386 1.4637, 0.2906 1.3386 1.2402, -0.9604 -1.3386 1.3018, -1.9924 -1.3386 1.3018, -0.9604 -1.3386 1.3801, -1.9924 -1.3386 1.3801, 0.9604 -1.3386 1.3801, 0.9604 -1.3386 1.3018, 1.9923 -1.3386 1.3018, 1.9923 -1.3386 1.3801, 0.2906 -1.3386 1.2402, -0.2906 -1.3386 1.2402, 0.2906 -1.3386 1.4637, 0.2807 -1.3386 1.5389, 0.2517 -1.3386 1.609, 0.2055 -1.3386 1.6692, 0.1453 -1.3386 1.7154, 0.0752 -1.3386 1.7444, -0.0 -1.3386 1.7543, -0.0752 -1.3386 1.7444, -0.1453 -1.3386 1.7154, -0.2055 -1.3386 1.6692, -0.2517 -1.3386 1.609, -0.2807 -1.3386 1.5389, -0.2906 -1.3386 1.4637
            ]
        }
        coordIndex [
            0,1,2,-1,3,4,5,-1,6,7,8,-1,9,10,11,-1,11,10,12,-1,11,12,13,-1,14,15,16,-1,16,15,11,-1,16,11,17,-1,17,11,18,-1,13,19,11,-1,11,19,20,-1,11,20,18,-1,21,22,23,-1,23,22,24,-1,24,22,25,-1,24,25,26,-1,21,23,27,-1,27,23,28,-1,27,28,29,-1,28,30,31,-1,28,32,29,-1,29,32,33,-1,29,33,34,-1,34,33,35,-1,34,35,36,-1,31,37,28,-1,28,37,38,-1,28,38,32,-1,39,40,41,-1,39,41,42,-1,40,43,41,-1,41,43,44,-1,41,44,45,-1,45,44,46,-1,46,47,45,-1,45,47,48,-1,45,48,28,-1,28,48,49,-1,28,49,30,-1,50,42,51,-1,51,42,41,-1,51,41,52,-1,52,41,53,-1,52,53,54,-1,54,53,55,-1,56,57,53,-1,53,57,58,-1,53,58,55,-1,59,60,61,-1,61,60,62,-1,61,62,56,-1,56,62,63,-1,56,63,57,-1,64,65,66,-1,65,67,66,-1,66,67,68,-1,66,68,69,-1,70,71,72,-1,73,74,75,-1,75,74,76,-1,70,72,77,-1,78,79,80,-1,81,82,74,-1,74,82,83,-1,74,83,84,-1,14,85,15,-1,15,85,86,-1,15,86,80,-1,80,86,87,-1,80,87,78,-1,71,88,72,-1,72,88,89,-1,72,89,90,-1,91,92,93,-1,93,92,94,-1,93,94,95,-1,96,84,97,-1,97,84,98,-1,97,98,93,-1,93,98,99,-1,93,99,91,-1,96,100,84,-1,84,100,101,-1,84,101,74,-1,74,101,102,-1,74,102,76,-1,79,103,80,-1,80,103,104,-1,80,104,105,-1,106,107,108,-1,108,107,109,-1,108,109,72,-1,72,109,110,-1,72,110,77,-1,111,112,72,-1,72,112,113,-1,72,113,74,-1,74,113,114,-1,74,114,81,-1,115,116,64,-1,116,117,64,-1,64,117,118,-1,64,118,119,-1,119,120,64,-1,64,120,121,-1,64,121,122,-1,122,121,106,-1,122,106,123,-1,123,106,108,-1,90,124,72,-1,72,124,125,-1,72,125,126,-1,126,127,72,-1,72,127,128,-1,72,128,111,-1,129,130,131,-1,130,132,131,-1,131,132,133,-1,131,133,134,-1,83,131,84,-1,84,131,135,-1,84,135,136,-1,137,138,139,-1,139,138,140,-1,139,140,141,-1,137,139,83,-1,83,139,142,-1,83,142,131,-1,131,142,143,-1,131,143,129,-1,144,145,146,-1,146,145,147,-1,146,147,148,-1,134,133,149,-1,149,133,150,-1,149,150,151,-1,151,150,152,-1,151,152,153,-1,136,154,84,-1,84,154,146,-1,84,146,155,-1,155,146,148,-1,156,157,158,-1,158,157,159,-1,159,157,160,-1,159,160,161,-1,162,163,164,-1,164,163,165,-1,164,165,156,-1,156,165,166,-1,156,166,157,-1,157,166,167,-1,157,167,168,-1,168,167,169,-1,168,169,170,-1,170,169,171,-1,160,172,161,-1,161,172,173,-1,161,173,174,-1,174,173,175,-1,176,177,178,-1,179,180,181,-1,181,180,182,-1,181,182,183,-1,184,185,186,-1,177,187,178,-1,178,187,188,-1,178,188,189,-1,189,188,190,-1,191,192,190,-1,190,192,193,-1,190,193,189,-1,194,195,196,-1,196,195,183,-1,197,184,198,-1,198,184,199,-1,200,201,202,-1,202,201,203,-1,202,203,204,-1,205,206,181,-1,181,206,207,-1,181,207,179,-1,197,208,184,-1,184,208,209,-1,184,209,185,-1,210,211,212,-1,176,178,211,-1,211,178,213,-1,211,213,212,-1,212,213,214,-1,212,214,215,-1,215,216,212,-1,212,216,217,-1,212,217,218,-1,219,220,190,-1,190,220,221,-1,190,221,222,-1,195,223,203,-1,203,223,224,-1,203,224,204,-1,222,225,190,-1,190,225,226,-1,190,226,191,-1,227,228,229,-1,229,228,230,-1,229,230,194,-1,194,230,231,-1,194,231,195,-1,195,231,232,-1,195,232,223,-1,6,8,233,-1,233,8,234,-1,233,234,235,-1,235,234,4,-1,4,234,236,-1,4,236,5,-1,237,238,5,-1,239,240,5,-1,5,240,241,-1,242,243,244,-1,244,243,245,-1,244,245,246,-1,246,247,244,-1,244,247,248,-1,244,248,249,-1,249,248,250,-1,249,250,237,-1,251,252,238,-1,238,252,253,-1,238,253,5,-1,5,253,254,-1,5,254,239,-1,241,255,5,-1,5,255,256,-1,5,256,3,-1,257,258,259,-1,259,258,260,-1,259,260,261,-1,259,262,257,-1,257,262,263,-1,257,263,264,-1,264,265,257,-1,257,265,266,-1,257,266,267,-1,267,266,268,-1,267,268,269,-1,269,268,270,-1,269,270,238,-1,238,270,271,-1,238,271,251,-1,272,273,261,-1,261,273,274,-1,261,274,259,-1,275,276,227,-1,227,276,277,-1,227,277,228,-1,275,278,276,-1,276,278,279,-1,276,279,280,-1,280,279,281,-1,280,282,283,-1,281,284,280,-1,280,284,285,-1,280,285,286,-1,286,287,280,-1,280,287,288,-1,280,288,282,-1,283,289,280,-1,280,289,290,-1,280,290,291,-1,292,293,294,-1,294,293,158,-1,295,296,297,-1,297,298,295,-1,295,298,299,-1,295,299,300,-1,300,299,301,-1,302,303,304,-1,304,303,158,-1,304,158,305,-1,305,158,293,-1,306,307,308,-1,308,307,309,-1,307,310,309,-1,309,310,311,-1,309,311,312,-1,312,311,313,-1,314,315,316,-1,317,318,303,-1,303,318,319,-1,313,320,312,-1,312,320,321,-1,312,321,316,-1,316,321,322,-1,316,322,314,-1,319,323,303,-1,303,323,324,-1,303,324,325,-1,325,324,326,-1,325,326,327,-1,315,328,316,-1,316,328,329,-1,316,329,330,-1,301,299,302,-1,302,299,316,-1,302,316,303,-1,303,316,330,-1,303,330,317,-1,309,331,332,-1,332,331,333,-1,334,335,336,-1,336,335,337,-1,336,337,338,-1,338,337,339,-1,338,339,340,-1,340,339,341,-1,340,341,342,-1,342,341,343,-1,342,343,344,-1,344,343,345,-1,332,338,309,-1,309,338,340,-1,309,340,308,-1,308,340,346,-1,308,346,249,-1,249,346,347,-1,249,347,244,-1,333,331,348,-1,348,331,349,-1,348,349,350,-1,351,349,352,-1,352,349,353,-1,347,350,244,-1,244,350,349,-1,244,349,354,-1,354,349,351,-1,355,356,212,-1,354,357,358,-1,358,357,359,-1,360,361,362,-1,362,361,358,-1,362,358,363,-1,364,365,244,-1,354,358,244,-1,244,358,366,-1,244,366,364,-1,355,212,367,-1,356,368,212,-1,212,368,369,-1,212,369,370,-1,359,371,358,-1,358,371,372,-1,358,372,373,-1,374,375,358,-1,358,375,376,-1,358,376,363,-1,377,378,379,-1,380,381,362,-1,362,381,382,-1,362,382,360,-1,373,383,358,-1,358,383,384,-1,358,384,374,-1,377,379,362,-1,362,379,385,-1,362,385,380,-1,365,367,244,-1,244,367,212,-1,244,212,242,-1,242,212,218,-1,242,218,202,-1,202,218,386,-1,202,386,200,-1,387,388,389,-1,389,388,390,-1,389,390,391,-1,392,393,394,-1,395,396,394,-1,394,396,397,-1,394,397,392,-1,370,398,212,-1,212,398,399,-1,212,399,400,-1,401,402,394,-1,394,402,403,-1,394,403,395,-1,399,404,400,-1,400,404,405,-1,400,405,401,-1,401,405,406,-1,401,406,402,-1,407,408,409,-1,409,408,234,-1,409,234,182,-1,182,234,8,-1,182,8,183,-1,183,8,7,-1,183,7,196,-1,410,411,325,-1,411,174,325,-1,325,174,175,-1,325,175,303,-1,303,175,412,-1,303,412,158,-1,158,412,413,-1,158,413,156,-1,414,415,416,-1,327,306,325,-1,325,306,308,-1,325,308,410,-1,410,308,417,-1,410,417,418,-1,418,417,414,-1,418,414,419,-1,419,414,416,-1,420,421,5,-1,237,5,249,-1,249,5,421,-1,249,421,308,-1,308,421,422,-1,308,422,417,-1,423,424,420,-1,425,426,427,-1,427,426,428,-1,427,428,423,-1,423,420,427,-1,427,420,5,-1,427,5,429,-1,429,5,236,-1,429,236,430,-1,429,431,427,-1,427,431,432,-1,427,432,433,-1,434,435,436,-1,436,435,437,-1,436,437,236,-1,236,437,438,-1,236,438,430,-1,433,439,427,-1,427,439,440,-1,427,440,425,-1,441,442,443,-1,441,443,444,-1,442,445,443,-1,443,445,446,-1,443,446,436,-1,436,446,447,-1,436,447,434,-1,0,23,448,-1,448,23,24,-1,448,24,449,-1,449,24,450,-1,449,450,451,-1,451,450,390,-1,451,390,452,-1,452,390,388,-1,452,388,453,-1,453,388,454,-1,453,454,455,-1,455,454,456,-1,455,456,457,-1,457,456,458,-1,457,458,459,-1,459,458,460,-1,459,460,461,-1,461,460,462,-1,461,462,463,-1,463,462,464,-1,387,353,388,-1,388,353,349,-1,388,349,454,-1,454,349,331,-1,454,331,456,-1,456,331,309,-1,456,309,458,-1,458,309,312,-1,458,312,460,-1,460,312,316,-1,460,316,462,-1,462,316,299,-1,462,299,464,-1,464,299,298,-1,26,9,24,-1,24,9,11,-1,24,11,450,-1,450,11,401,-1,450,401,390,-1,390,401,394,-1,390,394,391,-1,391,394,393,-1,465,466,467,-1,468,469,11,-1,11,469,465,-1,11,465,401,-1,401,465,467,-1,401,467,400,-1,400,467,470,-1,400,470,15,-1,15,470,468,-1,15,468,11,-1,471,472,473,-1,474,475,476,-1,158,477,478,-1,479,476,159,-1,473,479,471,-1,471,479,159,-1,471,159,480,-1,480,159,481,-1,480,481,478,-1,478,481,297,-1,478,297,158,-1,158,297,296,-1,158,296,294,-1,476,475,159,-1,159,475,482,-1,159,482,158,-1,158,482,483,-1,158,483,484,-1,485,486,477,-1,477,486,487,-1,477,487,488,-1,489,490,476,-1,476,490,491,-1,476,491,474,-1,484,492,158,-1,158,492,493,-1,158,493,477,-1,477,493,494,-1,477,494,485,-1,488,495,477,-1,477,495,496,-1,477,496,476,-1,476,496,497,-1,476,497,489,-1,400,498,212,-1,212,498,184,-1,212,184,210,-1,210,184,186,-1,400,499,500,-1,501,502,503,-1,503,502,504,-1,503,504,505,-1,499,400,506,-1,506,400,15,-1,506,15,507,-1,507,15,80,-1,507,80,498,-1,508,509,500,-1,500,509,505,-1,500,505,400,-1,400,505,504,-1,400,504,498,-1,498,504,510,-1,498,510,507,-1,411,444,174,-1,174,444,443,-1,174,443,161,-1,161,443,511,-1,161,511,159,-1,159,511,512,-1,159,512,481,-1,481,512,513,-1,407,199,408,-1,408,199,184,-1,408,184,514,-1,514,184,498,-1,514,498,66,-1,66,498,80,-1,66,80,64,-1,64,80,105,-1,64,105,115,-1,69,59,66,-1,66,59,61,-1,66,61,514,-1,514,61,515,-1,514,515,408,-1,408,515,516,-1,408,516,234,-1,234,516,517,-1,234,517,236,-1,236,517,518,-1,236,518,436,-1,436,518,519,-1,436,519,443,-1,443,519,520,-1,443,520,511,-1,511,520,521,-1,511,521,512,-1,512,521,522,-1,512,522,513,-1,513,522,523,-1,0,2,23,-1,23,2,524,-1,23,524,28,-1,28,524,525,-1,28,525,45,-1,45,525,526,-1,45,526,41,-1,41,526,527,-1,41,527,53,-1,53,527,528,-1,53,528,56,-1,523,529,530,-1,529,523,531,-1,531,523,528,-1,531,528,532,-1,523,533,534,-1,534,533,535,-1,534,535,536,-1,536,535,537,-1,536,537,538,-1,539,536,540,-1,540,536,538,-1,540,538,541,-1,538,533,541,-1,541,533,523,-1,541,523,542,-1,542,523,530,-1,542,530,539,-1,539,530,532,-1,539,532,536,-1,536,532,528,-1,534,543,544,-1,544,545,534,-1,534,545,546,-1,534,546,523,-1,547,548,549,-1,547,550,551,-1,547,551,546,-1,543,463,552,-1,552,463,553,-1,549,554,547,-1,547,554,555,-1,547,555,550,-1,556,557,552,-1,553,463,558,-1,558,463,523,-1,558,523,559,-1,556,552,560,-1,551,561,546,-1,546,561,562,-1,546,562,523,-1,523,562,563,-1,523,563,559,-1,559,563,564,-1,559,564,552,-1,552,564,565,-1,552,565,560,-1,557,566,552,-1,552,566,548,-1,552,548,543,-1,543,548,547,-1,543,547,544,-1,567,463,543,-1,463,567,1,-1,1,567,568,-1,1,568,569,-1,569,568,570,-1,569,570,543,-1,543,570,571,-1,543,571,567,-1,528,572,573,-1,574,575,576,-1,574,577,575,-1,575,577,578,-1,575,578,579,-1,580,569,581,-1,581,569,536,-1,581,536,582,-1,579,583,575,-1,575,583,572,-1,575,572,584,-1,584,572,528,-1,584,528,585,-1,585,528,1,-1,585,1,576,-1,576,1,569,-1,576,569,586,-1,586,569,580,-1,536,528,582,-1,582,528,573,-1,582,573,586,-1,586,573,587,-1,586,587,588,-1,588,589,586,-1,586,589,590,-1,586,590,591,-1,591,592,586,-1,586,592,593,-1,586,593,576,-1,576,593,594,-1,576,594,574,-1,534,536,543,-1,543,536,569,-1,570,595,571,-1,571,595,596,-1,567,597,568,-1,568,597,598,-1,599,600,601,-1,602,597,603,-1,603,597,567,-1,596,604,571,-1,571,604,599,-1,571,599,567,-1,567,599,601,-1,605,603,606,-1,606,603,567,-1,606,567,607,-1,607,567,601,-1,608,609,610,-1,611,595,612,-1,612,595,570,-1,598,613,568,-1,568,613,608,-1,568,608,570,-1,570,608,610,-1,614,612,615,-1,615,612,570,-1,615,570,616,-1,616,570,610,-1,604,596,611,-1,611,596,595,-1,599,604,612,-1,612,604,611,-1,600,599,614,-1,614,599,612,-1,601,600,615,-1,615,600,614,-1,607,601,616,-1,616,601,615,-1,606,607,610,-1,610,607,616,-1,605,606,609,-1,609,606,610,-1,603,605,608,-1,608,605,609,-1,602,603,613,-1,613,603,608,-1,597,602,598,-1,598,602,613,-1,617,545,618,-1,618,545,544,-1,547,546,619,-1,619,546,620,-1,617,620,545,-1,545,620,546,-1,619,620,618,-1,618,620,617,-1,553,558,621,-1,621,558,622,-1,623,622,559,-1,559,622,558,-1,623,559,624,-1,624,559,552,-1,621,622,624,-1,624,622,623,-1,625,626,561,-1,561,626,562,-1,625,561,551,-1,625,551,627,-1,627,551,550,-1,627,550,628,-1,628,550,555,-1,628,555,629,-1,629,555,554,-1,629,554,630,-1,630,554,549,-1,630,549,631,-1,631,549,548,-1,631,548,632,-1,632,548,566,-1,632,566,633,-1,633,566,557,-1,633,557,634,-1,634,557,556,-1,634,556,635,-1,635,556,560,-1,635,560,636,-1,636,560,565,-1,636,565,637,-1,637,565,564,-1,637,564,638,-1,639,638,563,-1,563,638,564,-1,626,639,562,-1,562,639,563,-1,639,626,638,-1,638,626,625,-1,629,630,638,-1,638,630,631,-1,638,631,637,-1,625,627,638,-1,638,627,628,-1,638,628,629,-1,633,634,632,-1,632,634,635,-1,632,635,631,-1,631,635,636,-1,631,636,637,-1,640,641,582,-1,582,641,581,-1,640,582,642,-1,642,582,586,-1,580,581,643,-1,643,581,641,-1,643,641,642,-1,642,641,640,-1,576,575,644,-1,644,575,645,-1,646,645,584,-1,584,645,575,-1,646,584,647,-1,647,584,585,-1,644,645,647,-1,647,645,646,-1,648,649,572,-1,572,649,573,-1,650,648,583,-1,583,648,572,-1,650,583,579,-1,650,579,651,-1,651,579,578,-1,651,578,652,-1,652,578,577,-1,652,577,653,-1,653,577,574,-1,653,574,654,-1,654,574,594,-1,654,594,655,-1,655,594,593,-1,655,593,656,-1,656,593,592,-1,656,592,657,-1,657,592,591,-1,657,591,658,-1,658,591,590,-1,658,590,659,-1,659,590,589,-1,659,589,660,-1,660,589,588,-1,660,588,661,-1,661,588,587,-1,661,587,662,-1,649,662,573,-1,573,662,587,-1,649,648,662,-1,662,648,650,-1,653,654,662,-1,662,654,655,-1,662,655,661,-1,650,651,662,-1,662,651,652,-1,662,652,653,-1,657,658,656,-1,656,658,659,-1,656,659,655,-1,655,659,660,-1,655,660,661,-1,547,619,544,-1,544,619,618,-1,553,621,552,-1,552,621,624,-1,647,585,644,-1,644,585,576,-1,642,586,643,-1,643,586,580,-1,
        ]
    }
}
Shape{
    appearance Appearance {
        material  Material 	{
            diffuseColor 0.8509803921568627 0.8509803921568627 0.8509803921568627
            specularColor 0.4235294117647059 0.4235294117647059 0.4235294117647059
            ambientIntensity 0.851
            transparency 0.0
            shininess 0.5
        }
    }
    geometry IndexedFaceSet {
        ccw TRUE
        solid FALSE
        coord DEF co Coordinate {
            point [
                1.9882 -0.3983 0.1181, 1.9882 -0.3983 0.5118, 1.7126 -0.3983 0.1181, 1.7126 -0.3983 0.5118, 1.9882 -0.2703 -0.0098, 1.7126 -0.2703 -0.0098, 1.9882 -0.2703 -1.9488, 1.7126 -0.2703 -1.9488, 1.7126 -0.2616 -2.015, 1.9882 -0.2616 -2.015, 1.7126 -0.236 -2.0768, 1.9882 -0.236 -2.0768, 1.7126 -0.1954 -2.1298, 1.9882 -0.1954 -2.1298, 1.7126 -0.1424 -2.1704, 1.9882 -0.1424 -2.1704, 1.7126 -0.0807 -2.196, 1.9882 -0.0807 -2.196, 1.7126 -0.0144 -2.2047, 1.9882 -0.0144 -2.2047, 1.7126 0.0518 -2.196, 1.9882 0.0518 -2.196, 1.7126 0.1135 -2.1704, 1.9882 0.1135 -2.1704, 1.7126 0.1665 -2.1298, 1.9882 0.1665 -2.1298, 1.7126 0.2072 -2.0768, 1.9882 0.2072 -2.0768, 1.7126 0.2328 -2.015, 1.9882 0.2328 -2.015, 1.7126 0.2415 -1.9488, 1.9882 0.2415 -1.9488, 1.9882 0.2415 -0.0098, 1.7126 0.2415 -0.0098, 1.9882 0.3694 0.1181, 1.7126 0.3694 0.1181, 1.9882 0.3694 0.5118, 1.7126 0.3694 0.5118, 0.1378 -0.3983 0.1181, 0.1378 -0.3983 0.5118, -0.1378 -0.3983 0.1181, -0.1378 -0.3983 0.5118, 0.1378 -0.2703 -0.0098, -0.1378 -0.2703 -0.0098, 0.1378 -0.2703 -1.9488, -0.1378 -0.2703 -1.9488, -0.1378 -0.2616 -2.015, 0.1378 -0.2616 -2.015, -0.1378 -0.236 -2.0768, 0.1378 -0.236 -2.0768, -0.1378 -0.1954 -2.1298, 0.1378 -0.1954 -2.1298, -0.1378 -0.1424 -2.1704, 0.1378 -0.1424 -2.1704, -0.1378 -0.0807 -2.196, 0.1378 -0.0807 -2.196, -0.1378 -0.0144 -2.2047, 0.1378 -0.0144 -2.2047, -0.1378 0.0518 -2.196, 0.1378 0.0518 -2.196, -0.1378 0.1135 -2.1704, 0.1378 0.1135 -2.1704, -0.1378 0.1665 -2.1298, 0.1378 0.1665 -2.1298, -0.1378 0.2072 -2.0768, 0.1378 0.2072 -2.0768, -0.1378 0.2328 -2.015, 0.1378 0.2328 -2.015, -0.1378 0.2415 -1.9488, 0.1378 0.2415 -1.9488, 0.1378 0.2415 -0.0098, -0.1378 0.2415 -0.0098, 0.1378 0.3694 0.1181, -0.1378 0.3694 0.1181, 0.1378 0.3694 0.5118, -0.1378 0.3694 0.5118, -1.7126 -0.3983 0.1181, -1.7126 -0.3983 0.5118, -1.9882 -0.3983 0.1181, -1.9882 -0.3983 0.5118, -1.7126 -0.2703 -0.0098, -1.9882 -0.2703 -0.0098, -1.7126 -0.2703 -1.9488, -1.9882 -0.2703 -1.9488, -1.9882 -0.2616 -2.015, -1.7126 -0.2616 -2.015, -1.9882 -0.236 -2.0768, -1.7126 -0.236 -2.0768, -1.9882 -0.1954 -2.1298, -1.7126 -0.1954 -2.1298, -1.9882 -0.1424 -2.1704, -1.7126 -0.1424 -2.1704, -1.9882 -0.0807 -2.196, -1.7126 -0.0807 -2.196, -1.9882 -0.0144 -2.2047, -1.7126 -0.0144 -2.2047, -1.9882 0.0518 -2.196, -1.7126 0.0518 -2.196, -1.9882 0.1135 -2.1704, -1.7126 0.1135 -2.1704, -1.9882 0.1665 -2.1298, -1.7126 0.1665 -2.1298, -1.9882 0.2072 -2.0768, -1.7126 0.2072 -2.0768, -1.9882 0.2328 -2.015, -1.7126 0.2328 -2.015, -1.9882 0.2415 -1.9488, -1.7126 0.2415 -1.9488, -1.7126 0.2415 -0.0098, -1.9882 0.2415 -0.0098, -1.7126 0.3694 0.1181, -1.9882 0.3694 0.1181, -1.7126 0.3694 0.5118, -1.9882 0.3694 0.5118
            ]
        }
        coordIndex [
            0,1,2,-1,2,1,3,-1,4,0,5,-1,5,0,2,-1,6,4,7,-1,7,4,5,-1,6,7,8,-1,6,8,9,-1,9,8,10,-1,9,10,11,-1,11,10,12,-1,11,12,13,-1,13,12,14,-1,13,14,15,-1,15,14,16,-1,15,16,17,-1,17,16,18,-1,17,18,19,-1,19,18,20,-1,19,20,21,-1,21,20,22,-1,21,22,23,-1,23,22,24,-1,23,24,25,-1,25,24,26,-1,25,26,27,-1,27,26,28,-1,27,28,29,-1,29,28,30,-1,29,30,31,-1,32,31,33,-1,33,31,30,-1,34,32,35,-1,35,32,33,-1,36,34,37,-1,37,34,35,-1,32,34,4,-1,4,34,0,-1,0,34,36,-1,0,36,1,-1,32,4,31,-1,31,4,6,-1,31,6,9,-1,31,21,23,-1,9,11,31,-1,31,11,13,-1,31,13,15,-1,15,17,31,-1,31,17,19,-1,31,19,21,-1,25,27,23,-1,23,27,29,-1,23,29,31,-1,2,3,37,-1,2,37,5,-1,37,35,5,-1,5,35,33,-1,5,33,7,-1,7,33,30,-1,26,24,22,-1,30,20,18,-1,18,16,30,-1,30,16,14,-1,30,14,12,-1,12,10,30,-1,30,10,8,-1,30,8,7,-1,20,30,22,-1,22,30,28,-1,22,28,26,-1,38,39,40,-1,40,39,41,-1,42,38,43,-1,43,38,40,-1,44,42,45,-1,45,42,43,-1,44,45,46,-1,44,46,47,-1,47,46,48,-1,47,48,49,-1,49,48,50,-1,49,50,51,-1,51,50,52,-1,51,52,53,-1,53,52,54,-1,53,54,55,-1,55,54,56,-1,55,56,57,-1,57,56,58,-1,57,58,59,-1,59,58,60,-1,59,60,61,-1,61,60,62,-1,61,62,63,-1,63,62,64,-1,63,64,65,-1,65,64,66,-1,65,66,67,-1,67,66,68,-1,67,68,69,-1,70,69,71,-1,71,69,68,-1,72,70,73,-1,73,70,71,-1,74,72,75,-1,75,72,73,-1,70,72,42,-1,42,72,38,-1,38,72,74,-1,38,74,39,-1,70,42,69,-1,69,42,44,-1,69,44,47,-1,69,59,61,-1,47,49,69,-1,69,49,51,-1,69,51,53,-1,53,55,69,-1,69,55,57,-1,69,57,59,-1,63,65,61,-1,61,65,67,-1,61,67,69,-1,40,41,75,-1,40,75,43,-1,75,73,43,-1,43,73,71,-1,43,71,45,-1,45,71,68,-1,64,62,60,-1,68,58,56,-1,56,54,68,-1,68,54,52,-1,68,52,50,-1,50,48,68,-1,68,48,46,-1,68,46,45,-1,58,68,60,-1,60,68,66,-1,60,66,64,-1,76,77,78,-1,78,77,79,-1,80,76,81,-1,81,76,78,-1,82,80,83,-1,83,80,81,-1,82,83,84,-1,82,84,85,-1,85,84,86,-1,85,86,87,-1,87,86,88,-1,87,88,89,-1,89,88,90,-1,89,90,91,-1,91,90,92,-1,91,92,93,-1,93,92,94,-1,93,94,95,-1,95,94,96,-1,95,96,97,-1,97,96,98,-1,97,98,99,-1,99,98,100,-1,99,100,101,-1,101,100,102,-1,101,102,103,-1,103,102,104,-1,103,104,105,-1,105,104,106,-1,105,106,107,-1,108,107,109,-1,109,107,106,-1,110,108,111,-1,111,108,109,-1,112,110,113,-1,113,110,111,-1,108,110,80,-1,80,110,76,-1,76,110,112,-1,76,112,77,-1,108,80,107,-1,107,80,82,-1,107,82,85,-1,107,97,99,-1,85,87,107,-1,107,87,89,-1,107,89,91,-1,91,93,107,-1,107,93,95,-1,107,95,97,-1,101,103,99,-1,99,103,105,-1,99,105,107,-1,78,79,113,-1,78,113,81,-1,113,111,81,-1,81,111,109,-1,81,109,83,-1,83,109,106,-1,102,100,98,-1,106,96,94,-1,94,92,106,-1,106,92,90,-1,106,90,88,-1,88,86,106,-1,106,86,84,-1,106,84,83,-1,96,106,98,-1,98,106,104,-1,98,104,102,-1,
        ]
    }
}
Shape{
    appearance Appearance {
        material  Material 	{
            diffuseColor 1.0 1.0 1.0
            specularColor 0.5019607843137255 0.5019607843137255 0.5019607843137255
            ambientIntensity 1.0
            transparency 0.0
            shininess 0.5
        }
    }
    geometry IndexedFaceSet {
        ccw TRUE
        solid FALSE
        coord DEF co Coordinate {
            point [
                2.5591 0.0653 1.3514, 2.5591 0.0653 1.3377, 2.559 0.0653 1.3514, 2.559 0.0653 1.3377, 2.5591 0.0175 1.3514, 2.559 0.0175 1.3514, 2.5591 0.0175 1.4578, 2.559 0.0175 1.4578, 2.5591 0.002 1.4578, 2.559 0.002 1.4578, 2.5591 0.002 1.3377, 2.559 0.002 1.3377, 2.5591 0.1269 1.3357, 2.559 0.1269 1.3357, 2.559 0.1452 1.3374, 2.5591 0.1452 1.3374, 2.559 0.1581 1.3417, 2.5591 0.1581 1.3417, 2.559 0.1601 1.3427, 2.5591 0.1601 1.3427, 2.5591 0.1601 1.3575, 2.559 0.1601 1.3575, 2.559 0.1493 1.3525, 2.5591 0.1493 1.3525, 2.559 0.1359 1.3498, 2.5591 0.1359 1.3498, 2.559 0.1291 1.3495, 2.5591 0.1291 1.3495, 2.559 0.1174 1.3509, 2.5591 0.1174 1.3509, 2.559 0.1088 1.3541, 2.5591 0.1088 1.3541, 2.559 0.1009 1.3596, 2.5591 0.1009 1.3596, 2.559 0.0983 1.3621, 2.5591 0.0983 1.3621, 2.559 0.0922 1.3706, 2.5591 0.0922 1.3706, 2.559 0.0884 1.3804, 2.5591 0.0884 1.3804, 2.559 0.0865 1.3951, 2.5591 0.0865 1.3951, 2.559 0.0865 1.3964, 2.5591 0.0865 1.3964, 2.559 0.0879 1.4104, 2.5591 0.0879 1.4104, 2.559 0.0915 1.4214, 2.5591 0.0915 1.4214, 2.559 0.097 1.4301, 2.5591 0.097 1.4301, 2.559 0.0991 1.4325, 2.5591 0.0991 1.4325, 2.559 0.1075 1.4394, 2.5591 0.1075 1.4394, 2.559 0.117 1.4437, 2.5591 0.117 1.4437, 2.559 0.1275 1.4457, 2.5591 0.1275 1.4457, 2.559 0.1318 1.4458, 2.5591 0.1318 1.4458, 2.559 0.145 1.4444, 2.5591 0.145 1.4444, 2.559 0.1574 1.4401, 2.5591 0.1574 1.4401, 2.559 0.1601 1.4387, 2.5591 0.1601 1.4387, 2.5591 0.1601 1.4549, 2.559 0.1601 1.4549, 2.559 0.1317 1.4598, 2.5591 0.1317 1.4598, 2.5591 0.1335 1.4598, 2.559 0.1489 1.4583, 2.5591 0.1489 1.4583, 2.559 0.1438 1.4588, 2.559 0.1335 1.4598, 2.559 0.1233 1.4588, 2.5591 0.1145 1.4578, 2.559 0.1145 1.4578, 2.559 0.1019 1.4529, 2.5591 0.1019 1.4529, 2.559 0.0903 1.4447, 2.5591 0.0903 1.4447, 2.559 0.0876 1.4421, 2.5591 0.0876 1.4421, 2.559 0.0797 1.4322, 2.5591 0.0797 1.4322, 2.559 0.0756 1.4233, 2.5591 0.0737 1.4191, 2.559 0.0737 1.4191, 2.559 0.0706 1.4038, 2.5591 0.0706 1.4038, 2.559 0.0702 1.3955, 2.5591 0.0702 1.3955, 2.559 0.0725 1.3762, 2.5591 0.0725 1.3762, 2.559 0.0756 1.3682, 2.5591 0.0774 1.3636, 2.559 0.0774 1.3636, 2.559 0.0845 1.3533, 2.5591 0.0845 1.3533, 2.559 0.0856 1.3521, 2.5591 0.0856 1.3521, 2.559 0.0947 1.3444, 2.5591 0.0947 1.3444, 2.559 0.1059 1.3389, 2.5591 0.1059 1.3389, 2.559 0.1188 1.3361, 2.5591 0.1188 1.3361, 2.5591 0.2488 1.3514, 2.5591 0.2488 1.3377, 2.559 0.2488 1.3514, 2.559 0.2488 1.3377, 2.559 0.1997 1.3514, 2.5591 0.1997 1.3514, 2.559 0.2321 1.3514, 2.5591 0.1997 1.3918, 2.559 0.1997 1.3918, 2.559 0.2426 1.3918, 2.5591 0.2426 1.3918, 2.559 0.2321 1.3918, 2.5591 0.2426 1.4056, 2.559 0.2426 1.4056, 2.559 0.1997 1.4056, 2.5591 0.1997 1.4056, 2.559 0.2321 1.4056, 2.5591 0.1997 1.444, 2.559 0.1997 1.444, 2.559 0.246 1.444, 2.5591 0.246 1.444, 2.559 0.2321 1.444, 2.5591 0.246 1.4578, 2.559 0.246 1.4578, 2.559 0.1842 1.4578, 2.5591 0.1842 1.4578, 2.559 0.2321 1.4578, 2.5591 0.1842 1.3377, 2.559 0.1842 1.3377, 2.559 0.2321 1.3377, 2.5591 0.3204 1.4423, 2.5591 0.3081 1.4578, 2.5591 0.3051 1.444, 2.5591 0.3057 1.4578, 2.5591 0.287 1.444, 2.5591 0.2715 1.4578, 2.5591 0.287 1.3514, 2.5591 0.2715 1.3377, 2.5591 0.3044 1.3514, 2.5591 0.3045 1.3377, 2.5591 0.3186 1.3528, 2.5591 0.3247 1.3401, 2.5591 0.3291 1.3563, 2.5591 0.3384 1.3454, 2.5591 0.3372 1.3614, 2.5591 0.3511 1.3545, 2.5591 0.3401 1.3639, 2.5591 0.3464 1.3718, 2.5591 0.3593 1.364, 2.5591 0.3504 1.3809, 2.5591 0.3655 1.3763, 2.5591 0.3526 1.392, 2.5591 0.3687 1.3901, 2.5591 0.3529 1.3989, 2.5591 0.3692 1.3993, 2.5591 0.3516 1.4123, 2.5591 0.3679 1.4132, 2.5591 0.3484 1.4215, 2.5591 0.3639 1.4252, 2.5591 0.3439 1.4285, 2.5591 0.3568 1.4361, 2.5591 0.3398 1.4327, 2.5591 0.3511 1.4419, 2.5591 0.3308 1.4386, 2.5591 0.3405 1.4495, 2.5591 0.3262 1.4552, 2.559 0.3045 1.3377, 2.559 0.2715 1.3377, 2.559 0.3511 1.3545, 2.559 0.3247 1.3401, 2.559 0.3265 1.3408, 2.559 0.3384 1.3454, 2.559 0.3593 1.364, 2.559 0.3655 1.3763, 2.559 0.3687 1.3901, 2.559 0.3692 1.3993, 2.559 0.3679 1.4132, 2.559 0.3639 1.4252, 2.559 0.3568 1.4361, 2.559 0.3511 1.4419, 2.559 0.3405 1.4495, 2.559 0.3265 1.4551, 2.559 0.3262 1.4552, 2.559 0.3081 1.4578, 2.559 0.3057 1.4578, 2.559 0.2715 1.4578, 2.559 0.3051 1.444, 2.559 0.287 1.444, 2.559 0.287 1.3514, 2.559 0.3044 1.3514, 2.559 0.3401 1.3639, 2.559 0.3372 1.3614, 2.559 0.3291 1.3563, 2.559 0.3186 1.3528, 2.559 0.3529 1.3989, 2.559 0.3526 1.392, 2.559 0.3504 1.3809, 2.559 0.3464 1.3718, 2.559 0.3398 1.4327, 2.559 0.3439 1.4285, 2.559 0.3484 1.4215, 2.559 0.3516 1.4123, 2.559 0.3204 1.4423, 2.559 0.3308 1.4386
            ]
        }
        coordIndex [
            0,1,2,-1,2,1,3,-1,4,0,5,-1,5,0,2,-1,6,4,7,-1,7,4,5,-1,8,6,9,-1,9,6,7,-1,10,8,11,-1,11,8,9,-1,1,10,3,-1,3,10,11,-1,6,8,4,-1,4,8,10,-1,4,10,0,-1,0,10,1,-1,12,13,14,-1,12,14,15,-1,15,14,16,-1,15,16,17,-1,17,16,18,-1,17,18,19,-1,20,19,21,-1,21,19,18,-1,20,21,22,-1,20,22,23,-1,23,22,24,-1,23,24,25,-1,25,24,26,-1,25,26,27,-1,27,26,28,-1,27,28,29,-1,29,28,30,-1,29,30,31,-1,31,30,32,-1,31,32,33,-1,33,32,34,-1,33,34,35,-1,35,34,36,-1,35,36,37,-1,37,36,38,-1,37,38,39,-1,39,38,40,-1,39,40,41,-1,41,40,42,-1,41,42,43,-1,43,42,44,-1,43,44,45,-1,45,44,46,-1,45,46,47,-1,47,46,48,-1,47,48,49,-1,49,48,50,-1,49,50,51,-1,51,50,52,-1,51,52,53,-1,53,52,54,-1,53,54,55,-1,55,54,56,-1,55,56,57,-1,57,56,58,-1,57,58,59,-1,59,58,60,-1,59,60,61,-1,61,60,62,-1,61,62,63,-1,63,62,64,-1,63,64,65,-1,66,65,67,-1,67,65,64,-1,68,69,70,-1,66,67,71,-1,66,71,72,-1,72,71,73,-1,72,73,70,-1,70,73,74,-1,70,74,68,-1,69,68,75,-1,69,75,76,-1,75,77,76,-1,76,77,78,-1,76,78,79,-1,79,78,80,-1,79,80,81,-1,81,80,82,-1,81,82,83,-1,83,82,84,-1,83,84,85,-1,85,84,86,-1,85,86,87,-1,86,88,87,-1,87,88,89,-1,87,89,90,-1,90,89,91,-1,90,91,92,-1,92,91,93,-1,92,93,94,-1,94,93,95,-1,94,95,96,-1,95,97,96,-1,96,97,98,-1,96,98,99,-1,99,98,100,-1,99,100,101,-1,101,100,102,-1,101,102,103,-1,103,102,104,-1,103,104,105,-1,105,104,106,-1,105,106,107,-1,107,106,13,-1,107,13,12,-1,63,65,66,-1,53,55,76,-1,37,39,94,-1,45,47,85,-1,76,55,69,-1,63,66,61,-1,94,39,92,-1,85,47,83,-1,55,57,69,-1,69,57,59,-1,69,59,70,-1,70,59,61,-1,70,61,72,-1,72,61,66,-1,76,79,53,-1,53,79,81,-1,53,81,51,-1,51,81,83,-1,51,83,49,-1,49,83,47,-1,94,96,37,-1,37,96,99,-1,37,99,35,-1,35,99,101,-1,35,101,33,-1,33,101,103,-1,33,103,31,-1,31,103,105,-1,31,105,29,-1,29,105,107,-1,29,107,27,-1,27,107,12,-1,27,12,25,-1,25,12,15,-1,25,15,23,-1,23,15,17,-1,23,17,20,-1,20,17,19,-1,39,41,92,-1,92,41,43,-1,92,43,90,-1,90,43,45,-1,90,45,87,-1,87,45,85,-1,108,109,110,-1,110,109,111,-1,112,113,114,-1,114,113,108,-1,114,108,110,-1,115,113,116,-1,116,113,112,-1,117,118,119,-1,119,118,115,-1,119,115,116,-1,120,118,121,-1,121,118,117,-1,122,123,124,-1,124,123,120,-1,124,120,121,-1,125,123,126,-1,126,123,122,-1,127,128,129,-1,129,128,125,-1,129,125,126,-1,130,128,131,-1,131,128,127,-1,132,133,134,-1,134,133,130,-1,134,130,131,-1,135,133,136,-1,136,133,132,-1,111,109,137,-1,137,109,135,-1,137,135,136,-1,135,109,108,-1,108,113,135,-1,135,113,115,-1,135,115,133,-1,128,130,125,-1,125,130,133,-1,125,133,123,-1,123,133,115,-1,123,115,120,-1,120,115,118,-1,138,139,140,-1,140,139,141,-1,140,141,142,-1,142,141,143,-1,142,143,144,-1,144,143,145,-1,144,145,146,-1,146,145,147,-1,146,147,148,-1,148,147,149,-1,148,149,150,-1,150,149,151,-1,150,151,152,-1,152,151,153,-1,152,153,154,-1,154,153,155,-1,155,153,156,-1,155,156,157,-1,157,156,158,-1,157,158,159,-1,159,158,160,-1,159,160,161,-1,161,160,162,-1,161,162,163,-1,163,162,164,-1,163,164,165,-1,165,164,166,-1,165,166,167,-1,167,166,168,-1,167,168,169,-1,169,168,170,-1,169,170,171,-1,171,170,172,-1,171,172,138,-1,138,172,173,-1,138,173,139,-1,147,145,174,-1,174,145,175,-1,176,153,151,-1,147,174,177,-1,147,177,149,-1,149,177,178,-1,149,178,151,-1,151,178,179,-1,151,179,176,-1,153,176,180,-1,153,180,156,-1,156,180,181,-1,156,181,158,-1,158,181,182,-1,158,182,160,-1,160,182,183,-1,160,183,162,-1,162,183,184,-1,162,184,164,-1,164,184,185,-1,164,185,166,-1,166,185,186,-1,166,186,168,-1,168,186,187,-1,168,187,170,-1,170,187,188,-1,170,188,172,-1,172,188,189,-1,172,189,173,-1,189,190,173,-1,173,190,191,-1,173,191,139,-1,139,191,192,-1,139,192,141,-1,143,141,193,-1,193,141,192,-1,145,143,175,-1,175,143,193,-1,140,142,194,-1,194,142,195,-1,142,144,195,-1,195,144,196,-1,144,146,196,-1,196,146,197,-1,154,198,199,-1,154,199,152,-1,152,199,200,-1,152,200,150,-1,150,200,201,-1,150,201,148,-1,148,201,197,-1,148,197,146,-1,161,202,203,-1,161,203,159,-1,159,203,204,-1,159,204,157,-1,157,204,205,-1,157,205,155,-1,155,205,198,-1,155,198,154,-1,169,206,207,-1,169,207,167,-1,167,207,208,-1,167,208,165,-1,165,208,209,-1,165,209,163,-1,163,209,202,-1,163,202,161,-1,140,194,210,-1,140,210,138,-1,138,210,211,-1,138,211,171,-1,171,211,206,-1,171,206,169,-1,
        ]
    }
}
Shape{
    appearance Appearance {
        material  Material 	{
            diffuseColor 0.2235294117647059 0.2235294117647059 0.2235294117647059
            specularColor 0.11372549019607843 0.11372549019607843 0.11372549019607843
            ambientIntensity 0.2235
            transparency 0.0
            shininess 0.5
        }
    }
    geometry IndexedFaceSet {
        ccw TRUE
        solid FALSE
        coord DEF co Coordinate {
            point [
                2.559 0.287 1.444, 2.559 0.287 1.3514, 2.559 0.3051 1.444, 2.559 0.3044 1.3514, 2.559 0.3186 1.3528, 2.559 0.3291 1.3563, 2.559 0.3372 1.3614, 2.559 0.3401 1.3639, 2.559 0.3464 1.3718, 2.559 0.3504 1.3809, 2.559 0.3526 1.392, 2.559 0.3529 1.3989, 2.559 0.3516 1.4123, 2.559 0.3484 1.4215, 2.559 0.3439 1.4285, 2.559 0.3398 1.4327, 2.559 0.3204 1.4423, 2.559 0.3308 1.4386
            ]
        }
        coordIndex [
            0,1,2,-1,2,1,3,-1,2,3,4,-1,4,5,2,-1,2,5,6,-1,2,6,7,-1,7,8,2,-1,2,8,9,-1,2,9,10,-1,10,11,2,-1,2,11,12,-1,2,12,13,-1,13,14,2,-1,2,14,15,-1,2,15,16,-1,16,15,17,-1,
        ]
    }
}
Shape{
    appearance Appearance {
        material  Material 	{
            diffuseColor 1.0 1.0 1.0
            specularColor 0.5019607843137255 0.5019607843137255 0.5019607843137255
            ambientIntensity 1.0
            transparency 0.0
            shininess 0.5
        }
    }
    geometry IndexedFaceSet {
        ccw TRUE
        solid FALSE
        coord DEF co Coordinate {
            point [
                2.5591 0.4095 1.3841, 2.5591 0.4046 1.3706, 2.5591 0.4498 1.3841, 2.5591 0.4546 1.3706, 2.5591 0.4275 1.434, 2.5591 0.4217 1.4578, 2.5591 0.3759 1.3377, 2.5591 0.393 1.3377, 2.5591 0.4285 1.4376, 2.5591 0.4294 1.4425, 2.5591 0.4382 1.4578, 2.5591 0.4298 1.4425, 2.5591 0.4308 1.4374, 2.5591 0.4317 1.434, 2.5591 0.484 1.3377, 2.5591 0.4668 1.3377, 2.559 0.4382 1.4578, 2.559 0.484 1.3377, 2.559 0.4217 1.4578, 2.559 0.3759 1.3377, 2.559 0.4105 1.4286, 2.559 0.393 1.3377, 2.559 0.4046 1.3706, 2.559 0.4546 1.3706, 2.559 0.4105 1.3706, 2.559 0.4668 1.3377, 2.559 0.4095 1.3841, 2.559 0.4498 1.3841, 2.559 0.4317 1.434, 2.559 0.4298 1.4425, 2.559 0.4308 1.4374, 2.559 0.4294 1.4425, 2.559 0.4275 1.434, 2.559 0.4285 1.4376
            ]
        }
        coordIndex [
            0,1,2,-1,2,1,3,-1,4,5,0,-1,0,5,6,-1,0,6,1,-1,1,6,7,-1,4,8,5,-1,5,8,9,-1,5,9,10,-1,10,9,11,-1,10,11,12,-1,12,13,10,-1,10,13,2,-1,10,2,14,-1,14,2,3,-1,14,3,15,-1,10,14,16,-1,16,14,17,-1,5,10,18,-1,18,10,16,-1,19,6,20,-1,20,6,5,-1,20,5,18,-1,7,6,21,-1,21,6,19,-1,1,7,22,-1,22,7,21,-1,23,3,24,-1,24,3,1,-1,24,1,22,-1,15,3,25,-1,25,3,23,-1,14,15,17,-1,17,15,25,-1,0,2,26,-1,26,2,27,-1,2,13,27,-1,27,13,28,-1,11,29,30,-1,11,30,12,-1,12,30,28,-1,12,28,13,-1,11,9,29,-1,29,9,31,-1,4,32,33,-1,4,33,8,-1,8,33,31,-1,8,31,9,-1,4,0,32,-1,32,0,26,-1,
        ]
    }
}
Shape{
    appearance Appearance {
        material  Material 	{
            diffuseColor 0.2235294117647059 0.2235294117647059 0.2235294117647059
            specularColor 0.11372549019607843 0.11372549019607843 0.11372549019607843
            ambientIntensity 0.2235
            transparency 0.0
            shininess 0.5
        }
    }
    geometry IndexedFaceSet {
        ccw TRUE
        solid FALSE
        coord DEF co Coordinate {
            point [
                2.559 0.4298 1.4425, 2.559 0.4294 1.4425, 2.559 0.4308 1.4374, 2.559 0.4285 1.4376, 2.559 0.4317 1.434, 2.559 0.4275 1.434, 2.559 0.4498 1.3841, 2.559 0.4095 1.3841
            ]
        }
        coordIndex [
            0,1,2,-1,2,1,3,-1,2,3,4,-1,4,3,5,-1,4,5,6,-1,6,5,7,-1,
        ]
    }
}
Shape{
    appearance Appearance {
        material  Material 	{
            diffuseColor 1.0 1.0 1.0
            specularColor 0.5019607843137255 0.5019607843137255 0.5019607843137255
            ambientIntensity 1.0
            transparency 0.0
            shininess 0.5
        }
    }
    geometry IndexedFaceSet {
        ccw TRUE
        solid FALSE
        coord DEF co Coordinate {
            point [
                2.5591 0.0666 1.1609, 2.5591 0.0666 1.1472, 2.559 0.0666 1.1609, 2.559 0.0666 1.1472, 2.5591 0.0175 1.1609, 2.559 0.0175 1.1609, 2.5591 0.0175 1.2013, 2.559 0.0175 1.2013, 2.5591 0.0604 1.2013, 2.559 0.0604 1.2013, 2.5591 0.0604 1.215, 2.559 0.0604 1.215, 2.5591 0.0175 1.215, 2.559 0.0175 1.215, 2.5591 0.0175 1.2535, 2.559 0.0175 1.2535, 2.5591 0.0638 1.2535, 2.559 0.0638 1.2535, 2.5591 0.0638 1.2673, 2.559 0.0638 1.2673, 2.5591 0.002 1.2673, 2.559 0.002 1.2673, 2.5591 0.002 1.1472, 2.559 0.002 1.1472, 2.5591 0.1344 1.1604, 2.5591 0.1348 1.1604, 2.5591 0.1339 1.1743, 2.5591 0.1348 1.181, 2.5591 0.1499 1.2024, 2.5591 0.1348 1.182, 2.5591 0.1348 1.1902, 2.5591 0.1348 1.1472, 2.5591 0.1499 1.1472, 2.5591 0.0974 1.1951, 2.5591 0.1023 1.1838, 2.5591 0.1059 1.1855, 2.5591 0.1317 1.1689, 2.5591 0.1284 1.1645, 2.5591 0.1321 1.1569, 2.5591 0.1265 1.1626, 2.5591 0.1273 1.1517, 2.5591 0.1223 1.1598, 2.5591 0.122 1.1482, 2.5591 0.1177 1.1581, 2.5591 0.1159 1.146, 2.5591 0.1121 1.1575, 2.5591 0.1082 1.1451, 2.5591 0.107 1.1581, 2.5591 0.0992 1.1462, 2.5591 0.1036 1.1593, 2.5591 0.0934 1.1484, 2.5591 0.1006 1.1614, 2.5591 0.0883 1.1519, 2.5591 0.0993 1.1626, 2.5591 0.1094 1.1981, 2.5591 0.1148 1.1875, 2.5591 0.1348 1.2017, 2.5591 0.0893 1.2269, 2.5591 0.0893 1.2123, 2.5591 0.0941 1.2296, 2.5591 0.0994 1.2187, 2.5591 0.1056 1.2335, 2.5591 0.1088 1.2218, 2.5591 0.1189 1.2349, 2.5591 0.1175 1.2227, 2.5591 0.1284 1.234, 2.5591 0.1226 1.2222, 2.5591 0.1346 1.232, 2.5591 0.1261 1.2209, 2.5591 0.1395 1.2291, 2.5591 0.1287 1.2192, 2.5591 0.1429 1.2259, 2.5591 0.131 1.2168, 2.5591 0.1461 1.2212, 2.5591 0.1328 1.2137, 2.5591 0.1485 1.2147, 2.5591 0.1343 1.2083, 2.5591 0.1002 1.1822, 2.5591 0.0912 1.1917, 2.5591 0.0984 1.18, 2.5591 0.0867 1.1877, 2.5591 0.0971 1.1772, 2.5591 0.0836 1.1828, 2.5591 0.0963 1.1737, 2.5591 0.0817 1.1773, 2.5591 0.0962 1.1714, 2.5591 0.081 1.1701, 2.5591 0.0966 1.1679, 2.5591 0.0817 1.1633, 2.5591 0.0976 1.1652, 2.5591 0.0835 1.1582, 2.5591 0.0866 1.1536, 2.559 0.1189 1.2349, 2.559 0.1056 1.2335, 2.559 0.0941 1.2296, 2.559 0.0893 1.2269, 2.559 0.0893 1.2123, 2.559 0.0994 1.2187, 2.559 0.1088 1.2218, 2.559 0.1175 1.2227, 2.559 0.1226 1.2222, 2.559 0.1261 1.2209, 2.559 0.1287 1.2192, 2.559 0.131 1.2168, 2.559 0.1328 1.2137, 2.559 0.1343 1.2083, 2.559 0.1348 1.2017, 2.559 0.1094 1.1981, 2.559 0.0974 1.1951, 2.559 0.0912 1.1917, 2.559 0.0867 1.1877, 2.559 0.0836 1.1828, 2.559 0.0817 1.1773, 2.559 0.081 1.1701, 2.559 0.0817 1.1633, 2.559 0.0835 1.1582, 2.559 0.0866 1.1536, 2.559 0.0883 1.1519, 2.559 0.1082 1.1451, 2.559 0.0994 1.1462, 2.559 0.0992 1.1462, 2.559 0.0934 1.1484, 2.559 0.1159 1.146, 2.559 0.1163 1.1462, 2.559 0.122 1.1482, 2.559 0.1273 1.1517, 2.559 0.1321 1.1569, 2.559 0.1344 1.1604, 2.559 0.1348 1.1604, 2.559 0.1348 1.1472, 2.559 0.1499 1.1472, 2.559 0.1499 1.2024, 2.559 0.1485 1.2147, 2.559 0.1461 1.2212, 2.559 0.1429 1.2259, 2.559 0.1395 1.2291, 2.559 0.1346 1.232, 2.559 0.1284 1.234, 2.559 0.1002 1.1822, 2.559 0.1023 1.1838, 2.559 0.1059 1.1855, 2.559 0.1148 1.1875, 2.559 0.0962 1.1714, 2.559 0.0963 1.1737, 2.559 0.0971 1.1772, 2.559 0.0984 1.18, 2.559 0.1006 1.1614, 2.559 0.0993 1.1626, 2.559 0.0976 1.1652, 2.559 0.0966 1.1679, 2.559 0.1121 1.1575, 2.559 0.107 1.1581, 2.559 0.1036 1.1593, 2.559 0.1284 1.1645, 2.559 0.1265 1.1626, 2.559 0.1223 1.1598, 2.559 0.1177 1.1581, 2.559 0.1348 1.182, 2.559 0.1348 1.181, 2.559 0.1339 1.1743, 2.559 0.1317 1.1689, 2.559 0.1348 1.1902
            ]
        }
        coordIndex [
            0,1,2,-1,2,1,3,-1,4,0,5,-1,5,0,2,-1,6,4,7,-1,7,4,5,-1,8,6,9,-1,9,6,7,-1,10,8,11,-1,11,8,9,-1,12,10,13,-1,13,10,11,-1,14,12,15,-1,15,12,13,-1,16,14,17,-1,17,14,15,-1,18,16,19,-1,19,16,17,-1,20,18,21,-1,21,18,19,-1,22,20,23,-1,23,20,21,-1,1,22,3,-1,3,22,23,-1,22,1,0,-1,0,4,22,-1,22,4,6,-1,22,6,20,-1,16,18,14,-1,14,18,20,-1,14,20,12,-1,12,20,6,-1,12,6,10,-1,10,6,8,-1,24,25,26,-1,27,28,29,-1,29,28,30,-1,31,32,25,-1,25,32,28,-1,25,28,26,-1,26,28,27,-1,33,34,35,-1,26,36,24,-1,24,36,37,-1,24,37,38,-1,38,37,39,-1,38,39,40,-1,40,39,41,-1,40,41,42,-1,42,41,43,-1,42,43,44,-1,44,43,45,-1,44,45,46,-1,46,45,47,-1,46,47,48,-1,48,47,49,-1,48,49,50,-1,50,49,51,-1,50,51,52,-1,52,51,53,-1,33,35,54,-1,54,35,55,-1,54,55,56,-1,57,58,59,-1,59,58,60,-1,59,60,61,-1,61,60,62,-1,61,62,63,-1,63,62,64,-1,63,64,65,-1,65,64,66,-1,65,66,67,-1,67,66,68,-1,67,68,69,-1,69,68,70,-1,69,70,71,-1,71,70,72,-1,71,72,73,-1,73,72,74,-1,73,74,75,-1,75,74,76,-1,75,76,28,-1,28,76,56,-1,28,56,30,-1,30,56,55,-1,34,33,77,-1,77,33,78,-1,77,78,79,-1,79,78,80,-1,79,80,81,-1,81,80,82,-1,81,82,83,-1,83,82,84,-1,83,84,85,-1,85,84,86,-1,85,86,87,-1,87,86,88,-1,87,88,89,-1,89,88,90,-1,89,90,53,-1,53,90,91,-1,53,91,52,-1,63,92,93,-1,63,93,61,-1,61,93,94,-1,61,94,59,-1,59,94,95,-1,59,95,57,-1,58,57,96,-1,96,57,95,-1,58,96,97,-1,58,97,60,-1,60,97,98,-1,60,98,62,-1,62,98,99,-1,62,99,64,-1,64,99,100,-1,64,100,66,-1,66,100,101,-1,66,101,68,-1,68,101,102,-1,68,102,70,-1,70,102,103,-1,70,103,72,-1,72,103,104,-1,72,104,74,-1,74,104,105,-1,74,105,76,-1,76,105,106,-1,76,106,56,-1,54,56,107,-1,107,56,106,-1,54,107,108,-1,54,108,33,-1,33,108,109,-1,33,109,78,-1,78,109,110,-1,78,110,80,-1,80,110,111,-1,80,111,82,-1,82,111,112,-1,82,112,84,-1,84,112,113,-1,84,113,86,-1,86,113,114,-1,86,114,88,-1,88,114,115,-1,88,115,90,-1,90,115,116,-1,90,116,91,-1,91,116,117,-1,91,117,52,-1,118,46,119,-1,119,46,48,-1,119,48,120,-1,120,48,50,-1,120,50,121,-1,121,50,52,-1,121,52,117,-1,46,118,122,-1,46,122,44,-1,44,122,123,-1,44,123,42,-1,123,124,42,-1,42,124,125,-1,42,125,40,-1,40,125,126,-1,40,126,38,-1,38,126,127,-1,38,127,24,-1,25,24,128,-1,128,24,127,-1,31,25,129,-1,129,25,128,-1,32,31,130,-1,130,31,129,-1,28,32,131,-1,131,32,130,-1,28,131,132,-1,28,132,75,-1,75,132,133,-1,75,133,73,-1,73,133,134,-1,73,134,71,-1,71,134,135,-1,71,135,69,-1,69,135,136,-1,69,136,67,-1,67,136,137,-1,67,137,65,-1,65,137,92,-1,65,92,63,-1,77,138,139,-1,77,139,34,-1,34,139,140,-1,34,140,35,-1,35,140,141,-1,35,141,55,-1,85,142,143,-1,85,143,83,-1,83,143,144,-1,83,144,81,-1,81,144,145,-1,81,145,79,-1,79,145,138,-1,79,138,77,-1,51,146,147,-1,51,147,53,-1,53,147,148,-1,53,148,89,-1,89,148,149,-1,89,149,87,-1,87,149,142,-1,87,142,85,-1,45,150,151,-1,45,151,47,-1,47,151,152,-1,47,152,49,-1,49,152,146,-1,49,146,51,-1,37,153,154,-1,37,154,39,-1,39,154,155,-1,39,155,41,-1,41,155,156,-1,41,156,43,-1,43,156,150,-1,43,150,45,-1,29,157,158,-1,29,158,27,-1,27,158,159,-1,27,159,26,-1,26,159,160,-1,26,160,36,-1,36,160,153,-1,36,153,37,-1,29,30,157,-1,157,30,161,-1,30,55,161,-1,161,55,141,-1,
        ]
    }
}
Shape{
    appearance Appearance {
        material  Material 	{
            diffuseColor 0.2235294117647059 0.2235294117647059 0.2235294117647059
            specularColor 0.11372549019607843 0.11372549019607843 0.11372549019607843
            ambientIntensity 0.2235
            transparency 0.0
            shininess 0.5
        }
    }
    geometry IndexedFaceSet {
        ccw TRUE
        solid FALSE
        coord DEF co Coordinate {
            point [
                2.559 0.1348 1.1902, 2.559 0.1148 1.1875, 2.559 0.1348 1.182, 2.559 0.1059 1.1855, 2.559 0.1023 1.1838, 2.559 0.1002 1.1822, 2.559 0.1348 1.181, 2.559 0.1339 1.1743, 2.559 0.0984 1.18, 2.559 0.1317 1.1689, 2.559 0.0993 1.1626, 2.559 0.1006 1.1614, 2.559 0.1265 1.1626, 2.559 0.0976 1.1652, 2.559 0.1223 1.1598, 2.559 0.1177 1.1581, 2.559 0.1121 1.1575, 2.559 0.0971 1.1772, 2.559 0.0963 1.1737, 2.559 0.1284 1.1645, 2.559 0.0962 1.1714, 2.559 0.0966 1.1679, 2.559 0.1036 1.1593, 2.559 0.107 1.1581
            ]
        }
        coordIndex [
            0,1,2,-1,2,1,3,-1,3,4,2,-1,2,4,5,-1,2,5,6,-1,6,5,7,-1,7,5,8,-1,7,8,9,-1,10,11,12,-1,10,12,13,-1,14,12,15,-1,15,12,16,-1,8,17,9,-1,9,17,18,-1,9,18,19,-1,19,18,20,-1,19,20,12,-1,12,20,21,-1,12,21,13,-1,11,22,12,-1,12,22,23,-1,12,23,16,-1,
        ]
    }
}
Shape{
    appearance Appearance {
        material  Material 	{
            diffuseColor 1.0 1.0 1.0
            specularColor 0.5019607843137255 0.5019607843137255 0.5019607843137255
            ambientIntensity 1.0
            transparency 0.0
            shininess 0.5
        }
    }
    geometry IndexedFaceSet {
        ccw TRUE
        solid FALSE
        coord DEF co Coordinate {
            point [
                2.559 0.1703 1.1657, 2.5591 0.1703 1.1657, 2.5591 0.1752 1.1626, 2.5591 0.195 1.1574, 2.559 0.195 1.1574, 2.559 0.1846 1.1588, 2.5591 0.1846 1.1588, 2.559 0.1772 1.1618, 2.559 0.1752 1.1626, 2.5591 0.1703 1.1502, 2.559 0.1703 1.1502, 2.5591 0.1807 1.1465, 2.559 0.1772 1.1477, 2.559 0.1935 1.1451, 2.5591 0.1935 1.1451, 2.559 0.184 1.1462, 2.559 0.1807 1.1465, 2.5591 0.2062 1.1465, 2.559 0.2028 1.1462, 2.559 0.2062 1.1465, 2.559 0.2143 1.1495, 2.5591 0.2143 1.1495, 2.559 0.2185 1.152, 2.5591 0.2185 1.152, 2.559 0.2228 1.1557, 2.5591 0.2228 1.1557, 2.559 0.2256 1.1597, 2.5591 0.2256 1.1597, 2.559 0.2275 1.1645, 2.5591 0.2275 1.1645, 2.559 0.2282 1.1705, 2.5591 0.2282 1.1705, 2.559 0.2276 1.1761, 2.5591 0.2276 1.1761, 2.559 0.226 1.1805, 2.5591 0.226 1.1805, 2.559 0.2232 1.1847, 2.5591 0.2232 1.1847, 2.559 0.2196 1.1879, 2.5591 0.2196 1.1879, 2.559 0.2096 1.1934, 2.5591 0.2096 1.1934, 2.559 0.2038 1.1958, 2.5591 0.2038 1.1958, 2.559 0.1945 1.1999, 2.5591 0.1945 1.1999, 2.559 0.1892 1.2032, 2.5591 0.1892 1.2032, 2.559 0.1877 1.2048, 2.5591 0.1877 1.2048, 2.559 0.1866 1.2068, 2.5591 0.1866 1.2068, 2.559 0.186 1.2091, 2.5591 0.186 1.2091, 2.559 0.1859 1.2112, 2.5591 0.1859 1.2112, 2.559 0.1861 1.2136, 2.5591 0.1861 1.2136, 2.559 0.1869 1.2156, 2.5591 0.1869 1.2156, 2.559 0.1882 1.2175, 2.5591 0.1882 1.2175, 2.559 0.1904 1.2195, 2.5591 0.1904 1.2195, 2.559 0.1938 1.2213, 2.5591 0.1938 1.2213, 2.559 0.1978 1.2224, 2.5591 0.1978 1.2224, 2.559 0.2023 1.2227, 2.5591 0.2023 1.2227, 2.559 0.2131 1.2213, 2.5591 0.2131 1.2213, 2.559 0.2216 1.218, 2.5591 0.2216 1.218, 2.559 0.2241 1.2165, 2.5591 0.2241 1.2165, 2.5591 0.2241 1.2311, 2.559 0.2241 1.2311, 2.559 0.2131 1.2342, 2.5591 0.2131 1.2342, 2.559 0.2038 1.2349, 2.5591 0.2038 1.2349, 2.559 0.192 1.2335, 2.5591 0.192 1.2335, 2.559 0.1839 1.2305, 2.5591 0.1839 1.2305, 2.559 0.18 1.2281, 2.5591 0.18 1.2281, 2.5591 0.1755 1.2241, 2.559 0.1772 1.2256, 2.559 0.1755 1.2241, 2.559 0.1727 1.22, 2.5591 0.1727 1.22, 2.559 0.171 1.2152, 2.5591 0.171 1.2152, 2.559 0.1704 1.2098, 2.5591 0.1704 1.2098, 2.559 0.171 1.204, 2.5591 0.171 1.204, 2.559 0.1727 1.1994, 2.5591 0.1727 1.1994, 2.559 0.1746 1.1962, 2.5591 0.1746 1.1962, 2.559 0.1931 1.1849, 2.5591 0.1931 1.1849, 2.5591 0.1842 1.189, 2.559 0.1771 1.1937, 2.5591 0.1771 1.1937, 2.559 0.1772 1.1936, 2.559 0.1842 1.189, 2.559 0.203 1.1807, 2.5591 0.203 1.1807, 2.559 0.2089 1.1772, 2.5591 0.2089 1.1772, 2.559 0.2108 1.1752, 2.5591 0.2108 1.1752, 2.559 0.2119 1.1732, 2.5591 0.2119 1.1732, 2.559 0.2126 1.1709, 2.5591 0.2126 1.1709, 2.559 0.2128 1.169, 2.5591 0.2128 1.169, 2.559 0.2125 1.1662, 2.5591 0.2125 1.1662, 2.559 0.2117 1.164, 2.5591 0.2117 1.164, 2.559 0.2104 1.1621, 2.5591 0.2104 1.1621, 2.559 0.2086 1.1605, 2.5591 0.2086 1.1605, 2.559 0.2073 1.1597, 2.5591 0.2073 1.1597, 2.559 0.2034 1.1583, 2.5591 0.2034 1.1583, 2.559 0.1957 1.1574, 2.5591 0.1957 1.1574, 2.5591 0.3028 1.2329, 2.5591 0.3184 1.2329, 2.559 0.3028 1.2329, 2.559 0.3184 1.2329, 2.5591 0.2794 1.1684, 2.559 0.2794 1.1684, 2.559 0.2782 1.1644, 2.5591 0.2782 1.1644, 2.559 0.2775 1.1614, 2.5591 0.2775 1.1614, 2.5591 0.2771 1.1614, 2.559 0.2771 1.1614, 2.5591 0.2753 1.1685, 2.559 0.2753 1.1685, 2.559 0.2529 1.2329, 2.5591 0.2529 1.2329, 2.559 0.2601 1.2121, 2.5591 0.236 1.2329, 2.559 0.236 1.2329, 2.559 0.2697 1.1474, 2.5591 0.2697 1.1474, 2.559 0.2601 1.1717, 2.559 0.2631 1.1318, 2.5591 0.2631 1.1318, 2.559 0.2692 1.1462, 2.559 0.2601 1.1264, 2.5591 0.2601 1.1264, 2.559 0.2601 1.1263, 2.5591 0.2573 1.1232, 2.559 0.2573 1.1232, 2.559 0.2546 1.1213, 2.5591 0.2546 1.1213, 2.559 0.2513 1.1201, 2.5591 0.2513 1.1201, 2.559 0.2477 1.1197, 2.5591 0.2477 1.1197, 2.559 0.2422 1.1204, 2.5591 0.2422 1.1204, 2.559 0.2391 1.1214, 2.5591 0.2391 1.1214, 2.5591 0.2391 1.108, 2.559 0.2391 1.108, 2.559 0.2455 1.1069, 2.5591 0.2455 1.1069, 2.559 0.2488 1.1068, 2.5591 0.2488 1.1068, 2.559 0.2549 1.1075, 2.5591 0.2549 1.1075, 2.559 0.2601 1.1094, 2.5591 0.2609 1.1097, 2.559 0.2609 1.1097, 2.559 0.2661 1.1134, 2.5591 0.2661 1.1134, 2.559 0.2671 1.1143, 2.5591 0.2671 1.1143, 2.559 0.2726 1.1209, 2.5591 0.2726 1.1209, 2.559 0.2794 1.1342, 2.5591 0.2794 1.1342, 2.559 0.2842 1.1462, 2.5591 0.3992 1.1609, 2.5591 0.3992 1.1472, 2.559 0.3992 1.1609, 2.559 0.3992 1.1472, 2.559 0.3501 1.1609, 2.5591 0.3501 1.1609, 2.559 0.3726 1.1609, 2.5591 0.3501 1.2013, 2.559 0.3501 1.2013, 2.559 0.393 1.2013, 2.5591 0.393 1.2013, 2.559 0.3726 1.2013, 2.5591 0.393 1.215, 2.559 0.393 1.215, 2.559 0.3501 1.215, 2.5591 0.3501 1.215, 2.559 0.3726 1.215, 2.5591 0.3501 1.2535, 2.559 0.3501 1.2535, 2.559 0.3965 1.2535, 2.5591 0.3965 1.2535, 2.559 0.3726 1.2535, 2.5591 0.3965 1.2673, 2.559 0.3965 1.2673, 2.559 0.3346 1.2673, 2.5591 0.3346 1.2673, 2.559 0.3726 1.2673, 2.5591 0.3346 1.1472, 2.559 0.3346 1.1472, 2.559 0.3726 1.1472, 2.5591 0.4708 1.2518, 2.5591 0.4585 1.2672, 2.5591 0.4555 1.2535, 2.5591 0.4561 1.2673, 2.5591 0.4374 1.2535, 2.5591 0.4219 1.2673, 2.5591 0.4374 1.1609, 2.5591 0.4219 1.1472, 2.5591 0.4548 1.1609, 2.5591 0.4549 1.1472, 2.5591 0.469 1.1623, 2.5591 0.4751 1.1496, 2.5591 0.4795 1.1658, 2.5591 0.4888 1.1549, 2.5591 0.4877 1.1708, 2.5591 0.5015 1.164, 2.5591 0.4905 1.1734, 2.5591 0.4968 1.1813, 2.5591 0.5097 1.1735, 2.5591 0.5008 1.1903, 2.5591 0.5159 1.1857, 2.5591 0.503 1.2015, 2.5591 0.5191 1.1996, 2.5591 0.5034 1.2083, 2.5591 0.5197 1.2088, 2.5591 0.502 1.2218, 2.5591 0.5183 1.2227, 2.5591 0.4988 1.231, 2.5591 0.5143 1.2346, 2.5591 0.4943 1.2379, 2.5591 0.5072 1.2456, 2.5591 0.4902 1.2422, 2.5591 0.5015 1.2514, 2.5591 0.4813 1.2481, 2.5591 0.4909 1.2589, 2.5591 0.4767 1.2647, 2.559 0.4549 1.1472, 2.559 0.4219 1.1472, 2.559 0.4751 1.1496, 2.559 0.4888 1.1549, 2.559 0.5015 1.164, 2.559 0.5097 1.1735, 2.559 0.5159 1.1857, 2.559 0.5191 1.1996, 2.559 0.5197 1.2088, 2.559 0.5183 1.2227, 2.559 0.5143 1.2346, 2.559 0.5072 1.2456, 2.559 0.5015 1.2514, 2.559 0.4909 1.2589, 2.559 0.4767 1.2647, 2.559 0.4585 1.2672, 2.559 0.4561 1.2673, 2.559 0.4219 1.2673, 2.559 0.4555 1.2535, 2.559 0.4374 1.2535, 2.559 0.4374 1.1609, 2.559 0.4548 1.1609, 2.559 0.4905 1.1734, 2.559 0.4877 1.1708, 2.559 0.4795 1.1658, 2.559 0.469 1.1623, 2.559 0.5034 1.2083, 2.559 0.503 1.2015, 2.559 0.5008 1.1903, 2.559 0.4968 1.1813, 2.559 0.4902 1.2422, 2.559 0.4943 1.2379, 2.559 0.4988 1.231, 2.559 0.502 1.2218, 2.559 0.4708 1.2518, 2.559 0.4813 1.2481
            ]
        }
        coordIndex [
            0,1,2,-1,3,4,5,-1,3,5,6,-1,6,5,7,-1,6,7,2,-1,2,7,8,-1,2,8,0,-1,9,1,10,-1,10,1,0,-1,11,9,12,-1,12,9,10,-1,13,14,15,-1,15,14,11,-1,15,11,16,-1,16,11,12,-1,17,14,18,-1,18,14,13,-1,18,19,17,-1,17,19,20,-1,17,20,21,-1,21,20,22,-1,21,22,23,-1,23,22,24,-1,23,24,25,-1,25,24,26,-1,25,26,27,-1,27,26,28,-1,27,28,29,-1,29,28,30,-1,29,30,31,-1,31,30,32,-1,31,32,33,-1,33,32,34,-1,33,34,35,-1,35,34,36,-1,35,36,37,-1,37,36,38,-1,37,38,39,-1,39,38,40,-1,39,40,41,-1,41,40,42,-1,41,42,43,-1,43,42,44,-1,43,44,45,-1,45,44,46,-1,45,46,47,-1,47,46,48,-1,47,48,49,-1,49,48,50,-1,49,50,51,-1,51,50,52,-1,51,52,53,-1,53,52,54,-1,53,54,55,-1,55,54,56,-1,55,56,57,-1,57,56,58,-1,57,58,59,-1,59,58,60,-1,59,60,61,-1,61,60,62,-1,61,62,63,-1,63,62,64,-1,63,64,65,-1,65,64,66,-1,65,66,67,-1,67,66,68,-1,67,68,69,-1,69,68,70,-1,69,70,71,-1,71,70,72,-1,71,72,73,-1,73,72,74,-1,73,74,75,-1,76,75,77,-1,77,75,74,-1,76,77,78,-1,76,78,79,-1,79,78,80,-1,79,80,81,-1,81,80,82,-1,81,82,83,-1,83,82,84,-1,83,84,85,-1,85,84,86,-1,85,86,87,-1,88,87,89,-1,89,87,86,-1,89,90,88,-1,88,90,91,-1,88,91,92,-1,92,91,93,-1,92,93,94,-1,94,93,95,-1,94,95,96,-1,96,95,97,-1,96,97,98,-1,98,97,99,-1,98,99,100,-1,100,99,101,-1,100,101,102,-1,103,104,105,-1,102,101,106,-1,102,106,107,-1,107,106,108,-1,107,108,105,-1,105,108,109,-1,105,109,103,-1,104,103,110,-1,104,110,111,-1,111,110,112,-1,111,112,113,-1,113,112,114,-1,113,114,115,-1,115,114,116,-1,115,116,117,-1,117,116,118,-1,117,118,119,-1,119,118,120,-1,119,120,121,-1,121,120,122,-1,121,122,123,-1,123,122,124,-1,123,124,125,-1,125,124,126,-1,125,126,127,-1,127,126,128,-1,127,128,129,-1,129,128,130,-1,129,130,131,-1,131,130,132,-1,131,132,133,-1,133,132,134,-1,133,134,135,-1,135,134,4,-1,135,4,3,-1,61,63,85,-1,85,63,83,-1,111,43,104,-1,104,43,45,-1,14,3,11,-1,11,3,6,-1,11,6,9,-1,9,6,2,-1,9,2,1,-1,63,65,83,-1,83,65,67,-1,83,67,81,-1,81,67,69,-1,81,69,79,-1,79,69,71,-1,79,71,76,-1,76,71,73,-1,76,73,75,-1,21,23,127,-1,127,23,25,-1,127,25,125,-1,125,25,27,-1,125,27,123,-1,123,27,29,-1,123,29,121,-1,121,29,31,-1,121,31,119,-1,119,31,33,-1,119,33,117,-1,117,33,35,-1,117,35,115,-1,115,35,37,-1,115,37,113,-1,113,37,39,-1,113,39,111,-1,111,39,41,-1,111,41,43,-1,127,129,21,-1,21,129,131,-1,21,131,17,-1,17,131,133,-1,17,133,14,-1,14,133,135,-1,14,135,3,-1,85,87,61,-1,61,87,88,-1,61,88,59,-1,59,88,92,-1,59,92,57,-1,57,92,94,-1,57,94,55,-1,55,94,96,-1,55,96,53,-1,53,96,98,-1,53,98,51,-1,51,98,100,-1,51,100,49,-1,49,100,102,-1,49,102,47,-1,47,102,107,-1,47,107,45,-1,45,107,105,-1,45,105,104,-1,136,137,138,-1,138,137,139,-1,140,136,141,-1,141,136,138,-1,140,141,142,-1,140,142,143,-1,143,142,144,-1,143,144,145,-1,146,145,147,-1,147,145,144,-1,148,146,149,-1,149,146,147,-1,150,151,152,-1,152,151,148,-1,152,148,149,-1,153,151,154,-1,154,151,150,-1,155,156,157,-1,157,156,153,-1,157,153,154,-1,158,159,160,-1,160,159,156,-1,160,156,155,-1,159,158,161,-1,159,161,162,-1,162,161,163,-1,162,163,164,-1,163,165,164,-1,164,165,166,-1,164,166,167,-1,167,166,168,-1,167,168,169,-1,169,168,170,-1,169,170,171,-1,171,170,172,-1,171,172,173,-1,173,172,174,-1,173,174,175,-1,176,175,177,-1,177,175,174,-1,176,177,178,-1,176,178,179,-1,179,178,180,-1,179,180,181,-1,181,180,182,-1,181,182,183,-1,183,182,184,-1,183,184,185,-1,184,186,185,-1,185,186,187,-1,185,187,188,-1,188,187,189,-1,188,189,190,-1,190,189,191,-1,190,191,192,-1,192,191,193,-1,192,193,194,-1,139,137,195,-1,195,137,194,-1,195,194,193,-1,143,145,194,-1,137,136,194,-1,194,136,140,-1,194,140,143,-1,151,153,148,-1,148,153,156,-1,148,156,146,-1,192,162,190,-1,190,162,164,-1,175,176,173,-1,173,176,179,-1,173,179,171,-1,171,179,181,-1,171,181,169,-1,169,181,183,-1,169,183,167,-1,167,183,185,-1,167,185,164,-1,164,185,188,-1,164,188,190,-1,145,146,194,-1,194,146,156,-1,194,156,192,-1,192,156,159,-1,192,159,162,-1,196,197,198,-1,198,197,199,-1,200,201,202,-1,202,201,196,-1,202,196,198,-1,203,201,204,-1,204,201,200,-1,205,206,207,-1,207,206,203,-1,207,203,204,-1,208,206,209,-1,209,206,205,-1,210,211,212,-1,212,211,208,-1,212,208,209,-1,213,211,214,-1,214,211,210,-1,215,216,217,-1,217,216,213,-1,217,213,214,-1,218,216,219,-1,219,216,215,-1,220,221,222,-1,222,221,218,-1,222,218,219,-1,223,221,224,-1,224,221,220,-1,199,197,225,-1,225,197,223,-1,225,223,224,-1,223,197,196,-1,196,201,223,-1,223,201,203,-1,223,203,221,-1,216,218,213,-1,213,218,221,-1,213,221,211,-1,211,221,203,-1,211,203,208,-1,208,203,206,-1,226,227,228,-1,228,227,229,-1,228,229,230,-1,230,229,231,-1,230,231,232,-1,232,231,233,-1,232,233,234,-1,234,233,235,-1,234,235,236,-1,236,235,237,-1,236,237,238,-1,238,237,239,-1,238,239,240,-1,240,239,241,-1,240,241,242,-1,242,241,243,-1,243,241,244,-1,243,244,245,-1,245,244,246,-1,245,246,247,-1,247,246,248,-1,247,248,249,-1,249,248,250,-1,249,250,251,-1,251,250,252,-1,251,252,253,-1,253,252,254,-1,253,254,255,-1,255,254,256,-1,255,256,257,-1,257,256,258,-1,257,258,259,-1,259,258,260,-1,259,260,226,-1,226,260,261,-1,226,261,227,-1,235,233,262,-1,262,233,263,-1,235,262,264,-1,235,264,237,-1,237,264,265,-1,237,265,239,-1,239,265,266,-1,239,266,241,-1,241,266,267,-1,241,267,244,-1,244,267,268,-1,244,268,246,-1,246,268,269,-1,246,269,248,-1,248,269,270,-1,248,270,250,-1,250,270,271,-1,250,271,252,-1,252,271,272,-1,252,272,254,-1,254,272,273,-1,254,273,256,-1,256,273,274,-1,256,274,258,-1,258,274,275,-1,258,275,260,-1,260,275,276,-1,260,276,261,-1,261,276,277,-1,261,277,227,-1,227,277,278,-1,227,278,229,-1,231,229,279,-1,279,229,278,-1,233,231,263,-1,263,231,279,-1,228,230,280,-1,280,230,281,-1,230,232,281,-1,281,232,282,-1,232,234,282,-1,282,234,283,-1,242,284,285,-1,242,285,240,-1,240,285,286,-1,240,286,238,-1,238,286,287,-1,238,287,236,-1,236,287,283,-1,236,283,234,-1,249,288,289,-1,249,289,247,-1,247,289,290,-1,247,290,245,-1,245,290,291,-1,245,291,243,-1,243,291,284,-1,243,284,242,-1,257,292,293,-1,257,293,255,-1,255,293,294,-1,255,294,253,-1,253,294,295,-1,253,295,251,-1,251,295,288,-1,251,288,249,-1,228,280,296,-1,228,296,226,-1,226,296,297,-1,226,297,259,-1,259,297,292,-1,259,292,257,-1,
        ]
    }
}
Shape{
    appearance Appearance {
        material  Material 	{
            diffuseColor 0.2235294117647059 0.2235294117647059 0.2235294117647059
            specularColor 0.11372549019607843 0.11372549019607843 0.11372549019607843
            ambientIntensity 0.2235
            transparency 0.0
            shininess 0.5
        }
    }
    geometry IndexedFaceSet {
        ccw TRUE
        solid FALSE
        coord DEF co Coordinate {
            point [
                2.559 0.4374 1.2535, 2.559 0.4374 1.1609, 2.559 0.4555 1.2535, 2.559 0.4548 1.1609, 2.559 0.469 1.1623, 2.559 0.4795 1.1658, 2.559 0.4877 1.1708, 2.559 0.4905 1.1734, 2.559 0.4968 1.1813, 2.559 0.5008 1.1903, 2.559 0.503 1.2015, 2.559 0.5034 1.2083, 2.559 0.502 1.2218, 2.559 0.4988 1.231, 2.559 0.4943 1.2379, 2.559 0.4902 1.2422, 2.559 0.4708 1.2518, 2.559 0.4813 1.2481
            ]
        }
        coordIndex [
            0,1,2,-1,2,1,3,-1,2,3,4,-1,4,5,2,-1,2,5,6,-1,2,6,7,-1,7,8,2,-1,2,8,9,-1,2,9,10,-1,10,11,2,-1,2,11,12,-1,2,12,13,-1,13,14,2,-1,2,14,15,-1,2,15,16,-1,16,15,17,-1,
        ]
    }
}
Shape{
    appearance Appearance {
        material  Material 	{
            diffuseColor 1.0 1.0 1.0
            specularColor 0.5019607843137255 0.5019607843137255 0.5019607843137255
            ambientIntensity 1.0
            transparency 0.0
            shininess 0.5
        }
    }
    geometry IndexedFaceSet {
        ccw TRUE
        solid FALSE
        coord DEF co Coordinate {
            point [
                2.5591 0.5599 1.1936, 2.5591 0.555 1.18, 2.5591 0.6002 1.1936, 2.5591 0.605 1.18, 2.5591 0.5779 1.2435, 2.5591 0.5721 1.2673, 2.5591 0.5263 1.1472, 2.5591 0.5434 1.1472, 2.5591 0.5789 1.2471, 2.5591 0.5798 1.2519, 2.5591 0.5886 1.2673, 2.5591 0.5802 1.2519, 2.5591 0.5812 1.2468, 2.5591 0.5821 1.2435, 2.5591 0.6344 1.1472, 2.5591 0.6173 1.1472, 2.559 0.5886 1.2673, 2.559 0.6344 1.1472, 2.559 0.5721 1.2673, 2.559 0.5263 1.1472, 2.559 0.5434 1.1472, 2.559 0.555 1.18, 2.559 0.605 1.18, 2.559 0.6173 1.1472, 2.559 0.5599 1.1936, 2.559 0.6002 1.1936, 2.559 0.5821 1.2435, 2.559 0.5802 1.2519, 2.559 0.5812 1.2468, 2.559 0.5798 1.2519, 2.559 0.5779 1.2435, 2.559 0.5789 1.2471
            ]
        }
        coordIndex [
            0,1,2,-1,2,1,3,-1,4,5,0,-1,0,5,6,-1,0,6,1,-1,1,6,7,-1,4,8,5,-1,5,8,9,-1,5,9,10,-1,10,9,11,-1,10,11,12,-1,12,13,10,-1,10,13,2,-1,10,2,14,-1,14,2,3,-1,14,3,15,-1,10,14,16,-1,16,14,17,-1,5,10,18,-1,18,10,16,-1,6,5,19,-1,19,5,18,-1,7,6,20,-1,20,6,19,-1,1,7,21,-1,21,7,20,-1,3,1,22,-1,22,1,21,-1,15,3,23,-1,23,3,22,-1,14,15,17,-1,17,15,23,-1,0,2,24,-1,24,2,25,-1,2,13,25,-1,25,13,26,-1,11,27,28,-1,11,28,12,-1,12,28,26,-1,12,26,13,-1,11,9,27,-1,27,9,29,-1,4,30,31,-1,4,31,8,-1,8,31,29,-1,8,29,9,-1,4,0,30,-1,30,0,24,-1,
        ]
    }
}
Shape{
    appearance Appearance {
        material  Material 	{
            diffuseColor 0.2235294117647059 0.2235294117647059 0.2235294117647059
            specularColor 0.11372549019607843 0.11372549019607843 0.11372549019607843
            ambientIntensity 0.2235
            transparency 0.0
            shininess 0.5
        }
    }
    geometry IndexedFaceSet {
        ccw TRUE
        solid FALSE
        coord DEF co Coordinate {
            point [
                2.559 0.5802 1.2519, 2.559 0.5798 1.2519, 2.559 0.5812 1.2468, 2.559 0.5789 1.2471, 2.559 0.5821 1.2435, 2.559 0.5779 1.2435, 2.559 0.6002 1.1936, 2.559 0.5599 1.1936
            ]
        }
        coordIndex [
            0,1,2,-1,2,1,3,-1,2,3,4,-1,4,3,5,-1,4,5,6,-1,6,5,7,-1,
        ]
    }
}
Shape{
    appearance Appearance {
        material  Material 	{
            diffuseColor 1.0 1.0 1.0
            specularColor 0.5019607843137255 0.5019607843137255 0.5019607843137255
            ambientIntensity 1.0
            transparency 0.0
            shininess 0.5
        }
    }
    geometry IndexedFaceSet {
        ccw TRUE
        solid FALSE
        coord DEF co Coordinate {
            point [
                2.5591 -0.5511 1.354, 2.5591 -0.5321 1.3641, 2.5591 -0.5365 1.4167, 2.5591 -0.3861 1.1267, 2.5591 -0.376 1.1457, 2.5591 -0.371 1.1668, 2.5591 -0.4832 1.4192, 2.5591 -0.4568 1.3568, 2.5591 -0.4437 1.3839, 2.5591 -0.4884 1.1645, 2.5591 -0.49 1.1725, 2.5591 -0.5362 1.2057, 2.5591 -0.537 1.1485, 2.5591 -0.5478 1.1517, 2.5591 -0.5548 1.2172, 2.5591 -0.5029 1.4209, 2.5591 -0.251 1.2475, 2.5591 -0.2774 1.2928, 2.5591 -0.3705 1.1843, 2.5591 -0.3919 1.233, 2.5591 -0.3705 1.1758, 2.5591 -0.4161 1.1003, 2.5591 -0.3991 1.1121, 2.5591 -0.485 1.1573, 2.5591 -0.5157 1.1144, 2.5591 -0.5284 1.1301, 2.5591 -0.2228 1.3321, 2.5591 -0.2159 1.3321, 2.5591 -0.1809 1.3782, 2.5591 -0.1997 1.33, 2.5591 -0.1768 1.3768, 2.5591 -0.1848 1.3243, 2.5591 -0.1514 1.3642, 2.5591 -0.1282 1.3446, 2.5591 -0.4657 1.4395, 2.5591 -0.4245 1.4067, 2.5591 -0.4457 1.4567, 2.5591 -0.4017 1.4234, 2.5591 -0.4248 1.4697, 2.5591 -0.511 1.3692, 2.5591 -0.502 1.3696, 2.5591 -0.493 1.4203, 2.5591 -0.4818 1.3671, 2.5591 -0.4627 1.3601, 2.5591 -0.4297 1.1556, 2.5591 -0.4343 1.1503, 2.5591 -0.4408 1.1457, 2.5591 -0.4352 1.0929, 2.5591 -0.4482 1.1427, 2.5591 -0.4559 1.0904, 2.5591 -0.4568 1.1416, 2.5591 -0.4591 1.0905, 2.5591 -0.4582 1.1417, 2.5591 -0.4793 1.0936, 2.5591 -0.4659 1.1429, 2.5591 -0.499 1.1019, 2.5591 -0.4736 1.1462, 2.5591 -0.4801 1.1512, 2.5591 -0.4256 1.1868, 2.5591 -0.4237 1.1789, 2.5591 -0.4237 1.1711, 2.5591 -0.4257 1.1629, 2.5591 -0.128 1.1852, 2.5591 -0.1677 1.2191, 2.5591 -0.1512 1.1655, 2.5591 -0.1804 1.2088, 2.5591 -0.1773 1.1528, 2.5591 -0.1954 1.2018, 2.5591 -0.2057 1.1468, 2.5591 -0.2108 1.1988, 2.5591 -0.2561 1.1468, 2.5591 -0.2492 1.1988, 2.5591 -0.2609 1.1475, 2.5591 -0.4895 1.1808, 2.5591 -0.487 1.1888, 2.5591 -0.5268 1.224, 2.5591 -0.4826 1.1959, 2.5591 -0.5126 1.2401, 2.5591 -0.4792 1.1995, 2.5591 -0.4952 1.2523, 2.5591 -0.4726 1.2042, 2.5591 -0.4763 1.2595, 2.5591 -0.4651 1.2072, 2.5591 -0.4559 1.262, 2.5591 -0.4568 1.2082, 2.5591 -0.4456 1.2614, 2.5591 -0.4496 1.2075, 2.5591 -0.4249 1.2563, 2.5591 -0.4417 1.2046, 2.5591 -0.4068 1.2466, 2.5591 -0.4348 1.2, 2.5591 -0.4293 1.1938, 2.5591 -0.1715 1.315, 2.5591 -0.1618 1.3042, 2.5591 -0.1108 1.3203, 2.5591 -0.1538 1.2894, 2.5591 -0.1003 1.2942, 2.5591 -0.1498 1.273, 2.5591 -0.0964 1.2663, 2.5591 -0.1493 1.2654, 2.5591 -0.1003 1.2359, 2.5591 -0.1514 1.2488, 2.5591 -0.111 1.2088, 2.5591 -0.1573 1.2336, 2.5591 -0.1667 1.2203, 2.5591 -0.227 1.4456, 2.5591 -0.2605 1.4065, 2.5591 -0.1987 1.4128, 2.5591 -0.2413 1.3835, 2.5591 -0.228 1.356, 2.5591 -0.5848 1.3049, 2.5591 -0.641 1.2907, 2.5591 -0.5874 1.2842, 2.5591 -0.6412 1.2825, 2.5591 -0.5864 1.271, 2.5591 -0.6371 1.249, 2.5591 -0.5802 1.2501, 2.5591 -0.6248 1.2173, 2.5591 -0.5701 1.2329, 2.5591 -0.6053 1.1894, 2.5591 -0.5787 1.1667, 2.5591 -0.3854 1.4848, 2.5591 -0.3738 1.4347, 2.5591 -0.3432 1.49, 2.5591 -0.3423 1.4388, 2.5591 -0.3079 1.4863, 2.5591 -0.3133 1.4352, 2.5591 -0.2651 1.4712, 2.5591 -0.2866 1.425, 2.5591 -0.2626 1.4083, 2.5591 -0.5682 1.4044, 2.5591 -0.5953 1.3853, 2.5591 -0.5657 1.341, 2.5591 -0.6011 1.3799, 2.5591 -0.5775 1.324, 2.5591 -0.6216 1.3535, 2.5591 -0.6352 1.3228, 2.5591 -0.2535 1.1996, 2.5591 -0.2741 1.1557, 2.5591 -0.2721 1.1537, 2.5591 -0.251 1.1991, 2.5591 -0.2665 1.1498, 2.5591 -0.2808 1.1732, 2.5591 -0.28 1.1669, 2.5591 -0.2778 1.1611, 2.5591 -0.261 1.1988, 2.5591 -0.2668 1.1965, 2.5591 -0.2806 1.1766, 2.5591 -0.2721 1.1928, 2.5591 -0.2756 1.1889, 2.5591 -0.2789 1.1831, 2.5591 -0.2544 1.1997, 2.559 -0.0964 1.2663, 2.559 -0.1003 1.2942, 2.559 -0.1032 1.3015, 2.559 -0.1108 1.3203, 2.559 -0.1282 1.3446, 2.559 -0.1514 1.3642, 2.559 -0.1768 1.3768, 2.559 -0.1809 1.3782, 2.559 -0.1987 1.4128, 2.559 -0.227 1.4456, 2.559 -0.2467 1.4588, 2.559 -0.2651 1.4712, 2.559 -0.3079 1.4863, 2.559 -0.3432 1.49, 2.559 -0.4457 1.4567, 2.559 -0.4423 1.4588, 2.559 -0.4248 1.4697, 2.559 -0.3854 1.4848, 2.559 -0.4657 1.4395, 2.559 -0.4832 1.4192, 2.559 -0.493 1.4203, 2.559 -0.5029 1.4209, 2.559 -0.5365 1.4167, 2.559 -0.5682 1.4044, 2.559 -0.5953 1.3853, 2.559 -0.6011 1.3799, 2.559 -0.6412 1.2825, 2.559 -0.6216 1.3535, 2.559 -0.6352 1.3228, 2.559 -0.639 1.3015, 2.559 -0.641 1.2907, 2.559 -0.6371 1.249, 2.559 -0.6248 1.2173, 2.559 -0.6053 1.1894, 2.559 -0.5787 1.1667, 2.559 -0.5478 1.1517, 2.559 -0.537 1.1485, 2.559 -0.5359 1.1462, 2.559 -0.5284 1.1301, 2.559 -0.5157 1.1144, 2.559 -0.499 1.1019, 2.559 -0.4912 1.0986, 2.559 -0.4793 1.0936, 2.559 -0.4591 1.0905, 2.559 -0.4559 1.0904, 2.559 -0.3705 1.1758, 2.559 -0.4352 1.0929, 2.559 -0.4206 1.0986, 2.559 -0.4161 1.1003, 2.559 -0.3991 1.1121, 2.559 -0.3861 1.1267, 2.559 -0.376 1.1457, 2.559 -0.3759 1.1462, 2.559 -0.371 1.1668, 2.559 -0.3705 1.1843, 2.559 -0.251 1.2475, 2.559 -0.2774 1.2928, 2.559 -0.3919 1.233, 2.559 -0.4068 1.2466, 2.559 -0.4249 1.2563, 2.559 -0.4456 1.2614, 2.559 -0.4559 1.262, 2.559 -0.4763 1.2595, 2.559 -0.4952 1.2523, 2.559 -0.5126 1.2401, 2.559 -0.5268 1.224, 2.559 -0.5362 1.2057, 2.559 -0.5548 1.2172, 2.559 -0.5701 1.2329, 2.559 -0.5802 1.2501, 2.559 -0.5864 1.271, 2.559 -0.5874 1.2842, 2.559 -0.5853 1.3015, 2.559 -0.5848 1.3049, 2.559 -0.5775 1.324, 2.559 -0.5657 1.341, 2.559 -0.5511 1.354, 2.559 -0.5321 1.3641, 2.559 -0.511 1.3692, 2.559 -0.502 1.3696, 2.559 -0.4818 1.3671, 2.559 -0.4627 1.3601, 2.559 -0.4568 1.3568, 2.559 -0.4437 1.3839, 2.559 -0.4245 1.4067, 2.559 -0.4017 1.4234, 2.559 -0.3738 1.4347, 2.559 -0.3423 1.4388, 2.559 -0.3133 1.4352, 2.559 -0.2866 1.425, 2.559 -0.2626 1.4083, 2.559 -0.2605 1.4065, 2.559 -0.2413 1.3835, 2.559 -0.228 1.356, 2.559 -0.2228 1.3321, 2.559 -0.2159 1.3321, 2.559 -0.1997 1.33, 2.559 -0.1848 1.3243, 2.559 -0.1715 1.315, 2.559 -0.1618 1.3042, 2.559 -0.1603 1.3015, 2.559 -0.1538 1.2894, 2.559 -0.1498 1.273, 2.559 -0.1493 1.2654, 2.559 -0.1514 1.2488, 2.559 -0.1573 1.2336, 2.559 -0.1667 1.2203, 2.559 -0.1677 1.2191, 2.559 -0.1804 1.2088, 2.559 -0.1954 1.2018, 2.559 -0.2108 1.1988, 2.559 -0.2492 1.1988, 2.559 -0.251 1.1991, 2.559 -0.2535 1.1996, 2.559 -0.2544 1.1997, 2.559 -0.261 1.1988, 2.559 -0.2668 1.1965, 2.559 -0.2721 1.1928, 2.559 -0.2756 1.1889, 2.559 -0.2789 1.1831, 2.559 -0.2806 1.1766, 2.559 -0.2808 1.1732, 2.559 -0.28 1.1669, 2.559 -0.2778 1.1611, 2.559 -0.2741 1.1557, 2.559 -0.2721 1.1537, 2.559 -0.2665 1.1498, 2.559 -0.2609 1.1475, 2.559 -0.2561 1.1468, 2.559 -0.2057 1.1468, 2.559 -0.1773 1.1528, 2.559 -0.1512 1.1655, 2.559 -0.128 1.1852, 2.559 -0.111 1.2088, 2.559 -0.1003 1.2359, 2.559 -0.4568 1.2082, 2.559 -0.4496 1.2075, 2.559 -0.4417 1.2046, 2.559 -0.4348 1.2, 2.559 -0.4293 1.1938, 2.559 -0.4256 1.1868, 2.559 -0.4237 1.1789, 2.559 -0.4237 1.1711, 2.559 -0.4257 1.1629, 2.559 -0.4297 1.1556, 2.559 -0.4343 1.1503, 2.559 -0.4408 1.1457, 2.559 -0.4482 1.1427, 2.559 -0.4568 1.1416, 2.559 -0.4582 1.1417, 2.559 -0.4659 1.1429, 2.559 -0.4736 1.1462, 2.559 -0.4801 1.1512, 2.559 -0.485 1.1573, 2.559 -0.4884 1.1645, 2.559 -0.49 1.1725, 2.559 -0.4895 1.1808, 2.559 -0.487 1.1888, 2.559 -0.4826 1.1959, 2.559 -0.4792 1.1995, 2.559 -0.4726 1.2042, 2.559 -0.4651 1.2072
            ]
        }
        coordIndex [
            0,1,2,-1,3,4,5,-1,6,7,8,-1,9,10,11,-1,12,11,13,-1,13,11,14,-1,2,1,15,-1,16,17,18,-1,18,17,19,-1,18,19,20,-1,20,19,21,-1,20,21,5,-1,5,21,22,-1,5,22,3,-1,23,9,24,-1,24,9,11,-1,24,11,25,-1,25,11,12,-1,26,27,28,-1,28,27,29,-1,28,29,30,-1,30,29,31,-1,30,31,32,-1,32,31,33,-1,6,8,34,-1,34,8,35,-1,34,35,36,-1,36,35,37,-1,36,37,38,-1,1,39,15,-1,15,39,40,-1,15,40,41,-1,41,40,42,-1,41,42,6,-1,6,42,43,-1,6,43,7,-1,44,45,21,-1,21,45,46,-1,21,46,47,-1,47,46,48,-1,47,48,49,-1,49,48,50,-1,49,50,51,-1,51,50,52,-1,51,52,53,-1,53,52,54,-1,53,54,55,-1,55,54,56,-1,55,56,24,-1,24,56,57,-1,24,57,23,-1,58,59,19,-1,19,59,60,-1,19,60,21,-1,21,60,61,-1,21,61,44,-1,62,63,64,-1,64,63,65,-1,64,65,66,-1,66,65,67,-1,66,67,68,-1,68,67,69,-1,68,69,70,-1,70,69,71,-1,70,71,72,-1,10,73,11,-1,11,73,74,-1,11,74,75,-1,75,74,76,-1,75,76,77,-1,77,76,78,-1,77,78,79,-1,79,78,80,-1,79,80,81,-1,81,80,82,-1,81,82,83,-1,83,82,84,-1,83,84,85,-1,85,84,86,-1,85,86,87,-1,87,86,88,-1,87,88,89,-1,89,88,90,-1,89,90,19,-1,19,90,91,-1,19,91,58,-1,31,92,33,-1,33,92,93,-1,33,93,94,-1,94,93,95,-1,94,95,96,-1,96,95,97,-1,96,97,98,-1,98,97,99,-1,98,99,100,-1,100,99,101,-1,100,101,102,-1,102,101,103,-1,102,103,62,-1,62,103,104,-1,62,104,63,-1,105,106,107,-1,107,106,108,-1,107,108,28,-1,28,108,109,-1,28,109,26,-1,110,111,112,-1,112,111,113,-1,112,113,114,-1,114,113,115,-1,114,115,116,-1,116,115,117,-1,116,117,118,-1,118,117,119,-1,118,119,14,-1,14,119,120,-1,14,120,13,-1,38,37,121,-1,121,37,122,-1,121,122,123,-1,123,122,124,-1,123,124,125,-1,125,124,126,-1,125,126,127,-1,127,126,128,-1,127,128,105,-1,105,128,129,-1,105,129,106,-1,2,130,0,-1,0,130,131,-1,0,131,132,-1,132,131,133,-1,132,133,134,-1,134,133,135,-1,134,135,110,-1,110,135,136,-1,110,136,111,-1,137,138,139,-1,71,140,72,-1,72,140,137,-1,72,137,141,-1,141,137,139,-1,142,143,137,-1,137,143,144,-1,137,144,138,-1,145,146,147,-1,146,148,147,-1,147,148,149,-1,147,149,150,-1,142,137,147,-1,147,137,151,-1,147,151,145,-1,98,152,153,-1,98,153,96,-1,96,153,154,-1,96,154,94,-1,154,155,94,-1,94,155,156,-1,94,156,33,-1,33,156,157,-1,33,157,32,-1,32,157,158,-1,32,158,30,-1,30,158,159,-1,30,159,28,-1,28,159,160,-1,28,160,107,-1,107,160,161,-1,107,161,105,-1,105,161,162,-1,105,162,127,-1,162,163,127,-1,127,163,164,-1,127,164,125,-1,125,164,165,-1,125,165,123,-1,166,36,167,-1,167,36,38,-1,167,38,168,-1,168,38,121,-1,168,121,169,-1,169,121,123,-1,169,123,165,-1,36,166,170,-1,36,170,34,-1,34,170,171,-1,34,171,6,-1,6,171,172,-1,6,172,41,-1,41,172,173,-1,41,173,15,-1,15,173,174,-1,15,174,2,-1,2,174,175,-1,2,175,130,-1,130,175,176,-1,130,176,131,-1,131,176,177,-1,131,177,133,-1,178,113,111,-1,133,177,179,-1,133,179,135,-1,135,179,180,-1,135,180,136,-1,136,180,181,-1,136,181,111,-1,111,181,182,-1,111,182,178,-1,113,178,183,-1,113,183,115,-1,115,183,184,-1,115,184,117,-1,117,184,185,-1,117,185,119,-1,119,185,186,-1,119,186,120,-1,120,186,187,-1,120,187,13,-1,13,187,188,-1,13,188,12,-1,12,188,189,-1,12,189,25,-1,189,190,25,-1,25,190,191,-1,25,191,24,-1,24,191,192,-1,24,192,55,-1,55,192,193,-1,55,193,53,-1,193,194,53,-1,53,194,195,-1,53,195,51,-1,51,195,196,-1,51,196,49,-1,197,20,5,-1,49,196,198,-1,49,198,47,-1,47,198,199,-1,47,199,21,-1,199,200,21,-1,21,200,201,-1,21,201,22,-1,22,201,202,-1,22,202,3,-1,3,202,203,-1,3,203,4,-1,4,203,204,-1,4,204,5,-1,5,204,205,-1,5,205,197,-1,18,20,206,-1,206,20,197,-1,16,18,207,-1,207,18,206,-1,17,16,208,-1,208,16,207,-1,19,17,209,-1,209,17,208,-1,19,209,210,-1,19,210,89,-1,89,210,211,-1,89,211,87,-1,87,211,212,-1,87,212,85,-1,85,212,213,-1,85,213,83,-1,83,213,214,-1,83,214,81,-1,81,214,215,-1,81,215,79,-1,79,215,216,-1,79,216,77,-1,77,216,217,-1,77,217,75,-1,75,217,218,-1,75,218,11,-1,11,218,219,-1,11,219,14,-1,14,219,220,-1,14,220,118,-1,118,220,221,-1,118,221,116,-1,116,221,222,-1,116,222,114,-1,114,222,223,-1,114,223,112,-1,110,112,224,-1,224,112,223,-1,224,225,110,-1,110,225,226,-1,110,226,134,-1,134,226,227,-1,134,227,132,-1,132,227,228,-1,132,228,0,-1,0,228,229,-1,0,229,1,-1,1,229,230,-1,1,230,39,-1,39,230,231,-1,39,231,40,-1,40,231,232,-1,40,232,42,-1,42,232,233,-1,42,233,43,-1,43,233,234,-1,43,234,7,-1,7,234,235,-1,7,235,8,-1,8,235,236,-1,8,236,35,-1,35,236,237,-1,35,237,37,-1,37,237,238,-1,37,238,122,-1,122,238,239,-1,122,239,124,-1,124,239,240,-1,124,240,126,-1,126,240,241,-1,126,241,128,-1,128,241,242,-1,128,242,129,-1,129,242,243,-1,129,243,106,-1,106,243,244,-1,106,244,108,-1,108,244,245,-1,108,245,109,-1,109,245,246,-1,109,246,26,-1,27,26,247,-1,247,26,246,-1,27,247,248,-1,27,248,29,-1,29,248,249,-1,29,249,31,-1,31,249,250,-1,31,250,92,-1,92,250,251,-1,92,251,93,-1,93,251,252,-1,93,252,95,-1,252,253,95,-1,95,253,254,-1,95,254,97,-1,97,254,255,-1,97,255,99,-1,99,255,256,-1,99,256,101,-1,101,256,257,-1,101,257,103,-1,103,257,258,-1,103,258,104,-1,104,258,259,-1,104,259,63,-1,63,259,260,-1,63,260,65,-1,65,260,261,-1,65,261,67,-1,67,261,262,-1,67,262,69,-1,71,69,263,-1,263,69,262,-1,71,263,264,-1,71,264,140,-1,140,264,265,-1,140,265,137,-1,137,265,266,-1,137,266,151,-1,151,266,267,-1,151,267,145,-1,145,267,268,-1,145,268,146,-1,146,268,269,-1,146,269,148,-1,148,269,270,-1,148,270,149,-1,149,270,271,-1,149,271,150,-1,150,271,272,-1,150,272,147,-1,147,272,273,-1,147,273,142,-1,142,273,274,-1,142,274,143,-1,143,274,275,-1,143,275,144,-1,144,275,276,-1,144,276,138,-1,138,276,277,-1,138,277,139,-1,139,277,278,-1,139,278,141,-1,141,278,279,-1,141,279,72,-1,72,279,280,-1,72,280,70,-1,68,70,281,-1,281,70,280,-1,68,281,282,-1,68,282,66,-1,66,282,283,-1,66,283,64,-1,64,283,284,-1,64,284,62,-1,62,284,285,-1,62,285,102,-1,102,285,286,-1,102,286,100,-1,100,286,152,-1,100,152,98,-1,84,287,288,-1,84,288,86,-1,86,288,289,-1,86,289,88,-1,88,289,290,-1,88,290,90,-1,90,290,291,-1,90,291,91,-1,91,291,292,-1,91,292,58,-1,58,292,293,-1,58,293,59,-1,59,293,294,-1,59,294,60,-1,60,294,295,-1,60,295,61,-1,61,295,296,-1,61,296,44,-1,44,296,297,-1,44,297,45,-1,45,297,298,-1,45,298,46,-1,46,298,299,-1,46,299,48,-1,48,299,300,-1,48,300,50,-1,50,300,301,-1,50,301,52,-1,52,301,302,-1,52,302,54,-1,54,302,303,-1,54,303,56,-1,56,303,304,-1,56,304,57,-1,57,304,305,-1,57,305,23,-1,23,305,306,-1,23,306,9,-1,9,306,307,-1,9,307,10,-1,10,307,308,-1,10,308,73,-1,73,308,309,-1,73,309,74,-1,74,309,310,-1,74,310,76,-1,76,310,311,-1,76,311,78,-1,78,311,312,-1,78,312,80,-1,80,312,313,-1,80,313,82,-1,82,313,287,-1,82,287,84,-1,
        ]
    }
}
Shape{
    appearance Appearance {
        material  Material 	{
            diffuseColor 0.2235294117647059 0.2235294117647059 0.2235294117647059
            specularColor 0.11372549019607843 0.11372549019607843 0.11372549019607843
            ambientIntensity 0.2235
            transparency 0.0
            shininess 0.5
        }
    }
    geometry IndexedFaceSet {
        ccw TRUE
        solid FALSE
        coord DEF co Coordinate {
            point [
                2.559 -0.4582 1.1417, 2.559 -0.4792 1.1995, 2.559 -0.4826 1.1959, 2.559 -0.4482 1.1427, 2.559 -0.4408 1.1457, 2.559 -0.4496 1.2075, 2.559 -0.4568 1.2082, 2.559 -0.4651 1.2072, 2.559 -0.4726 1.2042, 2.559 -0.4884 1.1645, 2.559 -0.485 1.1573, 2.559 -0.4801 1.1512, 2.559 -0.4568 1.1416, 2.559 -0.487 1.1888, 2.559 -0.4895 1.1808, 2.559 -0.49 1.1725, 2.559 -0.4736 1.1462, 2.559 -0.4659 1.1429, 2.559 -0.4343 1.1503, 2.559 -0.4297 1.1556, 2.559 -0.4257 1.1629, 2.559 -0.4237 1.1711, 2.559 -0.4237 1.1789, 2.559 -0.4256 1.1868, 2.559 -0.4293 1.1938, 2.559 -0.4348 1.2, 2.559 -0.4417 1.2046
            ]
        }
        coordIndex [
            0,1,2,-1,3,4,5,-1,6,7,0,-1,0,7,8,-1,0,8,1,-1,9,10,2,-1,2,10,11,-1,6,0,5,-1,5,0,12,-1,5,12,3,-1,13,14,2,-1,2,14,15,-1,2,15,9,-1,11,16,2,-1,2,16,17,-1,2,17,0,-1,4,18,5,-1,5,18,19,-1,5,19,20,-1,20,21,5,-1,5,21,22,-1,5,22,23,-1,23,24,5,-1,5,24,25,-1,5,25,26,-1,
        ]
    }
}
Shape{
    appearance Appearance {
        material  Material 	{
            diffuseColor 0.8509803921568627 0.8509803921568627 0.8509803921568627
            specularColor 0.4235294117647059 0.4235294117647059 0.4235294117647059
            ambientIntensity 0.851
            transparency 0.0
            shininess 0.5
        }
    }
    geometry IndexedFaceSet {
        ccw TRUE
        solid FALSE
        coord DEF co Coordinate {
            point [
                0.5071 -1.2402 1.0433, 2.3622 -1.2402 1.0433, 0.5071 -1.3386 1.0433, 2.3622 -1.3386 1.0433, 2.3622 1.2402 1.0433, 0.5071 1.2402 1.0433, 2.3622 1.3386 1.0433, 0.5071 1.3386 1.0433, 0.4562 1.2402 1.05, 0.9632 1.2402 1.3004, 0.9881 1.2402 1.2917, -0.9081 1.2402 2.0011, -0.2998 1.2402 1.544, -0.9221 1.2402 2.0235, -0.9408 1.2402 2.0422, -0.5072 1.2402 1.0433, -0.9408 1.2402 1.3145, -0.9632 1.2402 1.3004, -0.2688 1.2402 1.6189, -0.2194 1.2402 1.6831, -0.9632 1.2402 2.0563, -2.0535 1.2402 1.9761, -2.0447 1.2402 2.0011, -2.5591 1.2402 2.8347, -0.1552 1.2402 1.7324, -0.0803 1.2402 1.7634, -0.0 1.2402 1.774, 2.559 1.2402 2.8347, 0.0803 1.2402 1.7634, 0.1551 1.2402 1.7324, 0.9221 1.2402 1.3332, 0.908 1.2402 1.3556, 0.2997 1.2402 1.544, -0.4562 1.2402 1.05, -0.9081 1.2402 1.3556, -0.9221 1.2402 1.3332, -0.3367 1.2402 1.1417, -0.8993 1.2402 1.3806, -0.368 1.2402 1.101, -0.4088 1.2402 1.0697, -0.9882 1.2402 1.2917, -1.0145 1.2402 1.2887, -2.3622 1.2402 1.0433, -1.9383 1.2402 1.2887, -1.9646 1.2402 1.2917, 0.3103 1.2402 1.4637, 0.3103 1.2402 1.2402, 0.317 1.2402 1.1892, 0.3367 1.2402 1.1417, -0.317 1.2402 1.1892, -0.3103 1.2402 1.2402, -0.8964 1.2402 1.4068, -0.3103 1.2402 1.4637, -0.8964 1.2402 1.9499, -0.8993 1.2402 1.9761, 0.9408 1.2402 1.3145, 0.368 1.2402 1.101, 0.4087 1.2402 1.0697, -1.9896 1.2402 1.3004, -2.012 1.2402 1.3145, -2.4132 1.2402 1.05, -2.0307 1.2402 1.3332, -2.4606 1.2402 1.0697, -2.0447 1.2402 1.3556, -2.5014 1.2402 1.101, -2.5327 1.2402 1.1417, -2.0307 1.2402 2.0235, -2.012 1.2402 2.0422, -1.9896 1.2402 2.0563, -1.9646 1.2402 2.065, -1.9383 1.2402 2.068, -1.0145 1.2402 2.068, -0.9882 1.2402 2.065, 0.2687 1.2402 1.6189, 0.8993 1.2402 1.9761, 0.2194 1.2402 1.6831, 0.908 1.2402 2.0011, 0.9221 1.2402 2.0235, 0.8993 1.2402 1.3806, 0.8963 1.2402 1.4068, 0.8963 1.2402 1.9499, -2.5524 1.2402 1.1892, -2.0535 1.2402 1.3806, -2.5591 1.2402 1.2402, -2.0564 1.2402 1.4068, -2.0564 1.2402 1.9499, 0.9408 1.2402 2.0422, 0.9632 1.2402 2.0563, 1.0144 1.2402 2.068, 1.9383 1.2402 2.068, 1.9646 1.2402 2.065, 1.9895 1.2402 2.0563, 2.0119 1.2402 1.3145, 1.9895 1.2402 1.3004, 0.9881 1.2402 2.065, 2.0119 1.2402 2.0422, 2.0306 1.2402 2.0235, 2.0447 1.2402 2.0011, 1.9646 1.2402 1.2917, 1.9383 1.2402 1.2887, 1.0144 1.2402 1.2887, 2.559 1.2402 1.2402, 2.0534 1.2402 1.3806, 2.5523 1.2402 1.1892, 2.0447 1.2402 1.3556, 2.5327 1.2402 1.1417, 2.5014 1.2402 1.101, 2.0306 1.2402 1.3332, 2.4131 1.2402 1.05, 2.4606 1.2402 1.0697, 2.0534 1.2402 1.9761, 2.0564 1.2402 1.9499, 2.0564 1.2402 1.4068, -0.5072 1.3386 1.0433, -2.3622 1.3386 1.0433, 0.317 1.3386 1.1892, 0.3103 1.3386 1.2402, 0.8993 1.3386 1.3806, 0.4087 1.3386 1.0697, 0.368 1.3386 1.101, 0.908 1.3386 1.3556, 0.8963 1.3386 1.4068, 0.9632 1.3386 1.3004, 0.9408 1.3386 1.3145, 0.9221 1.3386 1.3332, 2.0534 1.3386 1.9761, 2.0447 1.3386 2.0011, 2.559 1.3386 2.8347, 0.1551 1.3386 1.7324, 0.0803 1.3386 1.7634, -0.0 1.3386 1.774, -2.5591 1.3386 2.8347, -2.012 1.3386 1.3145, -1.9896 1.3386 1.3004, 0.3367 1.3386 1.1417, 0.3103 1.3386 1.4637, 0.2997 1.3386 1.544, 0.8963 1.3386 1.9499, 0.2687 1.3386 1.6189, -0.9882 1.3386 2.065, -1.0145 1.3386 2.068, 0.4562 1.3386 1.05, 1.9646 1.3386 1.2917, 1.9895 1.3386 1.3004, 2.0119 1.3386 1.3145, 2.4131 1.3386 1.05, 2.0306 1.3386 1.3332, 2.4606 1.3386 1.0697, 2.0447 1.3386 1.3556, 2.5014 1.3386 1.101, 2.5327 1.3386 1.1417, 2.0306 1.3386 2.0235, 2.0119 1.3386 2.0422, 1.9895 1.3386 2.0563, -0.9632 1.3386 2.0563, 0.2194 1.3386 1.6831, 0.908 1.3386 2.0011, 0.8993 1.3386 1.9761, 1.9646 1.3386 2.065, 1.9383 1.3386 2.068, 1.0144 1.3386 2.068, -1.9383 1.3386 2.068, -1.9646 1.3386 2.065, -1.9896 1.3386 2.0563, -2.0307 1.3386 1.3332, -2.4132 1.3386 1.05, -2.0447 1.3386 1.3556, -2.4606 1.3386 1.0697, -2.5014 1.3386 1.101, -1.9646 1.3386 1.2917, -1.9383 1.3386 1.2887, -1.0145 1.3386 1.2887, 0.9632 1.3386 2.0563, 0.9408 1.3386 2.0422, 0.9221 1.3386 2.0235, 0.9881 1.3386 2.065, -0.0803 1.3386 1.7634, -0.1552 1.3386 1.7324, -0.2194 1.3386 1.6831, -0.2688 1.3386 1.6189, -0.8993 1.3386 1.9761, -0.9081 1.3386 2.0011, -2.012 1.3386 2.0422, -2.0307 1.3386 2.0235, -2.0447 1.3386 2.0011, -2.5591 1.3386 1.2402, -2.0535 1.3386 1.3806, -2.5524 1.3386 1.1892, -2.5327 1.3386 1.1417, 0.9881 1.3386 1.2917, 1.0144 1.3386 1.2887, 1.9383 1.3386 1.2887, 2.5523 1.3386 1.1892, 2.0534 1.3386 1.3806, 2.559 1.3386 1.2402, 2.0564 1.3386 1.4068, 2.0564 1.3386 1.9499, -0.9221 1.3386 2.0235, -0.9408 1.3386 2.0422, -0.9632 1.3386 1.3004, -0.9408 1.3386 1.3145, -0.2998 1.3386 1.544, -0.9221 1.3386 1.3332, -0.9081 1.3386 1.3556, -2.0535 1.3386 1.9761, -2.0564 1.3386 1.9499, -2.0564 1.3386 1.4068, -0.3103 1.3386 1.4637, -0.3103 1.3386 1.2402, -0.317 1.3386 1.1892, -0.3367 1.3386 1.1417, -0.368 1.3386 1.101, -0.4088 1.3386 1.0697, -0.9882 1.3386 1.2917, -0.4562 1.3386 1.05, -0.8993 1.3386 1.3806, -0.8964 1.3386 1.4068, -0.8964 1.3386 1.9499, -2.5591 1.3319 2.8856, 2.559 1.3319 2.8856, -2.5591 1.3122 2.9331, 2.559 1.3122 2.9331, -2.5591 1.2809 2.9738, 2.559 1.2809 2.9738, -2.5591 1.2402 3.0051, 2.559 1.2402 3.0051, -2.5591 1.1927 3.0248, 2.559 1.1927 3.0248, -2.5591 1.1417 3.0315, 2.559 1.1417 3.0315, -1.2368 0.7538 3.0315, -1.227 0.7776 3.0315, -1.2113 0.7979 3.0315, -1.191 0.8136 3.0315, -1.191 -0.8136 3.0315, -1.2113 -0.7979 3.0315, -2.5591 -1.1417 3.0315, -1.227 -0.7776 3.0315, 1.1672 0.8234 3.0315, 1.1909 0.8136 3.0315, 1.2113 0.7979 3.0315, 1.227 0.7776 3.0315, 1.2368 -0.7538 3.0315, 1.227 -0.7776 3.0315, 2.559 -1.1417 3.0315, 1.1672 -0.8234 3.0315, 1.1417 -0.8268 3.0315, -1.1418 -0.8268 3.0315, -1.1672 -0.8234 3.0315, 1.2113 -0.7979 3.0315, 1.1909 -0.8136 3.0315, -1.2368 -0.7538 3.0315, -1.2402 -0.7283 3.0315, -1.2402 0.7283 3.0315, -1.1672 0.8234 3.0315, -1.1418 0.8268 3.0315, 1.1417 0.8268 3.0315, 1.2368 0.7538 3.0315, 1.2401 0.7283 3.0315, 1.2401 -0.7283 3.0315, -2.5591 -1.1927 3.0248, 2.559 -1.1927 3.0248, -2.5591 -1.2402 3.0051, 2.559 -1.2402 3.0051, -2.5591 -1.2809 2.9738, 2.559 -1.2809 2.9738, -2.5591 -1.3122 2.9331, 2.559 -1.3122 2.9331, -2.5591 -1.3319 2.8856, 2.559 -1.3319 2.8856, -2.5591 -1.3386 2.8347, 2.559 -1.3386 2.8347, -0.9081 -1.3386 2.0011, -0.2998 -1.3386 1.544, -0.9221 -1.3386 2.0235, -0.9408 -1.3386 2.0422, -0.9221 -1.3386 1.3332, -0.9408 -1.3386 1.3145, -0.5072 -1.3386 1.0433, -0.9632 -1.3386 1.3004, 0.9881 -1.3386 1.2917, 0.9632 -1.3386 1.3004, -0.0 -1.3386 1.774, 0.0803 -1.3386 1.7634, 0.1551 -1.3386 1.7324, -0.3367 -1.3386 1.1417, -0.8993 -1.3386 1.3806, -0.368 -1.3386 1.101, -0.9081 -1.3386 1.3556, -0.4088 -1.3386 1.0697, -0.4562 -1.3386 1.05, -0.317 -1.3386 1.1892, -0.3103 -1.3386 1.2402, -0.8964 -1.3386 1.4068, -0.3103 -1.3386 1.4637, -0.8964 -1.3386 1.9499, -0.8993 -1.3386 1.9761, 1.9895 -1.3386 2.0563, 2.0119 -1.3386 2.0422, 2.0306 -1.3386 2.0235, 2.0447 -1.3386 2.0011, 0.9408 -1.3386 1.3145, 0.9221 -1.3386 1.3332, 0.4562 -1.3386 1.05, 0.908 -1.3386 1.3556, 0.4087 -1.3386 1.0697, 0.368 -1.3386 1.101, 0.3367 -1.3386 1.1417, 0.8993 -1.3386 1.3806, 0.317 -1.3386 1.1892, 0.2687 -1.3386 1.6189, 0.2997 -1.3386 1.544, 0.8963 -1.3386 1.4068, 0.3103 -1.3386 1.4637, 0.3103 -1.3386 1.2402, -0.9882 -1.3386 1.2917, -1.0145 -1.3386 1.2887, -2.3622 -1.3386 1.0433, -1.9383 -1.3386 1.2887, -1.9646 -1.3386 1.2917, -2.0535 -1.3386 1.9761, -2.0447 -1.3386 2.0011, -2.0307 -1.3386 2.0235, -2.012 -1.3386 2.0422, -0.2688 -1.3386 1.6189, -0.2194 -1.3386 1.6831, -0.9632 -1.3386 2.0563, -0.1552 -1.3386 1.7324, -0.0803 -1.3386 1.7634, 0.8963 -1.3386 1.9499, 0.8993 -1.3386 1.9761, 0.2194 -1.3386 1.6831, 0.908 -1.3386 2.0011, 0.9221 -1.3386 2.0235, -1.9896 -1.3386 2.0563, -1.9646 -1.3386 2.065, -1.9383 -1.3386 2.068, 1.0144 -1.3386 2.068, 1.9383 -1.3386 2.068, 1.9646 -1.3386 2.065, 2.0447 -1.3386 1.3556, 2.4606 -1.3386 1.0697, 2.5014 -1.3386 1.101, -1.0145 -1.3386 2.068, -0.9882 -1.3386 2.065, 0.9408 -1.3386 2.0422, 0.9632 -1.3386 2.0563, 0.9881 -1.3386 2.065, 2.559 -1.3386 1.2402, 2.0534 -1.3386 1.3806, 2.5523 -1.3386 1.1892, 2.5327 -1.3386 1.1417, 2.4131 -1.3386 1.05, 2.0306 -1.3386 1.3332, 2.0119 -1.3386 1.3145, 1.9895 -1.3386 1.3004, 2.0534 -1.3386 1.9761, 2.0564 -1.3386 1.9499, 2.0564 -1.3386 1.4068, 1.9646 -1.3386 1.2917, 1.9383 -1.3386 1.2887, 1.0144 -1.3386 1.2887, -1.9896 -1.3386 1.3004, -2.012 -1.3386 1.3145, -2.4132 -1.3386 1.05, -2.0307 -1.3386 1.3332, -2.4606 -1.3386 1.0697, -2.0447 -1.3386 1.3556, -2.5014 -1.3386 1.101, -2.5327 -1.3386 1.1417, -2.5524 -1.3386 1.1892, -2.0535 -1.3386 1.3806, -2.5591 -1.3386 1.2402, -2.0564 -1.3386 1.4068, -2.0564 -1.3386 1.9499, -0.5072 -1.2402 1.0433, -2.3622 -1.2402 1.0433, -1.9646 -1.2402 2.065, -1.9896 -1.2402 2.0563, -2.5591 -1.2402 2.8347, 0.0803 -1.2402 1.7634, -0.0 -1.2402 1.774, 2.559 -1.2402 2.8347, -1.9383 -1.2402 2.068, -2.012 -1.2402 1.3145, -1.9896 -1.2402 1.3004, -2.012 -1.2402 2.0422, -2.0307 -1.2402 2.0235, -2.0447 -1.2402 2.0011, 2.0534 -1.2402 1.9761, 2.0447 -1.2402 2.0011, 2.0306 -1.2402 2.0235, 2.0119 -1.2402 2.0422, 1.9895 -1.2402 2.0563, 1.9646 -1.2402 2.065, 1.9383 -1.2402 2.068, 0.9221 -1.2402 1.3332, 0.9408 -1.2402 1.3145, 0.9632 -1.2402 1.3004, 0.8963 -1.2402 1.4068, 0.2997 -1.2402 1.544, 0.8963 -1.2402 1.9499, 0.2687 -1.2402 1.6189, 0.8993 -1.2402 1.9761, 0.908 -1.2402 2.0011, 0.2194 -1.2402 1.6831, 0.9221 -1.2402 2.0235, 1.0144 -1.2402 2.068, 0.9881 -1.2402 2.065, 0.9632 -1.2402 2.0563, 0.1551 -1.2402 1.7324, 0.9408 -1.2402 2.0422, 2.5327 -1.2402 1.1417, 2.5014 -1.2402 1.101, 2.0447 -1.2402 1.3556, 2.4606 -1.2402 1.0697, 2.0306 -1.2402 1.3332, 2.4131 -1.2402 1.05, 2.0119 -1.2402 1.3145, 1.9895 -1.2402 1.3004, 1.9646 -1.2402 1.2917, 2.5523 -1.2402 1.1892, 2.0534 -1.2402 1.3806, 2.559 -1.2402 1.2402, 2.0564 -1.2402 1.4068, 2.0564 -1.2402 1.9499, -0.9632 -1.2402 2.0563, -0.9882 -1.2402 2.065, -1.0145 -1.2402 2.068, -0.9632 -1.2402 1.3004, -0.9408 -1.2402 1.3145, -0.2998 -1.2402 1.544, -0.9221 -1.2402 1.3332, -0.9081 -1.2402 1.3556, -2.5591 -1.2402 1.2402, -2.0535 -1.2402 1.3806, -2.5524 -1.2402 1.1892, -2.0447 -1.2402 1.3556, -2.5327 -1.2402 1.1417, -2.5014 -1.2402 1.101, -2.0307 -1.2402 1.3332, -2.4132 -1.2402 1.05, -2.4606 -1.2402 1.0697, -1.9646 -1.2402 1.2917, -1.9383 -1.2402 1.2887, -1.0145 -1.2402 1.2887, -0.2688 -1.2402 1.6189, -0.8993 -1.2402 1.9761, -0.2194 -1.2402 1.6831, -0.9081 -1.2402 2.0011, -2.0535 -1.2402 1.9761, -2.0564 -1.2402 1.9499, -2.0564 -1.2402 1.4068, -0.3103 -1.2402 1.4637, -0.3103 -1.2402 1.2402, -0.317 -1.2402 1.1892, 0.3367 -1.2402 1.1417, 0.8993 -1.2402 1.3806, 0.368 -1.2402 1.101, 0.908 -1.2402 1.3556, 0.4087 -1.2402 1.0697, 0.317 -1.2402 1.1892, 0.3103 -1.2402 1.2402, 0.3103 -1.2402 1.4637, 0.4562 -1.2402 1.05, 0.9881 -1.2402 1.2917, 1.0144 -1.2402 1.2887, 1.9383 -1.2402 1.2887, -0.0803 -1.2402 1.7634, -0.1552 -1.2402 1.7324, -0.9221 -1.2402 2.0235, -0.9408 -1.2402 2.0422, -0.8993 -1.2402 1.3806, -0.8964 -1.2402 1.4068, -0.8964 -1.2402 1.9499, -0.3367 -1.2402 1.1417, -0.368 -1.2402 1.101, -0.4088 -1.2402 1.0697, -0.9882 -1.2402 1.2917, -0.4562 -1.2402 1.05, 2.559 -1.2368 2.8601, -2.5591 -1.2368 2.8601, 2.559 -1.227 2.8839, -2.5591 -1.227 2.8839, 2.559 -1.2113 2.9042, -2.5591 -1.2113 2.9042, 2.559 -1.1909 2.9199, -2.5591 -1.1909 2.9199, 2.559 -1.1672 2.9297, -2.5591 -1.1672 2.9297, 2.559 -1.1417 2.9331, -2.5591 -1.1417 2.9331, 1.2368 0.7538 2.9331, 1.227 0.7776 2.9331, 2.559 1.1417 2.9331, 1.2113 0.7979 2.9331, 1.1909 0.8136 2.9331, -1.1672 0.8234 2.9331, -1.191 0.8136 2.9331, -2.5591 1.1417 2.9331, -1.2113 0.7979 2.9331, -1.227 0.7776 2.9331, 1.1672 0.8234 2.9331, 1.1417 0.8268 2.9331, -1.1418 0.8268 2.9331, -1.2368 -0.7538 2.9331, -1.227 -0.7776 2.9331, -1.2113 -0.7979 2.9331, -1.191 -0.8136 2.9331, 1.1672 -0.8234 2.9331, 1.1909 -0.8136 2.9331, 1.2113 -0.7979 2.9331, 1.227 -0.7776 2.9331, -1.2368 0.7538 2.9331, -1.2402 0.7283 2.9331, -1.2402 -0.7283 2.9331, -1.1672 -0.8234 2.9331, -1.1418 -0.8268 2.9331, 1.1417 -0.8268 2.9331, 1.2368 -0.7538 2.9331, 1.2401 -0.7283 2.9331, 1.2401 0.7283 2.9331, 2.559 1.1672 2.9297, -2.5591 1.1672 2.9297, 2.559 1.1909 2.9199, -2.5591 1.1909 2.9199, 2.559 1.2113 2.9042, -2.5591 1.2113 2.9042, 2.559 1.227 2.8839, -2.5591 1.227 2.8839, 2.559 1.2368 2.8601, -2.5591 1.2368 2.8601
            ]
        }
        coordIndex [
            0,1,2,-1,2,1,3,-1,4,5,6,-1,6,5,7,-1,8,5,9,-1,9,5,10,-1,11,12,13,-1,13,12,14,-1,15,16,17,-1,12,18,14,-1,14,18,19,-1,14,19,20,-1,21,22,23,-1,24,25,23,-1,23,25,26,-1,23,26,27,-1,27,26,28,-1,27,28,29,-1,30,31,32,-1,33,34,15,-1,15,34,35,-1,15,35,16,-1,36,37,38,-1,38,37,34,-1,38,34,39,-1,39,34,33,-1,17,40,15,-1,15,40,41,-1,15,41,42,-1,42,41,43,-1,42,43,44,-1,45,46,9,-1,9,46,47,-1,9,47,48,-1,36,49,37,-1,37,49,50,-1,37,50,51,-1,51,50,52,-1,51,52,53,-1,53,52,12,-1,53,12,54,-1,54,12,11,-1,45,9,32,-1,32,9,55,-1,32,55,30,-1,48,56,9,-1,9,56,57,-1,9,57,8,-1,44,58,42,-1,42,58,59,-1,42,59,60,-1,60,59,61,-1,60,61,62,-1,62,61,63,-1,62,63,64,-1,64,63,65,-1,22,66,23,-1,23,66,67,-1,23,67,68,-1,68,69,23,-1,23,69,70,-1,23,70,71,-1,71,72,23,-1,23,72,20,-1,23,20,24,-1,24,20,19,-1,73,74,75,-1,75,74,76,-1,75,76,77,-1,31,78,32,-1,32,78,79,-1,32,79,73,-1,73,79,80,-1,73,80,74,-1,65,63,81,-1,81,63,82,-1,81,82,83,-1,83,82,84,-1,83,84,23,-1,23,84,85,-1,23,85,21,-1,77,86,75,-1,75,86,87,-1,75,87,29,-1,88,89,27,-1,27,89,90,-1,27,90,91,-1,4,92,93,-1,29,87,27,-1,27,87,94,-1,27,94,88,-1,91,95,27,-1,27,95,96,-1,27,96,97,-1,93,98,4,-1,4,98,99,-1,4,99,5,-1,5,99,100,-1,5,100,10,-1,101,102,103,-1,103,102,104,-1,103,104,105,-1,105,104,106,-1,92,4,107,-1,107,4,108,-1,107,108,104,-1,104,108,109,-1,104,109,106,-1,97,110,27,-1,27,110,111,-1,27,111,101,-1,101,111,112,-1,101,112,102,-1,15,42,113,-1,113,42,114,-1,115,116,117,-1,118,119,120,-1,117,116,121,-1,122,7,123,-1,123,7,124,-1,125,126,127,-1,128,129,127,-1,127,129,130,-1,127,130,131,-1,114,132,133,-1,120,119,117,-1,117,119,134,-1,117,134,115,-1,116,135,121,-1,121,135,136,-1,121,136,137,-1,137,136,138,-1,139,140,131,-1,124,7,120,-1,120,7,141,-1,120,141,118,-1,142,143,6,-1,6,143,144,-1,6,144,145,-1,145,144,146,-1,145,146,147,-1,147,146,148,-1,147,148,149,-1,149,148,150,-1,126,151,127,-1,127,151,152,-1,127,152,153,-1,139,131,154,-1,155,156,138,-1,138,156,157,-1,138,157,137,-1,153,158,127,-1,127,158,159,-1,127,159,160,-1,140,161,131,-1,131,161,162,-1,131,162,163,-1,132,114,164,-1,164,114,165,-1,164,165,166,-1,166,165,167,-1,166,167,168,-1,133,169,114,-1,114,169,170,-1,114,170,113,-1,113,170,171,-1,172,173,155,-1,155,173,174,-1,155,174,156,-1,160,175,127,-1,127,175,172,-1,127,172,128,-1,128,172,155,-1,130,176,131,-1,131,176,177,-1,131,177,154,-1,154,177,178,-1,179,180,178,-1,178,180,181,-1,163,182,131,-1,131,182,183,-1,131,183,184,-1,185,186,187,-1,187,186,166,-1,187,166,188,-1,188,166,168,-1,122,189,7,-1,7,189,190,-1,7,190,6,-1,6,190,191,-1,6,191,142,-1,150,148,192,-1,192,148,193,-1,192,193,194,-1,194,193,195,-1,194,195,127,-1,127,195,196,-1,127,196,125,-1,181,197,178,-1,178,197,198,-1,178,198,154,-1,199,200,201,-1,201,200,202,-1,201,202,203,-1,184,204,131,-1,131,204,205,-1,131,205,185,-1,185,205,206,-1,185,206,186,-1,201,207,199,-1,199,207,208,-1,199,208,209,-1,209,210,199,-1,199,210,211,-1,199,211,212,-1,171,213,113,-1,113,213,199,-1,113,199,214,-1,214,199,212,-1,203,215,201,-1,201,215,216,-1,201,216,179,-1,179,216,217,-1,179,217,180,-1,127,131,218,-1,127,218,219,-1,219,218,220,-1,219,220,221,-1,221,220,222,-1,221,222,223,-1,223,222,224,-1,223,224,225,-1,225,224,226,-1,225,226,227,-1,227,226,228,-1,227,228,229,-1,230,231,228,-1,228,231,232,-1,228,232,233,-1,234,235,236,-1,236,235,237,-1,238,239,229,-1,229,239,240,-1,229,240,241,-1,242,243,244,-1,245,246,244,-1,244,246,247,-1,244,247,236,-1,236,247,248,-1,236,248,234,-1,243,249,244,-1,244,249,250,-1,244,250,245,-1,237,251,236,-1,236,251,252,-1,236,252,228,-1,228,252,253,-1,228,253,230,-1,233,254,228,-1,228,254,255,-1,228,255,229,-1,229,255,256,-1,229,256,238,-1,241,257,229,-1,229,257,258,-1,229,258,244,-1,244,258,259,-1,244,259,242,-1,244,236,260,-1,244,260,261,-1,261,260,262,-1,261,262,263,-1,263,262,264,-1,263,264,265,-1,265,264,266,-1,265,266,267,-1,267,266,268,-1,267,268,269,-1,269,268,270,-1,269,270,271,-1,272,273,274,-1,274,273,275,-1,276,277,278,-1,278,277,279,-1,2,280,281,-1,270,282,271,-1,271,282,283,-1,271,283,284,-1,285,286,287,-1,287,286,288,-1,287,288,289,-1,276,278,288,-1,288,278,290,-1,288,290,289,-1,285,291,286,-1,286,291,292,-1,286,292,293,-1,293,292,294,-1,293,294,295,-1,295,294,273,-1,295,273,296,-1,296,273,272,-1,297,298,271,-1,271,298,299,-1,271,299,300,-1,281,301,2,-1,2,301,302,-1,2,302,303,-1,303,302,304,-1,303,304,305,-1,305,304,306,-1,306,304,307,-1,307,304,308,-1,307,308,309,-1,310,311,312,-1,312,311,313,-1,312,313,308,-1,308,313,314,-1,308,314,309,-1,279,315,278,-1,278,315,316,-1,278,316,317,-1,317,316,318,-1,317,318,319,-1,320,321,270,-1,270,321,322,-1,270,322,323,-1,273,324,275,-1,275,324,325,-1,275,325,326,-1,326,325,327,-1,326,327,270,-1,270,327,328,-1,270,328,282,-1,312,329,310,-1,310,329,330,-1,310,330,331,-1,331,330,332,-1,331,332,333,-1,323,334,270,-1,270,334,335,-1,270,335,336,-1,337,338,271,-1,271,338,339,-1,271,339,297,-1,340,341,342,-1,336,343,270,-1,270,343,344,-1,270,344,326,-1,333,345,331,-1,331,345,346,-1,331,346,284,-1,284,346,271,-1,271,346,347,-1,271,347,337,-1,348,349,350,-1,350,349,340,-1,350,340,351,-1,351,340,342,-1,341,340,352,-1,352,340,353,-1,352,353,3,-1,3,353,354,-1,3,354,355,-1,300,356,271,-1,271,356,357,-1,271,357,348,-1,348,357,358,-1,348,358,349,-1,355,359,3,-1,3,359,360,-1,3,360,2,-1,2,360,361,-1,2,361,280,-1,319,362,317,-1,317,362,363,-1,317,363,364,-1,364,363,365,-1,364,365,366,-1,366,365,367,-1,366,367,368,-1,368,367,369,-1,369,367,370,-1,370,367,371,-1,370,371,372,-1,372,371,373,-1,372,373,270,-1,270,373,374,-1,270,374,320,-1,278,317,375,-1,375,317,376,-1,377,378,379,-1,380,381,382,-1,377,379,383,-1,384,385,376,-1,378,386,379,-1,379,386,387,-1,379,387,388,-1,389,390,382,-1,382,390,391,-1,382,391,392,-1,392,393,382,-1,382,393,394,-1,382,394,395,-1,382,381,379,-1,396,397,0,-1,0,397,398,-1,399,400,401,-1,401,400,402,-1,401,402,403,-1,403,402,404,-1,404,402,405,-1,404,405,406,-1,395,407,382,-1,382,407,408,-1,382,408,409,-1,380,382,410,-1,410,382,409,-1,410,409,405,-1,405,409,411,-1,405,411,406,-1,412,413,414,-1,414,413,415,-1,414,415,416,-1,416,415,417,-1,416,417,418,-1,418,417,1,-1,418,1,419,-1,419,1,420,-1,412,414,421,-1,421,414,422,-1,421,422,423,-1,423,422,424,-1,423,424,382,-1,382,424,425,-1,382,425,389,-1,426,427,379,-1,379,427,428,-1,379,428,383,-1,429,430,431,-1,431,430,432,-1,431,432,433,-1,434,435,436,-1,436,435,437,-1,436,437,438,-1,438,437,439,-1,384,376,440,-1,440,376,441,-1,440,441,437,-1,437,441,442,-1,437,442,439,-1,385,443,376,-1,376,443,444,-1,376,444,375,-1,375,444,445,-1,446,447,448,-1,448,447,449,-1,388,450,379,-1,379,450,451,-1,379,451,434,-1,434,451,452,-1,434,452,435,-1,431,453,429,-1,429,453,454,-1,429,454,455,-1,456,457,458,-1,458,457,459,-1,458,459,460,-1,456,461,457,-1,457,461,462,-1,457,462,399,-1,399,462,463,-1,399,463,400,-1,396,0,459,-1,459,0,464,-1,459,464,460,-1,398,465,0,-1,0,465,466,-1,0,466,1,-1,1,466,467,-1,1,467,420,-1,381,468,379,-1,379,468,469,-1,379,469,426,-1,426,469,448,-1,449,470,448,-1,448,470,471,-1,448,471,426,-1,433,472,431,-1,431,472,473,-1,431,473,446,-1,446,473,474,-1,446,474,447,-1,455,475,429,-1,429,475,476,-1,429,476,477,-1,445,478,375,-1,375,478,429,-1,375,429,479,-1,479,429,477,-1,382,379,480,-1,480,379,481,-1,480,481,482,-1,482,481,483,-1,482,483,484,-1,484,483,485,-1,484,485,486,-1,486,485,487,-1,486,487,488,-1,488,487,489,-1,488,489,490,-1,490,489,491,-1,492,493,494,-1,494,493,495,-1,494,495,496,-1,497,498,499,-1,499,498,500,-1,499,500,501,-1,496,502,494,-1,494,502,503,-1,494,503,499,-1,499,503,504,-1,499,504,497,-1,505,506,491,-1,491,506,507,-1,491,507,508,-1,509,510,490,-1,490,510,511,-1,490,511,512,-1,501,513,499,-1,499,513,514,-1,499,514,491,-1,491,514,515,-1,491,515,505,-1,508,516,491,-1,491,516,517,-1,491,517,490,-1,490,517,518,-1,490,518,509,-1,512,519,490,-1,490,519,520,-1,490,520,494,-1,494,520,521,-1,494,521,492,-1,494,499,522,-1,522,499,523,-1,522,523,524,-1,524,523,525,-1,524,525,526,-1,526,525,527,-1,526,527,528,-1,528,527,529,-1,528,529,530,-1,530,529,531,-1,530,531,27,-1,27,531,23,-1,101,194,27,-1,27,194,127,-1,27,127,530,-1,530,127,219,-1,530,219,528,-1,528,219,221,-1,528,221,526,-1,526,221,223,-1,526,223,524,-1,524,223,225,-1,524,225,522,-1,522,225,227,-1,522,227,494,-1,494,227,229,-1,494,229,490,-1,490,229,244,-1,490,244,488,-1,488,244,261,-1,488,261,486,-1,486,261,263,-1,486,263,484,-1,484,263,265,-1,484,265,482,-1,482,265,267,-1,482,267,480,-1,480,267,269,-1,480,269,382,-1,382,269,271,-1,382,271,423,-1,423,271,348,-1,434,372,379,-1,379,372,270,-1,379,270,481,-1,481,270,268,-1,481,268,483,-1,483,268,266,-1,483,266,485,-1,485,266,264,-1,485,264,487,-1,487,264,262,-1,487,262,489,-1,489,262,260,-1,489,260,491,-1,491,260,236,-1,491,236,499,-1,499,236,228,-1,499,228,523,-1,523,228,226,-1,523,226,525,-1,525,226,224,-1,525,224,527,-1,527,224,222,-1,527,222,529,-1,529,222,220,-1,529,220,531,-1,531,220,218,-1,531,218,23,-1,23,218,131,-1,23,131,83,-1,83,131,185,-1,46,45,116,-1,116,45,135,-1,52,207,12,-1,12,207,201,-1,12,201,18,-1,18,201,179,-1,18,179,19,-1,19,179,178,-1,19,178,24,-1,24,178,177,-1,24,177,25,-1,25,177,176,-1,25,176,26,-1,26,176,130,-1,26,130,28,-1,28,130,129,-1,28,129,29,-1,29,129,128,-1,29,128,75,-1,75,128,155,-1,75,155,73,-1,73,155,138,-1,73,138,32,-1,32,138,136,-1,32,136,45,-1,45,136,135,-1,208,207,50,-1,50,207,52,-1,85,205,21,-1,21,205,204,-1,21,204,22,-1,22,204,184,-1,22,184,66,-1,66,184,183,-1,66,183,67,-1,67,183,182,-1,67,182,68,-1,68,182,163,-1,68,163,69,-1,69,163,162,-1,69,162,70,-1,70,162,161,-1,205,85,206,-1,206,85,84,-1,43,170,44,-1,44,170,169,-1,44,169,58,-1,58,169,133,-1,58,133,59,-1,59,133,132,-1,59,132,61,-1,61,132,164,-1,61,164,63,-1,63,164,166,-1,63,166,82,-1,82,166,186,-1,82,186,84,-1,84,186,206,-1,170,43,171,-1,171,43,41,-1,51,216,37,-1,37,216,215,-1,37,215,34,-1,34,215,203,-1,34,203,35,-1,35,203,202,-1,35,202,16,-1,16,202,200,-1,16,200,17,-1,17,200,199,-1,17,199,40,-1,40,199,213,-1,40,213,41,-1,41,213,171,-1,216,51,217,-1,217,51,53,-1,71,140,72,-1,72,140,139,-1,72,139,20,-1,20,139,154,-1,20,154,14,-1,14,154,198,-1,14,198,13,-1,13,198,197,-1,13,197,11,-1,11,197,181,-1,11,181,54,-1,54,181,180,-1,54,180,53,-1,53,180,217,-1,140,71,161,-1,161,71,70,-1,80,137,74,-1,74,137,157,-1,74,157,76,-1,76,157,156,-1,76,156,77,-1,77,156,174,-1,77,174,86,-1,86,174,173,-1,86,173,87,-1,87,173,172,-1,87,172,94,-1,94,172,175,-1,94,175,88,-1,88,175,160,-1,137,80,121,-1,121,80,79,-1,100,190,10,-1,10,190,189,-1,10,189,9,-1,9,189,122,-1,9,122,55,-1,55,122,123,-1,55,123,30,-1,30,123,124,-1,30,124,31,-1,31,124,120,-1,31,120,78,-1,78,120,117,-1,78,117,79,-1,79,117,121,-1,190,100,191,-1,191,100,99,-1,112,195,102,-1,102,195,193,-1,102,193,104,-1,104,193,148,-1,104,148,107,-1,107,148,146,-1,107,146,92,-1,92,146,144,-1,92,144,93,-1,93,144,143,-1,93,143,98,-1,98,143,142,-1,98,142,99,-1,99,142,191,-1,195,112,196,-1,196,112,111,-1,89,159,90,-1,90,159,158,-1,90,158,91,-1,91,158,153,-1,91,153,95,-1,95,153,152,-1,95,152,96,-1,96,152,151,-1,96,151,97,-1,97,151,126,-1,97,126,110,-1,110,126,125,-1,110,125,111,-1,111,125,196,-1,159,89,160,-1,160,89,88,-1,463,313,400,-1,400,313,311,-1,400,311,402,-1,402,311,310,-1,402,310,405,-1,405,310,331,-1,405,331,410,-1,410,331,284,-1,410,284,380,-1,380,284,283,-1,380,283,381,-1,381,283,282,-1,381,282,468,-1,468,282,328,-1,468,328,469,-1,469,328,327,-1,469,327,448,-1,448,327,325,-1,448,325,446,-1,446,325,324,-1,446,324,431,-1,431,324,273,-1,431,273,453,-1,453,273,294,-1,314,313,462,-1,462,313,463,-1,454,453,292,-1,292,453,294,-1,316,445,318,-1,318,445,444,-1,452,373,435,-1,435,373,371,-1,435,371,437,-1,437,371,367,-1,437,367,440,-1,440,367,365,-1,440,365,384,-1,384,365,363,-1,384,363,385,-1,385,363,362,-1,385,362,443,-1,443,362,319,-1,443,319,444,-1,444,319,318,-1,373,452,374,-1,374,452,451,-1,383,336,377,-1,377,336,335,-1,377,335,378,-1,378,335,334,-1,378,334,386,-1,386,334,323,-1,386,323,387,-1,387,323,322,-1,387,322,388,-1,388,322,321,-1,388,321,450,-1,450,321,320,-1,450,320,451,-1,451,320,374,-1,336,383,343,-1,343,383,428,-1,474,295,447,-1,447,295,296,-1,447,296,449,-1,449,296,272,-1,449,272,470,-1,470,272,274,-1,470,274,471,-1,471,274,275,-1,471,275,426,-1,426,275,326,-1,426,326,427,-1,427,326,344,-1,427,344,428,-1,428,344,343,-1,295,474,293,-1,293,474,473,-1,445,316,478,-1,478,316,315,-1,478,315,429,-1,429,315,279,-1,429,279,430,-1,430,279,277,-1,430,277,432,-1,432,277,276,-1,432,276,433,-1,433,276,288,-1,433,288,472,-1,472,288,286,-1,472,286,473,-1,473,286,293,-1,360,467,361,-1,361,467,466,-1,399,312,457,-1,457,312,308,-1,457,308,459,-1,459,308,304,-1,459,304,396,-1,396,304,302,-1,396,302,397,-1,397,302,301,-1,397,301,398,-1,398,301,281,-1,398,281,465,-1,465,281,280,-1,465,280,466,-1,466,280,361,-1,312,399,329,-1,329,399,401,-1,407,337,408,-1,408,337,347,-1,408,347,409,-1,409,347,346,-1,409,346,411,-1,411,346,345,-1,411,345,406,-1,406,345,333,-1,406,333,404,-1,404,333,332,-1,404,332,403,-1,403,332,330,-1,403,330,401,-1,401,330,329,-1,337,407,338,-1,338,407,395,-1,425,357,389,-1,389,357,356,-1,389,356,390,-1,390,356,300,-1,390,300,391,-1,391,300,299,-1,391,299,392,-1,392,299,298,-1,392,298,393,-1,393,298,297,-1,393,297,394,-1,394,297,339,-1,394,339,395,-1,395,339,338,-1,357,425,358,-1,358,425,424,-1,467,360,420,-1,420,360,359,-1,420,359,419,-1,419,359,355,-1,419,355,418,-1,418,355,354,-1,418,354,416,-1,416,354,353,-1,416,353,414,-1,414,353,340,-1,414,340,422,-1,422,340,349,-1,422,349,424,-1,424,349,358,-1,454,292,291,-1,454,291,455,-1,455,291,285,-1,455,285,475,-1,475,285,287,-1,475,287,476,-1,476,287,289,-1,476,289,477,-1,477,289,290,-1,477,290,479,-1,479,290,278,-1,479,278,375,-1,314,462,461,-1,314,461,309,-1,309,461,456,-1,309,456,307,-1,307,456,458,-1,307,458,306,-1,306,458,460,-1,306,460,305,-1,305,460,464,-1,305,464,303,-1,303,464,0,-1,303,0,2,-1,3,1,417,-1,3,417,352,-1,352,417,415,-1,352,415,341,-1,341,415,413,-1,341,413,342,-1,342,413,412,-1,342,412,351,-1,351,412,421,-1,351,421,350,-1,350,421,423,-1,350,423,348,-1,376,317,364,-1,376,364,441,-1,441,364,366,-1,441,366,442,-1,442,366,368,-1,442,368,439,-1,439,368,369,-1,439,369,438,-1,438,369,370,-1,438,370,436,-1,436,370,372,-1,436,372,434,-1,4,6,145,-1,4,145,108,-1,108,145,147,-1,108,147,109,-1,109,147,149,-1,109,149,106,-1,106,149,150,-1,106,150,105,-1,105,150,192,-1,105,192,103,-1,103,192,194,-1,103,194,101,-1,46,116,115,-1,46,115,47,-1,47,115,134,-1,47,134,48,-1,48,134,119,-1,48,119,56,-1,56,119,118,-1,56,118,57,-1,57,118,141,-1,57,141,8,-1,8,141,7,-1,8,7,5,-1,208,50,49,-1,208,49,209,-1,209,49,36,-1,209,36,210,-1,210,36,38,-1,210,38,211,-1,211,38,39,-1,211,39,212,-1,212,39,33,-1,212,33,214,-1,214,33,15,-1,214,15,113,-1,114,42,60,-1,114,60,165,-1,165,60,62,-1,165,62,167,-1,167,62,64,-1,167,64,168,-1,168,64,65,-1,168,65,188,-1,188,65,81,-1,188,81,187,-1,187,81,83,-1,187,83,185,-1,521,520,258,-1,258,520,259,-1,247,246,517,-1,517,246,518,-1,515,514,252,-1,252,514,253,-1,256,255,503,-1,503,255,504,-1,247,517,248,-1,248,517,516,-1,248,516,234,-1,234,516,508,-1,234,508,235,-1,235,508,507,-1,235,507,237,-1,237,507,506,-1,237,506,251,-1,251,506,505,-1,251,505,252,-1,252,505,515,-1,256,503,238,-1,238,503,502,-1,238,502,239,-1,239,502,496,-1,239,496,240,-1,240,496,495,-1,240,495,241,-1,241,495,493,-1,241,493,257,-1,257,493,492,-1,257,492,258,-1,258,492,521,-1,259,520,242,-1,242,520,519,-1,242,519,243,-1,243,519,512,-1,243,512,249,-1,249,512,511,-1,249,511,250,-1,250,511,510,-1,250,510,245,-1,245,510,509,-1,245,509,246,-1,246,509,518,-1,253,514,230,-1,230,514,513,-1,230,513,231,-1,231,513,501,-1,231,501,232,-1,232,501,500,-1,232,500,233,-1,233,500,498,-1,233,498,254,-1,254,498,497,-1,254,497,255,-1,255,497,504,-1,
        ]
    }
}