ISO-10303-21;
HEADER;
FILE_DESCRIPTION (( 'STEP AP214' ),
    '1' );
FILE_NAME ('PTS645SH50SMTR92 LFS.STEP',
    '2025-03-24T13:22:09',
    ( '' ),
    ( '' ),
    'SwSTEP 2.0',
    'SolidWorks 2024',
    '' );
FILE_SCHEMA (( 'AUTOMOTIVE_DESIGN' ));
ENDSEC;

DATA;
#1 = CARTESIAN_POINT ( 'NONE',  ( 0.7805045099615574022, -3.348668144332067165, -1.899999999999999911 ) ) ;
#2 = LINE ( 'NONE', #3445, #585 ) ;
#3 = CARTESIAN_POINT ( 'NONE',  ( 0.2999999999999999889, 0.000000000000000000, 2.600000000000000089 ) ) ;
#4 = VERTEX_POINT ( 'NONE', #251 ) ;
#5 = CARTESIAN_POINT ( 'NONE',  ( 3.149999999999999911, 2.700000000000000178, -2.700000000000000178 ) ) ;
#6 = EDGE_LOOP ( 'NONE', ( #646, #1316, #997, #1391 ) ) ;
#7 = DIRECTION ( 'NONE',  ( -0.9961946980917451011, -0.08715574274766391127, 0.000000000000000000 ) ) ;
#8 = CARTESIAN_POINT ( 'NONE',  ( 3.449999999999999734, 1.000000000000000000, 2.799999999999999822 ) ) ;
#9 = PLANE ( 'NONE',  #1410 ) ;
#10 = EDGE_CURVE ( 'NONE', #3791, #3400, #3716, .T. ) ;
#11 = CIRCLE ( 'NONE', #2280, 0.09999999999999999167 ) ;
#12 = CARTESIAN_POINT ( 'NONE',  ( 0.8000000000000000444, 3.000000000000000000, 1.899999999999999689 ) ) ;
#13 = DIRECTION ( 'NONE',  ( 1.000000000000000000, 0.000000000000000000, 0.000000000000000000 ) ) ;
#14 = ORIENTED_EDGE ( 'NONE', *, *, #3859, .F. ) ;
#15 = VERTEX_POINT ( 'NONE', #560 ) ;
#16 = EDGE_CURVE ( 'NONE', #2253, #1220, #1245, .T. ) ;
#17 = ORIENTED_EDGE ( 'NONE', *, *, #1770, .T. ) ;
#18 = AXIS2_PLACEMENT_3D ( 'NONE', #1718, #3237, #148 ) ;
#19 = ADVANCED_FACE ( 'NONE', ( #2717 ), #2411, .T. ) ;
#20 = VECTOR ( 'NONE', #235, 1000.000000000000000 ) ;
#21 = DIRECTION ( 'NONE',  ( 1.000000000000000000, 0.000000000000000000, -0.000000000000000000 ) ) ;
#22 = EDGE_CURVE ( 'NONE', #1464, #1338, #2702, .T. ) ;
#23 = DIRECTION ( 'NONE',  ( 0.000000000000000000, -0.000000000000000000, 1.000000000000000000 ) ) ;
#24 = DIRECTION ( 'NONE',  ( -1.000000000000000000, 0.000000000000000000, 0.000000000000000000 ) ) ;
#25 = AXIS2_PLACEMENT_3D ( 'NONE', #2787, #2175, #1917 ) ;
#26 = ORIENTED_EDGE ( 'NONE', *, *, #3170, .F. ) ;
#27 = DIRECTION ( 'NONE',  ( 0.000000000000000000, 0.000000000000000000, -1.000000000000000000 ) ) ;
#28 = EDGE_LOOP ( 'NONE', ( #1322, #559, #1603, #2277 ) ) ;
#29 = DIRECTION ( 'NONE',  ( 0.000000000000000000, -1.000000000000000000, -0.000000000000000000 ) ) ;
#30 = CARTESIAN_POINT ( 'NONE',  ( 0.3651377029010702269, -3.083862079892137675, -2.600000000000000089 ) ) ;
#31 = CARTESIAN_POINT ( 'NONE',  ( 0.7500000000000000000, -3.000000000000000000, 2.600000000000000089 ) ) ;
#32 = CARTESIAN_POINT ( 'NONE',  ( 3.500000000000769607, -1.650000000001620615, -1.649999999998507327 ) ) ;
#33 = VERTEX_POINT ( 'NONE', #2847 ) ;
#34 = PLANE ( 'NONE',  #3534 ) ;
#35 = ADVANCED_FACE ( 'NONE', ( #44 ), #104, .T. ) ;
#36 = DIRECTION ( 'NONE',  ( -1.000000000000000000, 0.000000000000000000, -1.734723475977103509E-15 ) ) ;
#37 = VERTEX_POINT ( 'NONE', #391 ) ;
#38 = VECTOR ( 'NONE', #2490, 1000.000000000000000 ) ;
#39 = CIRCLE ( 'NONE', #2899, 0.3500000000000000333 ) ;
#40 = CARTESIAN_POINT ( 'NONE',  ( 3.449999999999999734, 1.649999999999999911, 1.300000000000000044 ) ) ;
#41 = LINE ( 'NONE', #3230, #2987 ) ;
#42 = DIRECTION ( 'NONE',  ( 0.000000000000000000, -1.000000000000000000, 0.000000000000000000 ) ) ;
#43 = ORIENTED_EDGE ( 'NONE', *, *, #2409, .T. ) ;
#44 = FACE_OUTER_BOUND ( 'NONE', #1420, .T. ) ;
#45 = EDGE_CURVE ( 'NONE', #3901, #3418, #2829, .T. ) ;
#46 = VERTEX_POINT ( 'NONE', #677 ) ;
#47 = CARTESIAN_POINT ( 'NONE',  ( 0.7805045099617000659, -3.348668144331999663, -1.899999999999999911 ) ) ;
#48 = FACE_OUTER_BOUND ( 'NONE', #3205, .T. ) ;
#49 = DIRECTION ( 'NONE',  ( -0.000000000000000000, -0.000000000000000000, 1.000000000000000000 ) ) ;
#50 = CARTESIAN_POINT ( 'NONE',  ( 0.000000000000000000, 3.000000000000000000, -3.000000000000000000 ) ) ;
#51 = ORIENTED_EDGE ( 'NONE', *, *, #3179, .F. ) ;
#52 = CARTESIAN_POINT ( 'NONE',  ( 0.8000000000000000444, -3.000000000000000000, 3.000000000000000000 ) ) ;
#53 = CARTESIAN_POINT ( 'NONE',  ( 3.449999999999999734, 3.000000000000000000, 3.000000000000000000 ) ) ;
#54 = ORIENTED_EDGE ( 'NONE', *, *, #1994, .F. ) ;
#55 = SURFACE_STYLE_USAGE ( .BOTH. , #1487 ) ;
#56 = LINE ( 'NONE', #2540, #625 ) ;
#57 = EDGE_LOOP ( 'NONE', ( #2966, #2382, #3823, #773, #3106 ) ) ;
#58 = CARTESIAN_POINT ( 'NONE',  ( 0.000000000000000000, -3.000000000000000000, 1.000000000000000000 ) ) ;
#59 = VECTOR ( 'NONE', #2396, 1000.000000000000000 ) ;
#60 = AXIS2_PLACEMENT_3D ( 'NONE', #3891, #814, #2678 ) ;
#61 = VECTOR ( 'NONE', #138, 1000.000000000000000 ) ;
#62 = FACE_OUTER_BOUND ( 'NONE', #1772, .T. ) ;
#63 = VECTOR ( 'NONE', #2088, 1000.000000000000000 ) ;
#64 = DIRECTION ( 'NONE',  ( -0.000000000000000000, -1.000000000000000000, 0.000000000000000000 ) ) ;
#65 = VERTEX_POINT ( 'NONE', #3802 ) ;
#66 = DIRECTION ( 'NONE',  ( -1.000000000000000000, 0.000000000000000000, 0.000000000000000000 ) ) ;
#67 = ORIENTED_EDGE ( 'NONE', *, *, #3588, .F. ) ;
#68 = CARTESIAN_POINT ( 'NONE',  ( 3.449999999999999734, -1.000000000000000000, -2.799999999999999822 ) ) ;
#69 = CARTESIAN_POINT ( 'NONE',  ( 3.750000000000000000, 0.000000000000000000, 0.000000000000000000 ) ) ;
#70 = EDGE_CURVE ( 'NONE', #2628, #1253, #2374, .T. ) ;
#71 = DIRECTION ( 'NONE',  ( -1.000000000000000000, -0.000000000000000000, -0.000000000000000000 ) ) ;
#72 = CARTESIAN_POINT ( 'NONE',  ( 4.999999999999999112, -1.582372038151975246, -3.083601559533486025 ) ) ;
#73 = EDGE_LOOP ( 'NONE', ( #2677, #2733, #398, #3243 ) ) ;
#74 = LINE ( 'NONE', #1949, #204 ) ;
#75 = ORIENTED_EDGE ( 'NONE', *, *, #1121, .F. ) ;
#76 = EDGE_CURVE ( 'NONE', #1117, #2905, #960, .T. ) ;
#77 = DIRECTION ( 'NONE',  ( 0.08715574274766391127, -0.9961946980917451011, 0.000000000000000000 ) ) ;
#78 = ORIENTED_EDGE ( 'NONE', *, *, #3199, .T. ) ;
#79 = EDGE_CURVE ( 'NONE', #3004, #2698, #1285, .T. ) ;
#80 = AXIS2_PLACEMENT_3D ( 'NONE', #2665, #1711, #1369 ) ;
#81 = CIRCLE ( 'NONE', #2354, 0.09999985968537901393 ) ;
#82 = CARTESIAN_POINT ( 'NONE',  ( 0.7543577871373999821, -3.049809734904999736, 1.899999999999999911 ) ) ;
#83 = DIRECTION ( 'NONE',  ( 0.000000000000000000, -1.000000000000000000, 0.000000000000000000 ) ) ;
#84 = VECTOR ( 'NONE', #253, 1000.000000000000000 ) ;
#85 = DIRECTION ( 'NONE',  ( 0.000000000000000000, 0.000000000000000000, -1.000000000000000000 ) ) ;
#86 = EDGE_CURVE ( 'NONE', #793, #2051, #3987, .T. ) ;
#87 = VERTEX_POINT ( 'NONE', #1265 ) ;
#88 = FACE_OUTER_BOUND ( 'NONE', #2324, .T. ) ;
#89 = ORIENTED_EDGE ( 'NONE', *, *, #2598, .F. ) ;
#90 = CARTESIAN_POINT ( 'NONE',  ( 5.000000005580202078, 1.632155620667445683, -3.351586945257220229 ) ) ;
#91 = CARTESIAN_POINT ( 'NONE',  ( 0.8000000000000000444, 3.000000000000000000, -1.899999999999999911 ) ) ;
#92 = CARTESIAN_POINT ( 'NONE',  ( 0.000000000000000000, -3.000000000000000000, 0.000000000000000000 ) ) ;
#93 = ORIENTED_EDGE ( 'NONE', *, *, #3540, .F. ) ;
#94 = FACE_OUTER_BOUND ( 'NONE', #1557, .T. ) ;
#95 = ORIENTED_EDGE ( 'NONE', *, *, #1773, .T. ) ;
#96 = EDGE_CURVE ( 'NONE', #2819, #1682, #1329, .T. ) ;
#97 = VERTEX_POINT ( 'NONE', #3760 ) ;
#98 = LINE ( 'NONE', #82, #3932 ) ;
#99 = LINE ( 'NONE', #1732, #2550 ) ;
#100 = CARTESIAN_POINT ( 'NONE',  ( 0.000000000000000000, -4.500000000000000000, -1.899999999999999911 ) ) ;
#101 = CIRCLE ( 'NONE', #2245, 0.2999999999999999334 ) ;
#102 = CIRCLE ( 'NONE', #171, 0.3500000000000000333 ) ;
#103 = ORIENTED_EDGE ( 'NONE', *, *, #3961, .F. ) ;
#104 = CYLINDRICAL_SURFACE ( 'NONE', #1013, 0.3500000000000000333 ) ;
#105 = ORIENTED_EDGE ( 'NONE', *, *, #848, .F. ) ;
#106 = CARTESIAN_POINT ( 'NONE',  ( 4.799999999999999822, 1.713259070563089015, -3.518130662316750090 ) ) ;
#107 = CIRCLE ( 'NONE', #1934, 0.3500000000000000333 ) ;
#108 = SURFACE_SIDE_STYLE ('',( #2615 ) ) ;
#109 = PLANE ( 'NONE',  #1234 ) ;
#110 = ORIENTED_EDGE ( 'NONE', *, *, #3275, .F. ) ;
#111 = ORIENTED_EDGE ( 'NONE', *, *, #3870, .T. ) ;
#112 = CARTESIAN_POINT ( 'NONE',  ( 0.7543577871373724486, 3.049809734904795455, 2.600000000000000089 ) ) ;
#113 = LINE ( 'NONE', #1297, #3952 ) ;
#114 = DIRECTION ( 'NONE',  ( -1.000000000000000000, 0.000000000000000000, -0.000000000000000000 ) ) ;
#115 = CARTESIAN_POINT ( 'NONE',  ( 3.449999999999999734, 1.000000000000000000, 2.799999999999999822 ) ) ;
#116 = ORIENTED_EDGE ( 'NONE', *, *, #1880, .F. ) ;
#117 = CARTESIAN_POINT ( 'NONE',  ( 3.750000000000687450, -1.550000140316242003, -1.649999999998507771 ) ) ;
#118 = EDGE_CURVE ( 'NONE', #678, #1714, #3662, .T. ) ;
#119 = DIRECTION ( 'NONE',  ( 0.000000000000000000, 0.000000000000000000, 1.000000000000000000 ) ) ;
#120 = EDGE_CURVE ( 'NONE', #1613, #2912, #329, .T. ) ;
#121 = VECTOR ( 'NONE', #2351, 1000.000000000000000 ) ;
#122 = CARTESIAN_POINT ( 'NONE',  ( 3.750000000000687450, 1.650000000001621059, 1.649999999998507771 ) ) ;
#123 = PLANE ( 'NONE',  #952 ) ;
#124 = AXIS2_PLACEMENT_3D ( 'NONE', #420, #992, #1992 ) ;
#125 = EDGE_LOOP ( 'NONE', ( #2884, #3372, #716, #1693 ) ) ;
#126 = AXIS2_PLACEMENT_3D ( 'NONE', #3637, #1226, #307 ) ;
#127 = ORIENTED_EDGE ( 'NONE', *, *, #2861, .F. ) ;
#128 =( NAMED_UNIT ( * ) PLANE_ANGLE_UNIT ( ) SI_UNIT ( $, .RADIAN. ) );
#129 = CARTESIAN_POINT ( 'NONE',  ( 0.000000000000000000, 3.000000000000000000, -1.250000000000000000 ) ) ;
#130 = AXIS2_PLACEMENT_3D ( 'NONE', #122, #2950, #779 ) ;
#131 = EDGE_CURVE ( 'NONE', #535, #1292, #3822, .T. ) ;
#132 = CARTESIAN_POINT ( 'NONE',  ( 3.449999999999999734, -2.700000000000000178, -2.700000000000000178 ) ) ;
#133 = ORIENTED_EDGE ( 'NONE', *, *, #3545, .F. ) ;
#134 = VERTEX_POINT ( 'NONE', #696 ) ;
#135 = FACE_OUTER_BOUND ( 'NONE', #2879, .T. ) ;
#136 = EDGE_CURVE ( 'NONE', #3948, #2628, #1048, .T. ) ;
#137 = VERTEX_POINT ( 'NONE', #2567 ) ;
#138 = DIRECTION ( 'NONE',  ( 1.000000000000000000, 0.000000000000000000, 0.000000000000000000 ) ) ;
#139 = CARTESIAN_POINT ( 'NONE',  ( 4.917157291949884268, -1.739171004908012019, 1.043392580446963480 ) ) ;
#140 = DIRECTION ( 'NONE',  ( 1.000000000000000000, -0.000000000000000000, 0.000000000000000000 ) ) ;
#141 = CIRCLE ( 'NONE', #797, 0.3500000000000000333 ) ;
#142 = LINE ( 'NONE', #1409, #1689 ) ;
#143 = ADVANCED_FACE ( 'NONE', ( #88 ), #3151, .F. ) ;
#144 = ORIENTED_EDGE ( 'NONE', *, *, #3540, .T. ) ;
#145 = CARTESIAN_POINT ( 'NONE',  ( 1.100000000000000089, 3.000000000000000000, -3.000000000000000000 ) ) ;
#146 = ORIENTED_EDGE ( 'NONE', *, *, #1429, .F. ) ;
#147 = DIRECTION ( 'NONE',  ( 1.000000000000000000, 0.000000000000000000, 0.000000000000000000 ) ) ;
#148 = DIRECTION ( 'NONE',  ( 0.000000000000000000, 0.000000000000000000, 1.000000000000000000 ) ) ;
#149 = ADVANCED_FACE ( 'NONE', ( #410 ), #1656, .T. ) ;
#150 = VECTOR ( 'NONE', #1356, 1000.000000000000227 ) ;
#151 = DIRECTION ( 'NONE',  ( 1.000000000000000000, 0.000000000000000000, 0.000000000000000000 ) ) ;
#152 = DIRECTION ( 'NONE',  ( -1.000000000000000000, -0.000000000000000000, -0.000000000000000000 ) ) ;
#153 = VERTEX_POINT ( 'NONE', #2549 ) ;
#154 = ORIENTED_EDGE ( 'NONE', *, *, #3870, .F. ) ;
#155 = DIRECTION ( 'NONE',  ( -1.000000000000000000, 0.000000000000000000, 0.000000000000000000 ) ) ;
#156 = EDGE_LOOP ( 'NONE', ( #835, #2519, #1211, #2013 ) ) ;
#157 = EDGE_CURVE ( 'NONE', #3022, #1431, #639, .T. ) ;
#158 = CARTESIAN_POINT ( 'NONE',  ( 0.2999999999999999889, -3.482339959128999851, -1.899999999999999911 ) ) ;
#159 = CARTESIAN_POINT ( 'NONE',  ( 4.799999999999998934, 1.760637153563651136, 1.006747572500575894 ) ) ;
#160 = CARTESIAN_POINT ( 'NONE',  ( 0.2999999999999999889, 3.000000000000000000, 0.000000000000000000 ) ) ;
#161 = DIRECTION ( 'NONE',  ( 1.642027209857247031E-15, 3.112264485058731231E-30, -1.000000000000000000 ) ) ;
#162 = AXIS2_PLACEMENT_3D ( 'NONE', #2167, #3344, #644 ) ;
#163 = DIRECTION ( 'NONE',  ( 0.000000000000000000, -0.000000000000000000, 1.000000000000000000 ) ) ;
#164 = DIRECTION ( 'NONE',  ( -1.000000000000000000, 0.000000000000000000, 0.000000000000000000 ) ) ;
#165 = ORIENTED_EDGE ( 'NONE', *, *, #2194, .T. ) ;
#166 = CARTESIAN_POINT ( 'NONE',  ( 3.468645998181000056, -2.700000000000000178, -2.700000000000000178 ) ) ;
#167 = CARTESIAN_POINT ( 'NONE',  ( 0.7543577871373999821, -3.049809734904999736, -2.600000000000000089 ) ) ;
#168 = DIRECTION ( 'NONE',  ( -0.000000000000000000, -0.000000000000000000, -1.000000000000000000 ) ) ;
#169 = CIRCLE ( 'NONE', #2765, 1.750000000000000000 ) ;
#170 = DIRECTION ( 'NONE',  ( 0.000000000000000000, 0.000000000000000000, -1.000000000000000000 ) ) ;
#171 = AXIS2_PLACEMENT_3D ( 'NONE', #1974, #3481, #3211 ) ;
#172 = DIRECTION ( 'NONE',  ( -1.000000000000000000, 1.084202172485504434E-15, 0.000000000000000000 ) ) ;
#173 = VERTEX_POINT ( 'NONE', #2811 ) ;
#174 = ORIENTED_EDGE ( 'NONE', *, *, #2012, .T. ) ;
#175 = AXIS2_PLACEMENT_3D ( 'NONE', #519, #2448, #574 ) ;
#176 = EDGE_CURVE ( 'NONE', #1682, #1846, #3462, .T. ) ;
#177 = DIRECTION ( 'NONE',  ( 1.000000000000000000, 0.000000000000000000, 0.000000000000000000 ) ) ;
#178 = ORIENTED_EDGE ( 'NONE', *, *, #2414, .T. ) ;
#179 = CARTESIAN_POINT ( 'NONE',  ( 3.500000000000000000, -1.649999999999999911, 1.649999999999999911 ) ) ;
#180 = PLANE ( 'NONE',  #2217 ) ;
#181 = PLANE ( 'NONE',  #3384 ) ;
#182 = DIRECTION ( 'NONE',  ( -1.000000000000000000, 0.000000000000000000, 0.000000000000000000 ) ) ;
#183 = DIRECTION ( 'NONE',  ( -0.000000000000000000, -1.000000000000000000, -0.000000000000000000 ) ) ;
#184 = CARTESIAN_POINT ( 'NONE',  ( 0.000000000000000000, 4.500000000000000000, -2.600000000000000089 ) ) ;
#185 = ORIENTED_EDGE ( 'NONE', *, *, #3643, .T. ) ;
#186 = DIRECTION ( 'NONE',  ( 0.000000000000000000, 0.000000000000000000, 1.000000000000000000 ) ) ;
#187 = LINE ( 'NONE', #1453, #2746 ) ;
#188 = EDGE_CURVE ( 'NONE', #3850, #3523, #1299, .T. ) ;
#189 = CARTESIAN_POINT ( 'NONE',  ( 3.449999999999999734, -1.000000000000000000, 3.000000000000000444 ) ) ;
#190 = STYLED_ITEM ( 'NONE', ( #728 ), #2920 ) ;
#191 = DIRECTION ( 'NONE',  ( 0.000000000000000000, 0.000000000000000000, 1.000000000000000000 ) ) ;
#192 = ORIENTED_EDGE ( 'NONE', *, *, #1112, .F. ) ;
#193 = VECTOR ( 'NONE', #2243, 1000.000000000000000 ) ;
#194 = VERTEX_POINT ( 'NONE', #3382 ) ;
#195 = ORIENTED_EDGE ( 'NONE', *, *, #2311, .F. ) ;
#196 = STYLED_ITEM ( 'NONE', ( #1477 ), #2583 ) ;
#197 = EDGE_CURVE ( 'NONE', #2649, #1878, #1860, .T. ) ;
#198 = PLANE ( 'NONE',  #60 ) ;
#199 = AXIS2_PLACEMENT_3D ( 'NONE', #3408, #958, #1610 ) ;
#200 = ORIENTED_EDGE ( 'NONE', *, *, #1958, .T. ) ;
#201 = EDGE_CURVE ( 'NONE', #1903, #1338, #2461, .T. ) ;
#202 = CARTESIAN_POINT ( 'NONE',  ( 3.449999999999999734, 2.799999999999999822, 1.000000000000000000 ) ) ;
#203 = PRESENTATION_STYLE_ASSIGNMENT (( #1467 ) ) ;
#204 = VECTOR ( 'NONE', #2045, 1000.000000000000000 ) ;
#205 = DIRECTION ( 'NONE',  ( 1.000000000000000000, 0.000000000000000000, 0.000000000000000000 ) ) ;
#206 = ORIENTED_EDGE ( 'NONE', *, *, #434, .T. ) ;
#207 = CARTESIAN_POINT ( 'NONE',  ( 0.3651377029008999742, 3.083862079892000008, -2.600000000000000089 ) ) ;
#208 = LINE ( 'NONE', #458, #3649 ) ;
#209 = EDGE_CURVE ( 'NONE', #1338, #3901, #56, .T. ) ;
#210 = FACE_OUTER_BOUND ( 'NONE', #1969, .T. ) ;
#211 = DIRECTION ( 'NONE',  ( 0.000000000000000000, -1.000000000000000000, -0.000000000000000000 ) ) ;
#212 = VERTEX_POINT ( 'NONE', #3363 ) ;
#213 = ORIENTED_EDGE ( 'NONE', *, *, #2853, .T. ) ;
#214 = VERTEX_POINT ( 'NONE', #1547 ) ;
#215 = CARTESIAN_POINT ( 'NONE',  ( 0.2999999999999999889, 1.250000000000000000, 0.000000000000000000 ) ) ;
#216 = AXIS2_PLACEMENT_3D ( 'NONE', #3747, #3186, #1300 ) ;
#217 = DIRECTION ( 'NONE',  ( 0.000000000000000000, 0.000000000000000000, -1.000000000000000000 ) ) ;
#218 = AXIS2_PLACEMENT_3D ( 'NONE', #1393, #1411, #3570 ) ;
#219 = ORIENTED_EDGE ( 'NONE', *, *, #45, .T. ) ;
#220 = CARTESIAN_POINT ( 'NONE',  ( 0.4000000000000000222, 3.482339959128999851, -2.600000000000000089 ) ) ;
#221 = EDGE_CURVE ( 'NONE', #3808, #46, #1222, .T. ) ;
#222 = FACE_OUTER_BOUND ( 'NONE', #1517, .T. ) ;
#223 = DIRECTION ( 'NONE',  ( -1.000000000000000000, -0.000000000000000000, -0.000000000000000000 ) ) ;
#224 =( NAMED_UNIT ( * ) SI_UNIT ( $, .STERADIAN. ) SOLID_ANGLE_UNIT ( ) );
#225 = CARTESIAN_POINT ( 'NONE',  ( 3.500000000000000000, 1.649999999999999911, -1.649999999999999911 ) ) ;
#226 = ORIENTED_EDGE ( 'NONE', *, *, #1726, .F. ) ;
#227 = DIRECTION ( 'NONE',  ( 0.000000000000000000, 0.000000000000000000, -1.000000000000000000 ) ) ;
#228 = ORIENTED_EDGE ( 'NONE', *, *, #1897, .T. ) ;
#229 = DIRECTION ( 'NONE',  ( 0.000000000000000000, 0.000000000000000000, -1.000000000000000000 ) ) ;
#230 = SURFACE_STYLE_USAGE ( .BOTH. , #1764 ) ;
#231 = FACE_OUTER_BOUND ( 'NONE', #3575, .T. ) ;
#232 = ORIENTED_EDGE ( 'NONE', *, *, #118, .F. ) ;
#233 = DIRECTION ( 'NONE',  ( -1.000000000000000000, -0.000000000000000000, 0.000000000000000000 ) ) ;
#234 = VERTEX_POINT ( 'NONE', #611 ) ;
#235 = DIRECTION ( 'NONE',  ( 0.000000000000000000, -1.000000000000000000, -0.000000000000000000 ) ) ;
#236 = VECTOR ( 'NONE', #3771, 1000.000000000000000 ) ;
#237 = FACE_BOUND ( 'NONE', #1832, .T. ) ;
#238 = EDGE_CURVE ( 'NONE', #2736, #3087, #3460, .T. ) ;
#239 = LINE ( 'NONE', #4006, #3172 ) ;
#240 = AXIS2_PLACEMENT_3D ( 'NONE', #2991, #205, #3013 ) ;
#241 = CIRCLE ( 'NONE', #3032, 0.05000000000000002359 ) ;
#242 = ORIENTED_EDGE ( 'NONE', *, *, #1142, .F. ) ;
#243 = LINE ( 'NONE', #1446, #2845 ) ;
#244 = EDGE_CURVE ( 'NONE', #3418, #1903, #2230, .T. ) ;
#245 = EDGE_CURVE ( 'NONE', #2272, #1878, #1141, .T. ) ;
#246 = SURFACE_SIDE_STYLE ('',( #2403 ) ) ;
#247 = FACE_OUTER_BOUND ( 'NONE', #2668, .T. ) ;
#248 = DIRECTION ( 'NONE',  ( 1.000000000000000000, 0.000000000000000000, 0.000000000000000000 ) ) ;
#249 = FACE_OUTER_BOUND ( 'NONE', #3584, .T. ) ;
#250 = ORIENTED_EDGE ( 'NONE', *, *, #3997, .F. ) ;
#251 = CARTESIAN_POINT ( 'NONE',  ( 3.449999999999999734, 2.143131898507868297E-16, -1.750000000000000000 ) ) ;
#252 = EDGE_LOOP ( 'NONE', ( #1989, #2046, #2603, #3169 ) ) ;
#253 = DIRECTION ( 'NONE',  ( 1.000000000000000000, 0.000000000000000000, 0.000000000000000000 ) ) ;
#254 = LINE ( 'NONE', #3102, #668 ) ;
#255 = ADVANCED_FACE ( 'NONE', ( #2818 ), #3970, .T. ) ;
#256 = VECTOR ( 'NONE', #2579, 1000.000000000000000 ) ;
#257 = AXIS2_PLACEMENT_3D ( 'NONE', #1401, #1684, #2619 ) ;
#258 = DIRECTION ( 'NONE',  ( 0.000000000000000000, 0.000000000000000000, -1.000000000000000000 ) ) ;
#259 = LINE ( 'NONE', #3086, #1057 ) ;
#260 = VERTEX_POINT ( 'NONE', #1543 ) ;
#261 = AXIS2_PLACEMENT_3D ( 'NONE', #132, #828, #1378 ) ;
#262 = EDGE_LOOP ( 'NONE', ( #1633, #2085, #1625, #3394, #3299, #1505, #2824, #2142, #2395, #1852, #1328, #1820, #3982, #524, #302, #2551, #2168, #1177, #1683, #515, #2389, #1548, #3491, #2472 ) ) ;
#263 = VECTOR ( 'NONE', #1024, 1000.000000000000000 ) ;
#264 = CARTESIAN_POINT ( 'NONE',  ( 0.000000000000000000, 3.000000000000000000, 2.600000000000000089 ) ) ;
#265 = LINE ( 'NONE', #207, #1651 ) ;
#266 = CARTESIAN_POINT ( 'NONE',  ( 3.160000000000000142, 0.000000000000000000, 0.000000000000000000 ) ) ;
#267 = CYLINDRICAL_SURFACE ( 'NONE', #126, 0.09999999999999999167 ) ;
#268 = ORIENTED_EDGE ( 'NONE', *, *, #3722, .F. ) ;
#269 = VERTEX_POINT ( 'NONE', #2192 ) ;
#270 = EDGE_CURVE ( 'NONE', #1854, #379, #1993, .T. ) ;
#271 = ORIENTED_EDGE ( 'NONE', *, *, #1139, .T. ) ;
#272 = CARTESIAN_POINT ( 'NONE',  ( 0.2999999999999999889, -4.500000000000000000, -2.600000000000000089 ) ) ;
#273 = LINE ( 'NONE', #2432, #1911 ) ;
#274 = CARTESIAN_POINT ( 'NONE',  ( 0.2999999999999999889, 3.482339959128999851, 1.899999999999999689 ) ) ;
#275 = PLANE ( 'NONE',  #3425 ) ;
#276 = LINE ( 'NONE', #317, #1271 ) ;
#277 = ORIENTED_EDGE ( 'NONE', *, *, #1636, .F. ) ;
#278 = VERTEX_POINT ( 'NONE', #1504 ) ;
#279 = VECTOR ( 'NONE', #943, 1000.000000000000000 ) ;
#280 = SURFACE_STYLE_FILL_AREA ( #1877 ) ;
#281 = CARTESIAN_POINT ( 'NONE',  ( 0.3000000000000000444, 3.482339959128999851, -2.600000000000000089 ) ) ;
#282 = DIRECTION ( 'NONE',  ( -1.000000000000000000, -0.000000000000000000, -0.000000000000000000 ) ) ;
#283 = DIRECTION ( 'NONE',  ( 0.000000000000000000, 0.000000000000000000, -1.000000000000000000 ) ) ;
#284 = VECTOR ( 'NONE', #2843, 1000.000000000000000 ) ;
#285 = EDGE_CURVE ( 'NONE', #2653, #153, #2434, .T. ) ;
#286 = EDGE_LOOP ( 'NONE', ( #597, #1090, #2759, #409 ) ) ;
#287 = CARTESIAN_POINT ( 'NONE',  ( 0.4000000000000000222, 3.482339959128999851, -2.600000000000000089 ) ) ;
#288 = FACE_BOUND ( 'NONE', #496, .T. ) ;
#289 = CARTESIAN_POINT ( 'NONE',  ( 0.000000000000000000, 2.700000000000000178, -3.000000000000000000 ) ) ;
#290 = ORIENTED_EDGE ( 'NONE', *, *, #3452, .F. ) ;
#291 = ORIENTED_EDGE ( 'NONE', *, *, #912, .T. ) ;
#292 = ORIENTED_EDGE ( 'NONE', *, *, #2247, .T. ) ;
#293 = CARTESIAN_POINT ( 'NONE',  ( 1.100000000000000089, -3.000000000000000000, 3.000000000000000000 ) ) ;
#294 = DIRECTION ( 'NONE',  ( -0.000000000000000000, -1.000000000000000000, 0.000000000000000000 ) ) ;
#295 = EDGE_CURVE ( 'NONE', #2410, #379, #3398, .T. ) ;
#296 = CARTESIAN_POINT ( 'NONE',  ( 0.2999999999999999889, -1.250000000000000000, 0.000000000000000000 ) ) ;
#297 = CARTESIAN_POINT ( 'NONE',  ( 3.500000000000769607, -1.750000000002302825, -1.649999999998507327 ) ) ;
#298 = EDGE_CURVE ( 'NONE', #441, #260, #276, .T. ) ;
#299 = VERTEX_POINT ( 'NONE', #626 ) ;
#300 = CIRCLE ( 'NONE', #3148, 0.2000000000000000389 ) ;
#301 = CIRCLE ( 'NONE', #3154, 0.09999999999999999167 ) ;
#302 = ORIENTED_EDGE ( 'NONE', *, *, #596, .F. ) ;
#303 = AXIS2_PLACEMENT_3D ( 'NONE', #1128, #460, #3200 ) ;
#304 = DIRECTION ( 'NONE',  ( -1.000000000000000000, -0.000000000000000000, -0.000000000000000000 ) ) ;
#305 = PLANE ( 'NONE',  #484 ) ;
#306 = CARTESIAN_POINT ( 'NONE',  ( 3.500000000000000000, 1.649999999999999911, 1.300000000000000044 ) ) ;
#307 = DIRECTION ( 'NONE',  ( -1.000000000000000000, 0.000000000000000000, 0.000000000000000000 ) ) ;
#308 = ORIENTED_EDGE ( 'NONE', *, *, #2093, .F. ) ;
#309 = ORIENTED_EDGE ( 'NONE', *, *, #3972, .F. ) ;
#310 = ADVANCED_FACE ( 'NONE', ( #337 ), #34, .F. ) ;
#311 = VERTEX_POINT ( 'NONE', #1274 ) ;
#312 = CARTESIAN_POINT ( 'NONE',  ( 0.000000000000000000, -2.700000000000000178, -3.000000000000000000 ) ) ;
#313 = CARTESIAN_POINT ( 'NONE',  ( 3.449999999999999734, -2.799999999999999822, 1.000000000000000000 ) ) ;
#314 = FACE_OUTER_BOUND ( 'NONE', #3939, .T. ) ;
#315 = DIRECTION ( 'NONE',  ( -0.000000000000000000, -0.000000000000000000, 1.000000000000000000 ) ) ;
#316 = EDGE_CURVE ( 'NONE', #1354, #830, #727, .T. ) ;
#317 = CARTESIAN_POINT ( 'NONE',  ( 3.449999999999999734, -1.000000000000000000, 2.799999999999999822 ) ) ;
#318 = ORIENTED_EDGE ( 'NONE', *, *, #647, .T. ) ;
#319 = ORIENTED_EDGE ( 'NONE', *, *, #3770, .T. ) ;
#320 = CIRCLE ( 'NONE', #1816, 0.3500000000000000333 ) ;
#321 = DIRECTION ( 'NONE',  ( 0.000000000000000000, -0.000000000000000000, 1.000000000000000000 ) ) ;
#322 = CIRCLE ( 'NONE', #3627, 0.4000000000000000222 ) ;
#323 = EDGE_CURVE ( 'NONE', #1292, #1458, #2496, .T. ) ;
#324 = ORIENTED_EDGE ( 'NONE', *, *, #316, .T. ) ;
#325 = AXIS2_PLACEMENT_3D ( 'NONE', #2546, #2178, #3776 ) ;
#326 = LINE ( 'NONE', #1260, #1326 ) ;
#327 = CARTESIAN_POINT ( 'NONE',  ( 0.000000000000000000, 3.482339959128999851, -2.600000000000000089 ) ) ;
#328 = ORIENTED_EDGE ( 'NONE', *, *, #1039, .F. ) ;
#329 = LINE ( 'NONE', #2508, #1925 ) ;
#330 = ORIENTED_EDGE ( 'NONE', *, *, #864, .F. ) ;
#331 = CARTESIAN_POINT ( 'NONE',  ( 0.000000000000000000, 0.000000000000000000, 2.600000000000000089 ) ) ;
#332 = EDGE_CURVE ( 'NONE', #2875, #2517, #11, .T. ) ;
#333 = DIRECTION ( 'NONE',  ( 1.000000000000000000, 0.000000000000000000, 0.000000000000000000 ) ) ;
#334 = DIRECTION ( 'NONE',  ( 0.000000000000000000, 0.000000000000000000, -1.000000000000000000 ) ) ;
#335 = AXIS2_PLACEMENT_3D ( 'NONE', #3647, #1873, #2476 ) ;
#336 = CARTESIAN_POINT ( 'NONE',  ( 3.500000000000000000, -1.300000000000490541, -1.649999999998507327 ) ) ;
#337 = FACE_OUTER_BOUND ( 'NONE', #809, .T. ) ;
#338 = VECTOR ( 'NONE', #1427, 1000.000000000000227 ) ;
#339 = CARTESIAN_POINT ( 'NONE',  ( 0.7805045099615574022, 3.348668144332067165, 2.600000000000000089 ) ) ;
#340 = DIRECTION ( 'NONE',  ( 0.000000000000000000, 0.000000000000000000, 1.000000000000000000 ) ) ;
#341 = ORIENTED_EDGE ( 'NONE', *, *, #176, .F. ) ;
#342 = VECTOR ( 'NONE', #168, 1000.000000000000000 ) ;
#343 = EDGE_CURVE ( 'NONE', #3235, #2109, #1523, .T. ) ;
#344 = EDGE_CURVE ( 'NONE', #441, #567, #2114, .T. ) ;
#345 = CIRCLE ( 'NONE', #1323, 0.2999999999999999334 ) ;
#346 = DIRECTION ( 'NONE',  ( 0.000000000000000000, -0.000000000000000000, -1.000000000000000000 ) ) ;
#347 = CARTESIAN_POINT ( 'NONE',  ( 0.000000000000000000, -3.000000000000000000, 1.250000000000000000 ) ) ;
#348 = CARTESIAN_POINT ( 'NONE',  ( 3.500000000000769607, -1.550000000000938405, -1.649999999998507327 ) ) ;
#349 = ORIENTED_EDGE ( 'NONE', *, *, #584, .T. ) ;
#350 = DIRECTION ( 'NONE',  ( -1.000000000000000000, 1.084202172485504434E-15, 0.000000000000000000 ) ) ;
#351 = ORIENTED_EDGE ( 'NONE', *, *, #2485, .T. ) ;
#352 = CARTESIAN_POINT ( 'NONE',  ( 0.000000000000000000, 3.482339959128999851, 1.899999999999999689 ) ) ;
#353 = DIRECTION ( 'NONE',  ( 0.000000000000000000, -1.000000000000000000, -0.000000000000000000 ) ) ;
#354 = DIRECTION ( 'NONE',  ( 0.000000000000000000, 0.000000000000000000, -1.000000000000000000 ) ) ;
#355 = ORIENTED_EDGE ( 'NONE', *, *, #1392, .T. ) ;
#356 = CARTESIAN_POINT ( 'NONE',  ( 0.3912844257252000024, -3.382720489318999935, 1.899999999999999911 ) ) ;
#357 = DIRECTION ( 'NONE',  ( 0.000000000000000000, 0.000000000000000000, -1.000000000000000000 ) ) ;
#358 = EDGE_LOOP ( 'NONE', ( #3829, #764, #2315, #1657 ) ) ;
#359 = DIRECTION ( 'NONE',  ( -1.000000000000000000, 1.895379361788591985E-15, 1.642027209857247031E-15 ) ) ;
#360 = EDGE_LOOP ( 'NONE', ( #1747, #1009, #3964, #3648, #2172 ) ) ;
#361 = AXIS2_PLACEMENT_3D ( 'NONE', #1891, #2873, #3123 ) ;
#362 = EDGE_CURVE ( 'NONE', #462, #3400, #909, .T. ) ;
#363 = DIRECTION ( 'NONE',  ( 0.000000000000000000, 0.000000000000000000, -1.000000000000000000 ) ) ;
#364 = DIRECTION ( 'NONE',  ( -1.000000000000000000, 0.000000000000000000, 0.000000000000000000 ) ) ;
#365 = EDGE_CURVE ( 'NONE', #234, #3469, #1562, .T. ) ;
#366 = ORIENTED_EDGE ( 'NONE', *, *, #2827, .T. ) ;
#367 = CARTESIAN_POINT ( 'NONE',  ( 3.449999999999999734, -1.649999999999999911, -1.649999999999999911 ) ) ;
#368 = ORIENTED_EDGE ( 'NONE', *, *, #10, .T. ) ;
#369 = CARTESIAN_POINT ( 'NONE',  ( 0.000000000000000000, -1.250000000000000000, 1.250000000000000000 ) ) ;
#370 = PLANE ( 'NONE',  #3446 ) ;
#371 = PLANE ( 'NONE',  #1670 ) ;
#372 = CARTESIAN_POINT ( 'NONE',  ( 3.160000000000000142, -1.000000000000000000, 0.000000000000000000 ) ) ;
#373 = ORIENTED_EDGE ( 'NONE', *, *, #3003, .T. ) ;
#374 = EDGE_CURVE ( 'NONE', #37, #3531, #1444, .T. ) ;
#375 = DIRECTION ( 'NONE',  ( -1.895379361788591985E-15, 1.000000000000000000, 9.569685851224955573E-31 ) ) ;
#376 = ORIENTED_EDGE ( 'NONE', *, *, #463, .T. ) ;
#377 = DIRECTION ( 'NONE',  ( -1.000000000000000000, 0.000000000000000000, 0.000000000000000000 ) ) ;
#378 = DIRECTION ( 'NONE',  ( 0.000000000000000000, 0.000000000000000000, 1.000000000000000000 ) ) ;
#379 = VERTEX_POINT ( 'NONE', #3043 ) ;
#380 = DIRECTION ( 'NONE',  ( -0.000000000000000000, 0.000000000000000000, 1.000000000000000000 ) ) ;
#381 = EDGE_CURVE ( 'NONE', #920, #2577, #259, .T. ) ;
#382 = COLOUR_RGB ( '',0.1098039215686274495, 0.1098039215686274495, 0.1098039215686274495 ) ;
#383 = AXIS2_PLACEMENT_3D ( 'NONE', #3910, #507, #1135 ) ;
#384 = VECTOR ( 'NONE', #3095, 1000.000000000000000 ) ;
#385 = CARTESIAN_POINT ( 'NONE',  ( 4.799999999999998934, 1.043392580775632572, 1.739171004710831525 ) ) ;
#386 = FACE_OUTER_BOUND ( 'NONE', #3202, .T. ) ;
#387 = VECTOR ( 'NONE', #2687, 1000.000000000000000 ) ;
#388 = DIRECTION ( 'NONE',  ( -1.000000000000000000, -0.000000000000000000, -0.000000000000000000 ) ) ;
#389 =( BOUNDED_SURFACE ( )  B_SPLINE_SURFACE ( 3, 3, ( 
 ( #1590, #3692, #2154, #3113, #3386, #1899, #1549 ),
 ( #2805, #3165, #3214, #2254, #2584, #449, #2606 ),
 ( #3795, #2625, #734, #756, #1710, #139, #2274 ),
 ( #2318, #159, #385, #1627, #2948, #2001, #1672 ) ),
 .UNSPECIFIED., .F., .F., .T. ) 
 B_SPLINE_SURFACE_WITH_KNOTS ( ( 4, 4 ),
 ( 4, 3, 4 ),
 ( 0.000000000000000000, 1.000000000000000000 ),
 ( 0.000000000000000000, 0.5000000000000000000, 1.000000000000000000 ),
 .UNSPECIFIED. ) 
 GEOMETRIC_REPRESENTATION_ITEM ( )  RATIONAL_B_SPLINE_SURFACE ( (
 ( 1.000000000000000000, 0.8047378540798219015, 0.8047378540798219015, 1.000000000000000000, 0.8047378540798219015, 0.8047378540798219015, 1.000000000000000000),
 ( 0.8047378428978657627, 0.6476030047904532960, 0.6476030047904532960, 0.8047378428978657627, 0.6476030047904532960, 0.6476030047904532960, 0.8047378428978657627),
 ( 0.8047378428978657627, 0.6476030047904532960, 0.6476030047904532960, 0.8047378428978657627, 0.6476030047904532960, 0.6476030047904532960, 0.8047378428978657627),
 ( 1.000000000000000000, 0.8047378540798219015, 0.8047378540798219015, 1.000000000000000000, 0.8047378540798219015, 0.8047378540798219015, 1.000000000000000000) ) ) 
 REPRESENTATION_ITEM ( '' )  SURFACE ( )  );
#390 = ORIENTED_EDGE ( 'NONE', *, *, #1156, .F. ) ;
#391 = CARTESIAN_POINT ( 'NONE',  ( 1.100000000000000089, 3.000000000000000000, -2.600000000000000089 ) ) ;
#392 = ORIENTED_EDGE ( 'NONE', *, *, #970, .F. ) ;
#393 = CARTESIAN_POINT ( 'NONE',  ( 0.4000000000000000222, -3.482339959128999851, -2.600000000000000089 ) ) ;
#394 = DIRECTION ( 'NONE',  ( 1.000000000000000000, 0.000000000000000000, 0.000000000000000000 ) ) ;
#395 = LINE ( 'NONE', #1908, #1733 ) ;
#396 = CARTESIAN_POINT ( 'NONE',  ( 0.2999999999999999889, 1.250000000000000000, 3.000000000000000000 ) ) ;
#397 = EDGE_CURVE ( 'NONE', #1675, #3298, #1809, .T. ) ;
#398 = ORIENTED_EDGE ( 'NONE', *, *, #2155, .T. ) ;
#399 = ORIENTED_EDGE ( 'NONE', *, *, #2190, .F. ) ;
#400 = DIRECTION ( 'NONE',  ( 0.000000000000000000, -0.000000000000000000, 1.000000000000000000 ) ) ;
#401 = UNCERTAINTY_MEASURE_WITH_UNIT (LENGTH_MEASURE( 1.000000000000000082E-05 ), #3319, 'distance_accuracy_value', 'NONE');
#402 = CARTESIAN_POINT ( 'NONE',  ( 3.449999999999999734, 1.649999999999999911, -1.649999999999999911 ) ) ;
#403 = VERTEX_POINT ( 'NONE', #606 ) ;
#404 = CIRCLE ( 'NONE', #216, 0.09999985968537879188 ) ;
#405 = CARTESIAN_POINT ( 'NONE',  ( 0.2999999999999999889, 1.250000000000000222, -3.000000000000000000 ) ) ;
#406 = LINE ( 'NONE', #3567, #538 ) ;
#407 = CIRCLE ( 'NONE', #2685, 0.4000000000000000222 ) ;
#408 = DIRECTION ( 'NONE',  ( -0.000000000000000000, 1.000000000000000000, 0.000000000000000000 ) ) ;
#409 = ORIENTED_EDGE ( 'NONE', *, *, #374, .T. ) ;
#410 = FACE_OUTER_BOUND ( 'NONE', #3187, .T. ) ;
#411 = VERTEX_POINT ( 'NONE', #4007 ) ;
#412 = FACE_OUTER_BOUND ( 'NONE', #1191, .T. ) ;
#413 = PLANE ( 'NONE',  #2191 ) ;
#414 = AXIS2_PLACEMENT_3D ( 'NONE', #3114, #3444, #2544 ) ;
#415 = CARTESIAN_POINT ( 'NONE',  ( 0.000000000000000000, 0.000000000000000000, -3.000000000000000000 ) ) ;
#416 = ORIENTED_EDGE ( 'NONE', *, *, #1566, .T. ) ;
#417 = CARTESIAN_POINT ( 'NONE',  ( 3.160000000000000142, -3.000000000000000444, 1.000000000000000000 ) ) ;
#418 = ORIENTED_EDGE ( 'NONE', *, *, #1762, .F. ) ;
#419 = EDGE_CURVE ( 'NONE', #214, #1292, #1236, .T. ) ;
#420 = CARTESIAN_POINT ( 'NONE',  ( 3.500000000000000000, -1.649999999999999911, 1.649999999999999911 ) ) ;
#421 = EDGE_CURVE ( 'NONE', #3120, #299, #74, .T. ) ;
#422 = LINE ( 'NONE', #1666, #2187 ) ;
#423 = LINE ( 'NONE', #3854, #799 ) ;
#424 = ORIENTED_EDGE ( 'NONE', *, *, #2499, .T. ) ;
#425 = CARTESIAN_POINT ( 'NONE',  ( 3.160000000000000142, 2.700000000000000178, 2.700000000000000178 ) ) ;
#426 = VECTOR ( 'NONE', #2526, 1000.000000000000000 ) ;
#427 = EDGE_CURVE ( 'NONE', #607, #1613, #1333, .T. ) ;
#428 = DIRECTION ( 'NONE',  ( -1.000000000000000000, -0.000000000000000000, -0.000000000000000000 ) ) ;
#429 = CARTESIAN_POINT ( 'NONE',  ( 3.500000000000000000, -1.649999999999999911, 1.649999999999999911 ) ) ;
#430 = CARTESIAN_POINT ( 'NONE',  ( 0.2999999999999999889, -4.500000000000000000, -2.600000000000000089 ) ) ;
#431 = VECTOR ( 'NONE', #2862, 1000.000000000000000 ) ;
#432 = VECTOR ( 'NONE', #2836, 1000.000000000000227 ) ;
#433 = ORIENTED_EDGE ( 'NONE', *, *, #2000, .T. ) ;
#434 = EDGE_CURVE ( 'NONE', #3593, #535, #989, .T. ) ;
#435 = PLANE ( 'NONE',  #3333 ) ;
#436 = CARTESIAN_POINT ( 'NONE',  ( 3.449999999999999734, -3.000000000000000000, -2.700000000000000178 ) ) ;
#437 = VECTOR ( 'NONE', #3514, 1000.000000000000000 ) ;
#438 = CARTESIAN_POINT ( 'NONE',  ( 3.149999999999999911, 2.700000000000000178, 3.000000000000000000 ) ) ;
#439 = CARTESIAN_POINT ( 'NONE',  ( 3.449999999999999734, -2.799999999999999822, -1.000000000000000000 ) ) ;
#440 = EDGE_CURVE ( 'NONE', #3370, #1175, #3799, .T. ) ;
#441 = VERTEX_POINT ( 'NONE', #3786 ) ;
#442 = ORIENTED_EDGE ( 'NONE', *, *, #2414, .F. ) ;
#443 = CARTESIAN_POINT ( 'NONE',  ( 0.7500000000000000000, 3.000000000000000000, 1.899999999999999689 ) ) ;
#444 = ADVANCED_FACE ( 'NONE', ( #1010 ), #2225, .T. ) ;
#445 = ORIENTED_EDGE ( 'NONE', *, *, #546, .T. ) ;
#446 = EDGE_CURVE ( 'NONE', #1854, #2153, #2838, .T. ) ;
#447 = CARTESIAN_POINT ( 'NONE',  ( 3.449999999999999734, 2.799999999999999822, -1.000000000000000000 ) ) ;
#448 = ADVANCED_FACE ( 'NONE', ( #1293 ), #495, .T. ) ;
#449 = CARTESIAN_POINT ( 'NONE',  ( 5.000000005580202078, -1.656840917835918470, 0.9939997365252596362 ) ) ;
#450 = CARTESIAN_POINT ( 'NONE',  ( 0.000000000000000000, -3.000000000000000000, 1.899999999999999911 ) ) ;
#451 = CARTESIAN_POINT ( 'NONE',  ( 0.3651377029010570152, 3.083862079891985797, 1.899999999999999911 ) ) ;
#452 = VECTOR ( 'NONE', #321, 1000.000000000000000 ) ;
#453 = ORIENTED_EDGE ( 'NONE', *, *, #1392, .F. ) ;
#454 = DIRECTION ( 'NONE',  ( -1.642027209857244664E-15, 1.224646799147322146E-16, 1.000000000000000000 ) ) ;
#455 = ORIENTED_EDGE ( 'NONE', *, *, #3007, .F. ) ;
#456 = ORIENTED_EDGE ( 'NONE', *, *, #915, .T. ) ;
#457 = DIRECTION ( 'NONE',  ( 0.000000000000000000, 0.000000000000000000, -1.000000000000000000 ) ) ;
#458 = CARTESIAN_POINT ( 'NONE',  ( 0.2999999999999999889, 0.000000000000000000, -2.600000000000000089 ) ) ;
#459 = AXIS2_PLACEMENT_3D ( 'NONE', #2214, #42, #3447 ) ;
#460 = DIRECTION ( 'NONE',  ( 0.000000000000000000, 0.000000000000000000, -1.000000000000000000 ) ) ;
#461 = CYLINDRICAL_SURFACE ( 'NONE', #1892, 0.09999999999999999167 ) ;
#462 = VERTEX_POINT ( 'NONE', #3183 ) ;
#463 = EDGE_CURVE ( 'NONE', #749, #540, #2576, .T. ) ;
#464 = ORIENTED_EDGE ( 'NONE', *, *, #295, .T. ) ;
#465 = CARTESIAN_POINT ( 'NONE',  ( 0.000000000000000000, 0.000000000000000000, 0.000000000000000000 ) ) ;
#466 = FACE_OUTER_BOUND ( 'NONE', #3530, .T. ) ;
#467 = CARTESIAN_POINT ( 'NONE',  ( 0.000000000000000000, 3.482339959128999851, -2.600000000000000089 ) ) ;
#468 = ORIENTED_EDGE ( 'NONE', *, *, #1827, .T. ) ;
#469 = DIRECTION ( 'NONE',  ( 0.000000000000000000, 0.000000000000000000, -1.000000000000000000 ) ) ;
#470 = CARTESIAN_POINT ( 'NONE',  ( 3.449999999999999734, -2.799999999999999822, 1.000000000000000000 ) ) ;
#471 = LINE ( 'NONE', #160, #1511 ) ;
#472 = PRESENTATION_LAYER_ASSIGNMENT (  '', '', ( #1642 ) ) ;
#473 = DIRECTION ( 'NONE',  ( -1.000000000000000000, -0.000000000000000000, -0.000000000000000000 ) ) ;
#474 = FACE_OUTER_BOUND ( 'NONE', #2563, .T. ) ;
#475 = EDGE_CURVE ( 'NONE', #1414, #1895, #300, .T. ) ;
#476 = ORIENTED_EDGE ( 'NONE', *, *, #2963, .T. ) ;
#477 =( NAMED_UNIT ( * ) SI_UNIT ( $, .STERADIAN. ) SOLID_ANGLE_UNIT ( ) );
#478 = PLANE ( 'NONE',  #18 ) ;
#479 = VECTOR ( 'NONE', #333, 1000.000000000000000 ) ;
#480 = CARTESIAN_POINT ( 'NONE',  ( 3.468645998181000056, 2.700000000000000178, -2.700000000000000178 ) ) ;
#481 = PLANE ( 'NONE',  #3051 ) ;
#482 = EDGE_LOOP ( 'NONE', ( #3263, #1535, #195, #3079 ) ) ;
#483 = EDGE_LOOP ( 'NONE', ( #1136, #1700, #933, #2428 ) ) ;
#484 = AXIS2_PLACEMENT_3D ( 'NONE', #2863, #998, #2484 ) ;
#485 = DIRECTION ( 'NONE',  ( -1.000000000000000000, 0.000000000000000000, 0.000000000000000000 ) ) ;
#486 = ORIENTED_EDGE ( 'NONE', *, *, #3336, .F. ) ;
#487 = DIRECTION ( 'NONE',  ( -1.000000000000000000, 1.239088197126290866E-15, 0.000000000000000000 ) ) ;
#488 = FACE_OUTER_BOUND ( 'NONE', #3811, .T. ) ;
#489 = CARTESIAN_POINT ( 'NONE',  ( 3.750000000000687450, -1.650000000001621059, -1.649999999998507771 ) ) ;
#490 = LINE ( 'NONE', #3899, #2742 ) ;
#491 = LINE ( 'NONE', #3877, #2989 ) ;
#492 = VECTOR ( 'NONE', #1574, 1000.000000000000000 ) ;
#493 = ADVANCED_FACE ( 'NONE', ( #3478 ), #1476, .T. ) ;
#494 = DIRECTION ( 'NONE',  ( 0.000000000000000000, 0.000000000000000000, 1.000000000000000000 ) ) ;
#495 = CYLINDRICAL_SURFACE ( 'NONE', #3730, 0.3500000000000000333 ) ;
#496 = EDGE_LOOP ( 'NONE', ( #1125, #2510, #1433, #2697 ) ) ;
#497 = CARTESIAN_POINT ( 'NONE',  ( 0.000000000000000000, 3.000000000000000000, -1.899999999999999911 ) ) ;
#498 = FACE_OUTER_BOUND ( 'NONE', #1095, .T. ) ;
#499 = VECTOR ( 'NONE', #3874, 1000.000000000000000 ) ;
#500 = ADVANCED_FACE ( 'NONE', ( #3767 ), #968, .F. ) ;
#501 = AXIS2_PLACEMENT_3D ( 'NONE', #3234, #454, #2953 ) ;
#502 = CYLINDRICAL_SURFACE ( 'NONE', #3245, 0.3500000000000000333 ) ;
#503 = ORIENTED_EDGE ( 'NONE', *, *, #3833, .F. ) ;
#504 = ORIENTED_EDGE ( 'NONE', *, *, #298, .F. ) ;
#505 = ORIENTED_EDGE ( 'NONE', *, *, #857, .F. ) ;
#506 = AXIS2_PLACEMENT_3D ( 'NONE', #2592, #2010, #1742 ) ;
#507 = DIRECTION ( 'NONE',  ( 1.000000000000000000, 0.000000000000000000, 0.000000000000000000 ) ) ;
#508 = EDGE_CURVE ( 'NONE', #1441, #2802, #2878, .T. ) ;
#509 = ORIENTED_EDGE ( 'NONE', *, *, #3393, .F. ) ;
#510 = DIRECTION ( 'NONE',  ( 0.000000000000000000, -0.000000000000000000, 1.000000000000000000 ) ) ;
#511 = CARTESIAN_POINT ( 'NONE',  ( 4.999999999999999112, -1.540408594880043003, 0.9241477084305341760 ) ) ;
#512 = ADVANCED_FACE ( 'NONE', ( #94 ), #1412, .T. ) ;
#513 = DIRECTION ( 'NONE',  ( 0.000000000000000000, 0.000000000000000000, 1.000000000000000000 ) ) ;
#514 = FILL_AREA_STYLE_COLOUR ( '', #2443 ) ;
#515 = ORIENTED_EDGE ( 'NONE', *, *, #3310, .F. ) ;
#516 = FILL_AREA_STYLE_COLOUR ( '', #1792 ) ;
#517 = CARTESIAN_POINT ( 'NONE',  ( 3.449999999999999734, 1.649999999999999911, -1.649999999999999911 ) ) ;
#518 = DIRECTION ( 'NONE',  ( 0.000000000000000000, 0.000000000000000000, -1.000000000000000000 ) ) ;
#519 = CARTESIAN_POINT ( 'NONE',  ( 3.449999999999999734, 0.000000000000000000, 0.000000000000000000 ) ) ;
#520 = DIRECTION ( 'NONE',  ( -1.000000000000000000, 0.000000000000000000, 0.000000000000000000 ) ) ;
#521 = ORIENTED_EDGE ( 'NONE', *, *, #1582, .F. ) ;
#522 = AXIS2_PLACEMENT_3D ( 'NONE', #1196, #1794, #2433 ) ;
#523 = ORIENTED_EDGE ( 'NONE', *, *, #1748, .T. ) ;
#524 = ORIENTED_EDGE ( 'NONE', *, *, #3191, .F. ) ;
#525 = DIRECTION ( 'NONE',  ( 0.000000000000000000, 0.000000000000000000, -1.000000000000000000 ) ) ;
#526 = VECTOR ( 'NONE', #936, 1000.000000000000000 ) ;
#527 = EDGE_CURVE ( 'NONE', #2896, #3340, #2513, .T. ) ;
#528 = LINE ( 'NONE', #2072, #972 ) ;
#529 = VECTOR ( 'NONE', #1123, 1000.000000000000000 ) ;
#530 = ORIENTED_EDGE ( 'NONE', *, *, #298, .T. ) ;
#531 = PLANE ( 'NONE',  #581 ) ;
#532 = CARTESIAN_POINT ( 'NONE',  ( 0.8000000000000000444, 3.000000000000000000, -3.000000000000000000 ) ) ;
#533 = DIRECTION ( 'NONE',  ( 1.000000000000000000, -0.000000000000000000, 0.000000000000000000 ) ) ;
#534 = VERTEX_POINT ( 'NONE', #417 ) ;
#535 = VERTEX_POINT ( 'NONE', #2954 ) ;
#537 = EDGE_CURVE ( 'NONE', #2350, #260, #2648, .T. ) ;
#536 = LINE ( 'NONE', #1416, #2553 ) ;
#538 = VECTOR ( 'NONE', #2298, 1000.000000000000000 ) ;
#539 = LINE ( 'NONE', #557, #1020 ) ;
#540 = VERTEX_POINT ( 'NONE', #2344 ) ;
#541 = ORIENTED_EDGE ( 'NONE', *, *, #3852, .T. ) ;
#542 = VERTEX_POINT ( 'NONE', #3571 ) ;
#543 = CARTESIAN_POINT ( 'NONE',  ( 3.449999999999999734, 3.000000000000000444, 1.000000000000000000 ) ) ;
#544 = CARTESIAN_POINT ( 'NONE',  ( 3.160000000000000142, 1.000000000000000000, -2.799999999999999822 ) ) ;
#545 = CIRCLE ( 'NONE', #1648, 0.3500000000000000333 ) ;
#546 = EDGE_CURVE ( 'NONE', #3120, #2772, #801, .T. ) ;
#547 = ORIENTED_EDGE ( 'NONE', *, *, #2663, .T. ) ;
#548 = DIRECTION ( 'NONE',  ( -1.000000000000000000, -0.000000000000000000, -0.000000000000000000 ) ) ;
#549 = ADVANCED_FACE ( 'NONE', ( #2081 ), #3610, .T. ) ;
#550 = TOROIDAL_SURFACE ( 'NONE', #672, 0.1000000000006817519, 0.2499999999999572842 ) ;
#551 = CARTESIAN_POINT ( 'NONE',  ( 3.500000000000769607, 1.650000000001620615, 1.649999999998507327 ) ) ;
#552 = EDGE_CURVE ( 'NONE', #1400, #2074, #101, .T. ) ;
#553 = LINE ( 'NONE', #860, #2377 ) ;
#554 = ORIENTED_EDGE ( 'NONE', *, *, #2827, .F. ) ;
#555 = FACE_BOUND ( 'NONE', #3279, .T. ) ;
#556 = FACE_OUTER_BOUND ( 'NONE', #1343, .T. ) ;
#557 = CARTESIAN_POINT ( 'NONE',  ( 0.000000000000000000, -4.500000000000000000, -2.600000000000000089 ) ) ;
#558 =( NAMED_UNIT ( * ) SI_UNIT ( $, .STERADIAN. ) SOLID_ANGLE_UNIT ( ) );
#559 = ORIENTED_EDGE ( 'NONE', *, *, #2174, .T. ) ;
#560 = CARTESIAN_POINT ( 'NONE',  ( 3.449999999999999734, -3.000000000000000444, 1.000000000000000000 ) ) ;
#561 = ORIENTED_EDGE ( 'NONE', *, *, #3375, .F. ) ;
#562 = LINE ( 'NONE', #1806, #3518 ) ;
#563 = DIRECTION ( 'NONE',  ( -1.895379361788590407E-15, 1.000000000000000000, 9.569685851224967835E-31 ) ) ;
#564 = ADVANCED_FACE ( 'NONE', ( #1837 ), #2731, .F. ) ;
#565 = VECTOR ( 'NONE', #3783, 1000.000000000000114 ) ;
#566 = DIRECTION ( 'NONE',  ( -0.9961946980918119365, 0.08715574274689892598, 0.000000000000000000 ) ) ;
#567 = VERTEX_POINT ( 'NONE', #3312 ) ;
#568 = CARTESIAN_POINT ( 'NONE',  ( 0.000000000000000000, -2.700000000000000178, 3.000000000000000000 ) ) ;
#569 = CARTESIAN_POINT ( 'NONE',  ( 3.160000000000000142, 3.000000000000000000, 0.000000000000000000 ) ) ;
#570 = EDGE_CURVE ( 'NONE', #3572, #793, #1731, .T. ) ;
#571 = DIRECTION ( 'NONE',  ( -1.642027209857247228E-15, 1.224646799147322146E-16, 1.000000000000000000 ) ) ;
#572 = FACE_OUTER_BOUND ( 'NONE', #875, .T. ) ;
#573 =( NAMED_UNIT ( * ) SI_UNIT ( $, .STERADIAN. ) SOLID_ANGLE_UNIT ( ) );
#574 = DIRECTION ( 'NONE',  ( 0.000000000000000000, 0.000000000000000000, 1.000000000000000000 ) ) ;
#575 = CARTESIAN_POINT ( 'NONE',  ( 3.500000000000000000, 1.649999999999999911, -1.649999999999999911 ) ) ;
#576 = VERTEX_POINT ( 'NONE', #2747 ) ;
#577 = EDGE_LOOP ( 'NONE', ( #2630, #3855, #2062, #3902 ) ) ;
#578 = ORIENTED_EDGE ( 'NONE', *, *, #1566, .F. ) ;
#579 = CARTESIAN_POINT ( 'NONE',  ( 3.160000000000000142, -3.000000000000000000, 0.000000000000000000 ) ) ;
#580 = CARTESIAN_POINT ( 'NONE',  ( 3.449999999999999734, 0.000000000000000000, 1.750000000000000000 ) ) ;
#581 = AXIS2_PLACEMENT_3D ( 'NONE', #3914, #1425, #2624 ) ;
#582 = VECTOR ( 'NONE', #3416, 1000.000000000000000 ) ;
#583 = DIRECTION ( 'NONE',  ( 1.000000000000000000, 0.000000000000000000, -0.000000000000000000 ) ) ;
#584 = EDGE_CURVE ( 'NONE', #2905, #3418, #1814, .T. ) ;
#585 = VECTOR ( 'NONE', #1242, 1000.000000000000000 ) ;
#586 = DIRECTION ( 'NONE',  ( -1.000000000000000000, -0.000000000000000000, 0.000000000000000000 ) ) ;
#587 = ORIENTED_EDGE ( 'NONE', *, *, #1176, .F. ) ;
#588 = CIRCLE ( 'NONE', #783, 0.3499999999999999778 ) ;
#589 = EDGE_LOOP ( 'NONE', ( #2528, #1099, #2006, #1976, #3194 ) ) ;
#590 = AXIS2_PLACEMENT_3D ( 'NONE', #2887, #2645, #1390 ) ;
#591 = CARTESIAN_POINT ( 'NONE',  ( 0.000000000000000000, 1.250000000000000000, 3.000000000000000000 ) ) ;
#592 = DIRECTION ( 'NONE',  ( 1.000000000000000000, 0.000000000000000000, -0.000000000000000000 ) ) ;
#593 = ADVANCED_FACE ( 'NONE', ( #572 ), #3652, .F. ) ;
#594 = LINE ( 'NONE', #2083, #999 ) ;
#595 = DIRECTION ( 'NONE',  ( 0.000000000000000000, -1.000000000000000000, 0.000000000000000000 ) ) ;
#596 = EDGE_CURVE ( 'NONE', #3152, #3087, #553, .T. ) ;
#597 = ORIENTED_EDGE ( 'NONE', *, *, #2725, .T. ) ;
#598 = ADVANCED_FACE ( 'NONE', ( #878 ), #2711, .T. ) ;
#599 = ORIENTED_EDGE ( 'NONE', *, *, #2607, .F. ) ;
#600 = ORIENTED_EDGE ( 'NONE', *, *, #1617, .T. ) ;
#601 = DIRECTION ( 'NONE',  ( 0.000000000000000000, -1.000000000000000000, 0.000000000000000000 ) ) ;
#602 = CARTESIAN_POINT ( 'NONE',  ( 0.000000000000000000, 2.700000000000000178, -2.700000000000000178 ) ) ;
#603 = DIRECTION ( 'NONE',  ( 0.000000000000000000, 0.000000000000000000, -1.000000000000000000 ) ) ;
#604 = AXIS2_PLACEMENT_3D ( 'NONE', #2340, #1066, #3486 ) ;
#605 = VECTOR ( 'NONE', #1331, 1000.000000000000000 ) ;
#606 = CARTESIAN_POINT ( 'NONE',  ( 4.799999999999999822, -1.749904079039318106, 0.01832250423811448287 ) ) ;
#607 = VERTEX_POINT ( 'NONE', #2381 ) ;
#608 = EDGE_LOOP ( 'NONE', ( #418, #1544, #1795, #1677 ) ) ;
#609 = VECTOR ( 'NONE', #29, 1000.000000000000000 ) ;
#610 =( LENGTH_UNIT ( ) NAMED_UNIT ( * ) SI_UNIT ( .MILLI., .METRE. ) );
#611 = CARTESIAN_POINT ( 'NONE',  ( 0.000000000000000000, 1.250000000000000000, -1.250000000000000000 ) ) ;
#612 = ORIENTED_EDGE ( 'NONE', *, *, #717, .T. ) ;
#613 = CIRCLE ( 'NONE', #3268, 0.3500000000000000333 ) ;
#614 = EDGE_CURVE ( 'NONE', #173, #749, #3350, .T. ) ;
#615 = DIRECTION ( 'NONE',  ( 1.000000000000000000, 0.000000000000000000, 0.000000000000000000 ) ) ;
#616 = LINE ( 'NONE', #3835, #2530 ) ;
#617 = PLANE ( 'NONE',  #2079 ) ;
#618 = ADVANCED_FACE ( 'NONE', ( #3054 ), #897, .T. ) ;
#619 = VERTEX_POINT ( 'NONE', #3290 ) ;
#620 = ORIENTED_EDGE ( 'NONE', *, *, #3482, .T. ) ;
#621 = ORIENTED_EDGE ( 'NONE', *, *, #1636, .T. ) ;
#622 = LINE ( 'NONE', #369, #1067 ) ;
#623 = LINE ( 'NONE', #886, #2037 ) ;
#624 = ADVANCED_FACE ( 'NONE', ( #670 ), #389, .T. ) ;
#625 = VECTOR ( 'NONE', #894, 1000.000000000000000 ) ;
#626 = CARTESIAN_POINT ( 'NONE',  ( 3.160000000000000142, 3.000000000000000444, 1.000000000000000000 ) ) ;
#627 = VERTEX_POINT ( 'NONE', #3857 ) ;
#628 = ORIENTED_EDGE ( 'NONE', *, *, #1784, .F. ) ;
#629 = VECTOR ( 'NONE', #3143, 1000.000000000000000 ) ;
#630 = LINE ( 'NONE', #264, #2922 ) ;
#631 = TOROIDAL_SURFACE ( 'NONE', #760, 0.1000000000006821127, 0.2499999999999570621 ) ;
#632 = VERTEX_POINT ( 'NONE', #2297 ) ;
#633 = AXIS2_PLACEMENT_3D ( 'NONE', #1560, #3806, #1030 ) ;
#634 = EDGE_CURVE ( 'NONE', #1780, #2491, #1405, .T. ) ;
#635 = DIRECTION ( 'NONE',  ( 0.000000000000000000, 0.000000000000000000, 1.000000000000000000 ) ) ;
#636 = DIRECTION ( 'NONE',  ( -1.642027209857247228E-15, 1.224646799147322146E-16, 1.000000000000000000 ) ) ;
#637 = DIRECTION ( 'NONE',  ( -1.642027209857247031E-15, 3.112264485058731231E-30, -1.000000000000000000 ) ) ;
#638 = EDGE_LOOP ( 'NONE', ( #599, #3078, #3255, #541, #3676 ) ) ;
#639 = LINE ( 'NONE', #1002, #492 ) ;
#640 = ORIENTED_EDGE ( 'NONE', *, *, #3793, .T. ) ;
#641 = CARTESIAN_POINT ( 'NONE',  ( 0.7805045099615574022, 3.348668144332067165, 1.899999999999999689 ) ) ;
#642 = CARTESIAN_POINT ( 'NONE',  ( 3.500000000000000000, 1.300000000000490763, -1.650000000001492273 ) ) ;
#643 = FACE_OUTER_BOUND ( 'NONE', #3879, .T. ) ;
#644 = DIRECTION ( 'NONE',  ( -1.000000000000000000, 0.000000000000000000, -0.000000000000000000 ) ) ;
#645 = ORIENTED_EDGE ( 'NONE', *, *, #3191, .T. ) ;
#646 = ORIENTED_EDGE ( 'NONE', *, *, #3265, .F. ) ;
#647 = EDGE_CURVE ( 'NONE', #15, #411, #3189, .T. ) ;
#648 = AXIS2_PLACEMENT_3D ( 'NONE', #439, #2050, #1398 ) ;
#649 = PLANE ( 'NONE',  #1754 ) ;
#650 = VECTOR ( 'NONE', #3873, 1000.000000000000000 ) ;
#651 = VERTEX_POINT ( 'NONE', #405 ) ;
#652 = CIRCLE ( 'NONE', #4016, 0.05000000000000002359 ) ;
#653 = CARTESIAN_POINT ( 'NONE',  ( 4.999999999999999112, -1.549916517261535454, 0.01622851814770996659 ) ) ;
#654 = DIRECTION ( 'NONE',  ( 0.000000000000000000, 0.000000000000000000, -1.000000000000000000 ) ) ;
#655 = LINE ( 'NONE', #1901, #780 ) ;
#656 = FACE_OUTER_BOUND ( 'NONE', #2574, .T. ) ;
#657 = EDGE_LOOP ( 'NONE', ( #1971, #2161, #1831, #2611 ) ) ;
#658 = DIRECTION ( 'NONE',  ( -0.000000000000000000, -0.000000000000000000, 1.000000000000000000 ) ) ;
#659 = VERTEX_POINT ( 'NONE', #3836 ) ;
#660 = CARTESIAN_POINT ( 'NONE',  ( 3.160000000000000142, -1.000000000000000000, -2.799999999999999822 ) ) ;
#661 = LINE ( 'NONE', #2851, #1802 ) ;
#662 = PLANE ( 'NONE',  #3241 ) ;
#663 = ORIENTED_EDGE ( 'NONE', *, *, #2190, .T. ) ;
#664 = DIRECTION ( 'NONE',  ( 1.000000000000000000, 0.000000000000000000, 0.000000000000000000 ) ) ;
#665 = AXIS2_PLACEMENT_3D ( 'NONE', #166, #147, #457 ) ;
#666 = EDGE_CURVE ( 'NONE', #3233, #2272, #3404, .T. ) ;
#667 = EDGE_LOOP ( 'NONE', ( #2870, #628, #1941, #2955, #2406 ) ) ;
#668 = VECTOR ( 'NONE', #4004, 1000.000000000000000 ) ;
#669 = EDGE_CURVE ( 'NONE', #3948, #866, #712, .T. ) ;
#670 = FACE_OUTER_BOUND ( 'NONE', #3020, .T. ) ;
#671 = LINE ( 'NONE', #3774, #2229 ) ;
#672 = AXIS2_PLACEMENT_3D ( 'NONE', #2522, #1325, #1628 ) ;
#673 = LINE ( 'NONE', #3712, #526 ) ;
#674 = EDGE_CURVE ( 'NONE', #866, #1061, #98, .T. ) ;
#675 = CARTESIAN_POINT ( 'NONE',  ( 0.7500000000000000000, -3.000000000000000000, 1.899999999999999689 ) ) ;
#676 = EDGE_LOOP ( 'NONE', ( #1072, #2945, #961, #3947, #1499, #1116, #3126, #1621, #1619, #1685 ) ) ;
#677 = CARTESIAN_POINT ( 'NONE',  ( 0.000000000000000000, 1.250000000000000000, 3.000000000000000000 ) ) ;
#678 = VERTEX_POINT ( 'NONE', #3506 ) ;
#679 = FACE_OUTER_BOUND ( 'NONE', #73, .T. ) ;
#680 = PLANE ( 'NONE',  #1580 ) ;
#681 = CARTESIAN_POINT ( 'NONE',  ( 4.799999999999999822, 0.000000000000000000, 0.000000000000000000 ) ) ;
#682 = EDGE_LOOP ( 'NONE', ( #2030, #719, #892, #1661 ) ) ;
#683 = DIRECTION ( 'NONE',  ( 0.000000000000000000, 0.9999451880224675682, -0.01047000242177981849 ) ) ;
#684 = EDGE_LOOP ( 'NONE', ( #561, #1804, #2107, #1701 ) ) ;
#685 = DIRECTION ( 'NONE',  ( -1.000000000000000000, -0.000000000000000000, -0.000000000000000000 ) ) ;
#686 = AXIS2_PLACEMENT_3D ( 'NONE', #1915, #3422, #2134 ) ;
#687 = CARTESIAN_POINT ( 'NONE',  ( 0.000000000000000000, 1.000000000000000000, -3.000000000000000000 ) ) ;
#688 = ORIENTED_EDGE ( 'NONE', *, *, #22, .F. ) ;
#689 = MECHANICAL_DESIGN_GEOMETRIC_PRESENTATION_REPRESENTATION (  '', ( #1344 ), #1214 ) ;
#690 = VECTOR ( 'NONE', #3185, 1000.000000000000000 ) ;
#691 = AXIS2_PLACEMENT_3D ( 'NONE', #2284, #2364, #3573 ) ;
#692 = PLANE ( 'NONE',  #3521 ) ;
#693 = EDGE_CURVE ( 'NONE', #2772, #1759, #1649, .T. ) ;
#694 = LINE ( 'NONE', #3, #3754 ) ;
#695 = ORIENTED_EDGE ( 'NONE', *, *, #136, .F. ) ;
#696 = CARTESIAN_POINT ( 'NONE',  ( 3.149999999999999911, -2.700000000000000178, 3.000000000000000000 ) ) ;
#697 = ORIENTED_EDGE ( 'NONE', *, *, #722, .F. ) ;
#698 = CARTESIAN_POINT ( 'NONE',  ( 4.917157291949885156, 1.713259070563088793, -3.518130662316750534 ) ) ;
#699 = CARTESIAN_POINT ( 'NONE',  ( 3.160000000000000142, 2.700000000000000178, -2.700000000000000178 ) ) ;
#700 = LINE ( 'NONE', #1008, #3490 ) ;
#701 = VERTEX_POINT ( 'NONE', #1349 ) ;
#702 = CARTESIAN_POINT ( 'NONE',  ( 0.000000000000000000, 4.500000000000000000, 1.899999999999999911 ) ) ;
#703 = ORIENTED_EDGE ( 'NONE', *, *, #3452, .T. ) ;
#704 = EDGE_CURVE ( 'NONE', #403, #2754, #169, .T. ) ;
#705 = DIRECTION ( 'NONE',  ( 0.9961946980917451011, 0.08715574274766391127, 0.000000000000000000 ) ) ;
#706 =( BOUNDED_SURFACE ( )  B_SPLINE_SURFACE ( 3, 3, ( 
 ( #3781, #984, #2613, #2241 ),
 ( #2831, #2892, #90, #3453 ),
 ( #3220, #1635, #698, #1659 ),
 ( #2570, #720, #106, #2871 ) ),
 .UNSPECIFIED., .F., .F., .F. ) 
 B_SPLINE_SURFACE_WITH_KNOTS ( ( 4, 4 ),
 ( 4, 4 ),
 ( 0.000000000000000000, 1.000000000000000000 ),
 ( 0.000000000000000000, 1.000000000000000000 ),
 .UNSPECIFIED. ) 
 GEOMETRIC_REPRESENTATION_ITEM ( )  RATIONAL_B_SPLINE_SURFACE ( (
 ( 1.000000000000000000, 0.3333333333333334259, 0.3333333333333334259, 1.000000000000000000),
 ( 0.8047378428978657627, 0.2682459476326219949, 0.2682459476326219949, 0.8047378428978657627),
 ( 0.8047378428978657627, 0.2682459476326219949, 0.2682459476326219949, 0.8047378428978657627),
 ( 1.000000000000000000, 0.3333333333333334259, 0.3333333333333334259, 1.000000000000000000) ) ) 
 REPRESENTATION_ITEM ( '' )  SURFACE ( )  );
#707 = CARTESIAN_POINT ( 'NONE',  ( 4.799999999999999822, 2.143131898507868297E-16, -1.750000000000000000 ) ) ;
#708 = ORIENTED_EDGE ( 'NONE', *, *, #4015, .F. ) ;
#709 = CIRCLE ( 'NONE', #973, 0.2999999999999999334 ) ;
#710 = AXIS2_PLACEMENT_3D ( 'NONE', #770, #1724, #1462 ) ;
#711 = VECTOR ( 'NONE', #957, 1000.000000000000000 ) ;
#712 = LINE ( 'NONE', #1043, #431 ) ;
#713 = LINE ( 'NONE', #1959, #2352 ) ;
#714 = VECTOR ( 'NONE', #1243, 1000.000000000000000 ) ;
#715 = CARTESIAN_POINT ( 'NONE',  ( 0.000000000000000000, 0.000000000000000000, -2.600000000000000089 ) ) ;
#716 = ORIENTED_EDGE ( 'NONE', *, *, #3128, .T. ) ;
#717 = EDGE_CURVE ( 'NONE', #1152, #1414, #1413, .T. ) ;
#718 = CARTESIAN_POINT ( 'NONE',  ( 3.449999999999999734, 3.000000000000000000, -1.000000000000000000 ) ) ;
#719 = ORIENTED_EDGE ( 'NONE', *, *, #3915, .F. ) ;
#720 = CARTESIAN_POINT ( 'NONE',  ( 4.799999999999999822, -1.786549087515547196, -3.481485653840521000 ) ) ;
#721 = DIRECTION ( 'NONE',  ( 0.000000000000000000, 0.000000000000000000, -1.000000000000000000 ) ) ;
#722 = EDGE_CURVE ( 'NONE', #3963, #1883, #1753, .T. ) ;
#723 = DIRECTION ( 'NONE',  ( 0.000000000000000000, 0.000000000000000000, -1.000000000000000000 ) ) ;
#724 = EDGE_LOOP ( 'NONE', ( #1094, #3307, #1874, #1132 ) ) ;
#725 = CARTESIAN_POINT ( 'NONE',  ( 0.000000000000000000, -1.250000000000000000, -1.250000000000000000 ) ) ;
#726 = VERTEX_POINT ( 'NONE', #2970 ) ;
#727 = CIRCLE ( 'NONE', #335, 0.3499999999999999778 ) ;
#728 = PRESENTATION_STYLE_ASSIGNMENT (( #55 ) ) ;
#729 = UNCERTAINTY_MEASURE_WITH_UNIT (LENGTH_MEASURE( 1.000000000000000082E-05 ), #3903, 'distance_accuracy_value', 'NONE');
#730 = CARTESIAN_POINT ( 'NONE',  ( 0.000000000000000000, 0.000000000000000000, -2.600000000000000089 ) ) ;
#731 = CARTESIAN_POINT ( 'NONE',  ( 0.000000000000000000, -1.250000000000000000, -1.250000000000000000 ) ) ;
#732 = ORIENTED_EDGE ( 'NONE', *, *, #316, .F. ) ;
#733 = VECTOR ( 'NONE', #2147, 1000.000000000000000 ) ;
#734 = CARTESIAN_POINT ( 'NONE',  ( 4.917157291949884268, 1.043392580775632572, 1.739171004710831303 ) ) ;
#735 = DIRECTION ( 'NONE',  ( 1.000000000000000000, 0.000000000000000000, 0.000000000000000000 ) ) ;
#736 = ADVANCED_FACE ( 'NONE', ( #222 ), #859, .T. ) ;
#737 = TOROIDAL_SURFACE ( 'NONE', #3583, 0.1000000000006821682, 0.2499999999999570621 ) ;
#738 = CARTESIAN_POINT ( 'NONE',  ( 0.000000000000000000, 3.000000000000000000, -2.700000000000000178 ) ) ;
#739 = ORIENTED_EDGE ( 'NONE', *, *, #1370, .T. ) ;
#740 = EDGE_LOOP ( 'NONE', ( #3779, #868, #1716, #3218 ) ) ;
#741 = ORIENTED_EDGE ( 'NONE', *, *, #3893, .F. ) ;
#742 = CARTESIAN_POINT ( 'NONE',  ( 3.449999999999999734, 2.799999999999999822, -1.000000000000000000 ) ) ;
#743 = DIRECTION ( 'NONE',  ( 1.000000000000000000, 0.000000000000000000, -0.000000000000000000 ) ) ;
#744 = ADVANCED_FACE ( 'NONE', ( #2686 ), #3917, .F. ) ;
#745 = DIRECTION ( 'NONE',  ( -0.000000000000000000, -0.000000000000000000, 1.000000000000000000 ) ) ;
#746 = AXIS2_PLACEMENT_3D ( 'NONE', #1110, #1073, #1434 ) ;
#747 = CARTESIAN_POINT ( 'NONE',  ( 3.160000000000000142, -2.700000000000000178, 2.700000000000000178 ) ) ;
#748 = ORIENTED_EDGE ( 'NONE', *, *, #2363, .F. ) ;
#749 = VERTEX_POINT ( 'NONE', #2038 ) ;
#750 = ADVANCED_FACE ( 'NONE', ( #3269 ), #3974, .F. ) ;
#751 = CARTESIAN_POINT ( 'NONE',  ( 0.7543577871373724486, -3.049809734904795455, -2.600000000000000089 ) ) ;
#752 = DIRECTION ( 'NONE',  ( 0.000000000000000000, 0.000000000000000000, -1.000000000000000000 ) ) ;
#753 = ORIENTED_EDGE ( 'NONE', *, *, #188, .F. ) ;
#754 = CARTESIAN_POINT ( 'NONE',  ( 0.3651377029010700048, -3.083862079892135455, 2.600000000000000089 ) ) ;
#755 = VECTOR ( 'NONE', #586, 1000.000000000000000 ) ;
#756 = CARTESIAN_POINT ( 'NONE',  ( 4.917157291949884268, 0.01832250397116543320, 1.749904079042113425 ) ) ;
#757 = ADVANCED_FACE ( 'NONE', ( #488 ), #180, .T. ) ;
#758 = DIRECTION ( 'NONE',  ( -0.000000000000000000, 1.000000000000000000, 0.000000000000000000 ) ) ;
#759 = AXIS2_PLACEMENT_3D ( 'NONE', #2689, #3920, #3938 ) ;
#760 = AXIS2_PLACEMENT_3D ( 'NONE', #945, #3741, #3156 ) ;
#761 = VERTEX_POINT ( 'NONE', #1650 ) ;
#762 = DIRECTION ( 'NONE',  ( 0.9961946980918119365, 0.08715574274689889822, 0.000000000000000000 ) ) ;
#763 = ORIENTED_EDGE ( 'NONE', *, *, #2837, .T. ) ;
#764 = ORIENTED_EDGE ( 'NONE', *, *, #1384, .F. ) ;
#765 = DIRECTION ( 'NONE',  ( -0.000000000000000000, 1.000000000000000000, 0.000000000000000000 ) ) ;
#766 = DIRECTION ( 'NONE',  ( 0.000000000000000000, 0.000000000000000000, -1.000000000000000000 ) ) ;
#767 = DIRECTION ( 'NONE',  ( 0.000000000000000000, 0.000000000000000000, -1.000000000000000000 ) ) ;
#768 = VERTEX_POINT ( 'NONE', #796 ) ;
#769 = ORIENTED_EDGE ( 'NONE', *, *, #1568, .F. ) ;
#770 = CARTESIAN_POINT ( 'NONE',  ( 3.449999999999999734, -1.000000000000000000, -2.799999999999999822 ) ) ;
#771 = EDGE_CURVE ( 'NONE', #1175, #1354, #406, .T. ) ;
#772 = PLANE ( 'NONE',  #3455 ) ;
#773 = ORIENTED_EDGE ( 'NONE', *, *, #2543, .F. ) ;
#774 = FILL_AREA_STYLE ('',( #3544 ) ) ;
#775 = DIRECTION ( 'NONE',  ( -1.000000000000000000, 1.895379361788591985E-15, 1.642027209857247031E-15 ) ) ;
#776 = CARTESIAN_POINT ( 'NONE',  ( 0.3912844257252000024, -3.382720489318999935, -2.600000000000000089 ) ) ;
#777 = VECTOR ( 'NONE', #548, 1000.000000000000000 ) ;
#778 = VECTOR ( 'NONE', #2739, 1000.000000000000000 ) ;
#779 = DIRECTION ( 'NONE',  ( 0.000000000000000000, 1.000000000000000000, 0.000000000000000000 ) ) ;
#780 = VECTOR ( 'NONE', #3131, 1000.000000000000000 ) ;
#781 = VERTEX_POINT ( 'NONE', #1407 ) ;
#782 = DIRECTION ( 'NONE',  ( -1.000000000000000000, 0.000000000000000000, -0.000000000000000000 ) ) ;
#783 = AXIS2_PLACEMENT_3D ( 'NONE', #2328, #767, #520 ) ;
#784 = VERTEX_POINT ( 'NONE', #2644 ) ;
#785 = SURFACE_SIDE_STYLE ('',( #823 ) ) ;
#786 = CYLINDRICAL_SURFACE ( 'NONE', #1320, 0.3500000000000000333 ) ;
#787 = VECTOR ( 'NONE', #3919, 1000.000000000000000 ) ;
#788 = PLANE ( 'NONE',  #303 ) ;
#789 = CARTESIAN_POINT ( 'NONE',  ( 0.7500000000000000000, 3.000000000000000000, -2.600000000000000089 ) ) ;
#790 = EDGE_LOOP ( 'NONE', ( #103, #89, #468, #3274 ) ) ;
#791 = VERTEX_POINT ( 'NONE', #2585 ) ;
#792 = DIRECTION ( 'NONE',  ( -0.000000000000000000, -0.000000000000000000, 1.000000000000000000 ) ) ;
#793 = VERTEX_POINT ( 'NONE', #2002 ) ;
#794 = DIRECTION ( 'NONE',  ( 0.000000000000000000, 0.000000000000000000, 1.000000000000000000 ) ) ;
#795 = ADVANCED_FACE ( 'NONE', ( #3858 ), #3231, .F. ) ;
#796 = CARTESIAN_POINT ( 'NONE',  ( 0.7805045099615574022, 3.348668144332067165, -1.899999999999999911 ) ) ;
#797 = AXIS2_PLACEMENT_3D ( 'NONE', #3190, #1350, #1085 ) ;
#798 = LINE ( 'NONE', #2041, #3497 ) ;
#799 = VECTOR ( 'NONE', #2944, 1000.000000000000000 ) ;
#800 = DIRECTION ( 'NONE',  ( -1.000000000000000000, -0.000000000000000000, -0.000000000000000000 ) ) ;
#801 = LINE ( 'NONE', #1186, #3091 ) ;
#802 = EDGE_LOOP ( 'NONE', ( #455, #3803, #1379, #2654 ) ) ;
#803 = FACE_OUTER_BOUND ( 'NONE', #483, .T. ) ;
#804 = DIRECTION ( 'NONE',  ( -1.000000000000000000, 0.000000000000000000, 0.000000000000000000 ) ) ;
#805 = EDGE_CURVE ( 'NONE', #2992, #2839, #99, .T. ) ;
#806 = AXIS2_PLACEMENT_3D ( 'NONE', #1213, #2738, #1194 ) ;
#807 = FACE_OUTER_BOUND ( 'NONE', #2211, .T. ) ;
#808 = LINE ( 'NONE', #747, #2728 ) ;
#809 = EDGE_LOOP ( 'NONE', ( #2345, #3766, #1751, #2391 ) ) ;
#810 = ORIENTED_EDGE ( 'NONE', *, *, #2093, .T. ) ;
#811 = ORIENTED_EDGE ( 'NONE', *, *, #854, .T. ) ;
#812 = AXIS2_PLACEMENT_3D ( 'NONE', #2503, #615, #363 ) ;
#813 = EDGE_CURVE ( 'NONE', #1714, #678, #141, .T. ) ;
#814 = DIRECTION ( 'NONE',  ( 1.000000000000000000, 0.000000000000000000, 0.000000000000000000 ) ) ;
#815 = ADVANCED_FACE ( 'NONE', ( #3816 ), #3525, .F. ) ;
#816 = ORIENTED_EDGE ( 'NONE', *, *, #1744, .T. ) ;
#817 = DIRECTION ( 'NONE',  ( -0.000000000000000000, 1.000000000000000000, 0.000000000000000000 ) ) ;
#818 = LINE ( 'NONE', #2024, #3181 ) ;
#819 = AXIS2_PLACEMENT_3D ( 'NONE', #1026, #1962, #1921 ) ;
#820 = VERTEX_POINT ( 'NONE', #3547 ) ;
#821 = DIRECTION ( 'NONE',  ( 0.000000000000000000, 0.000000000000000000, -1.000000000000000000 ) ) ;
#822 = ORIENTED_EDGE ( 'NONE', *, *, #2708, .F. ) ;
#823 = SURFACE_STYLE_FILL_AREA ( #3512 ) ;
#824 = EDGE_CURVE ( 'NONE', #3298, #784, #3507, .T. ) ;
#825 = AXIS2_PLACEMENT_3D ( 'NONE', #225, #3958, #2424 ) ;
#826 = FILL_AREA_STYLE_COLOUR ( '', #3605 ) ;
#827 = VECTOR ( 'NONE', #1146, 1000.000000000000000 ) ;
#828 = DIRECTION ( 'NONE',  ( -1.000000000000000000, -0.000000000000000000, -0.000000000000000000 ) ) ;
#829 = VERTEX_POINT ( 'NONE', #1102 ) ;
#830 = VERTEX_POINT ( 'NONE', #3837 ) ;
#831 = ORIENTED_EDGE ( 'NONE', *, *, #3302, .F. ) ;
#832 = DIRECTION ( 'NONE',  ( 1.895379361788591985E-15, 1.000000000000000000, 9.569685851224955573E-31 ) ) ;
#833 = AXIS2_PLACEMENT_3D ( 'NONE', #1171, #595, #3636 ) ;
#834 = CARTESIAN_POINT ( 'NONE',  ( 0.2999999999999999889, 0.000000000000000000, 2.600000000000000089 ) ) ;
#835 = ORIENTED_EDGE ( 'NONE', *, *, #954, .T. ) ;
#836 = LINE ( 'NONE', #1465, #3820 ) ;
#837 = ADVANCED_FACE ( 'NONE', ( #1673 ), #2972, .F. ) ;
#838 = SHAPE_DEFINITION_REPRESENTATION ( #1703, #1485 ) ;
#839 = CARTESIAN_POINT ( 'NONE',  ( 0.000000000000000000, 0.000000000000000000, 0.000000000000000000 ) ) ;
#840 = ORIENTED_EDGE ( 'NONE', *, *, #2031, .F. ) ;
#841 = CARTESIAN_POINT ( 'NONE',  ( 3.449999999999999734, 1.649999999999999911, 2.000000000000000000 ) ) ;
#842 = LINE ( 'NONE', #3635, #827 ) ;
#843 = ORIENTED_EDGE ( 'NONE', *, *, #419, .F. ) ;
#844 = CARTESIAN_POINT ( 'NONE',  ( 3.449999999999999734, -3.000000000000000000, -3.000000000000000000 ) ) ;
#845 = AXIS2_PLACEMENT_3D ( 'NONE', #2495, #603, #3357 ) ;
#846 = SURFACE_STYLE_USAGE ( .BOTH. , #1801 ) ;
#847 =( GEOMETRIC_REPRESENTATION_CONTEXT ( 3 ) GLOBAL_UNCERTAINTY_ASSIGNED_CONTEXT ( ( #1423 ) ) GLOBAL_UNIT_ASSIGNED_CONTEXT ( ( #610, #3706, #2438 ) ) REPRESENTATION_CONTEXT ( 'NONE', 'WORKASPACE' ) );
#848 = EDGE_CURVE ( 'NONE', #2517, #1354, #2949, .T. ) ;
#849 = ORIENTED_EDGE ( 'NONE', *, *, #1421, .T. ) ;
#850 = AXIS2_PLACEMENT_3D ( 'NONE', #881, #3352, #1819 ) ;
#851 = ORIENTED_EDGE ( 'NONE', *, *, #2720, .T. ) ;
#852 = ORIENTED_EDGE ( 'NONE', *, *, #895, .T. ) ;
#853 = DIRECTION ( 'NONE',  ( -0.000000000000000000, 0.000000000000000000, 1.000000000000000000 ) ) ;
#854 = EDGE_CURVE ( 'NONE', #1152, #403, #3646, .T. ) ;
#855 = CARTESIAN_POINT ( 'NONE',  ( 3.160000000000000142, 0.000000000000000000, -1.000000000000000000 ) ) ;
#856 = ORIENTED_EDGE ( 'NONE', *, *, #2113, .T. ) ;
#857 = EDGE_CURVE ( 'NONE', #1746, #212, #2927, .T. ) ;
#858 = LINE ( 'NONE', #2096, #777 ) ;
#859 = CYLINDRICAL_SURFACE ( 'NONE', #2097, 0.2999999999999999334 ) ;
#860 = CARTESIAN_POINT ( 'NONE',  ( 3.160000000000000142, 1.000000000000000000, 0.000000000000000000 ) ) ;
#861 = EDGE_LOOP ( 'NONE', ( #3229, #3727, #3908, #3266 ) ) ;
#862 =( LENGTH_UNIT ( ) NAMED_UNIT ( * ) SI_UNIT ( .MILLI., .METRE. ) );
#863 = CIRCLE ( 'NONE', #2287, 0.3500000000000000333 ) ;
#864 = EDGE_CURVE ( 'NONE', #3558, #2525, #863, .T. ) ;
#865 = LINE ( 'NONE', #1842, #63 ) ;
#866 = VERTEX_POINT ( 'NONE', #2608 ) ;
#867 = ORIENTED_EDGE ( 'NONE', *, *, #3770, .F. ) ;
#868 = ORIENTED_EDGE ( 'NONE', *, *, #1470, .T. ) ;
#869 = DIRECTION ( 'NONE',  ( -1.000000000000000000, -0.000000000000000000, -0.000000000000000000 ) ) ;
#870 = CARTESIAN_POINT ( 'NONE',  ( 0.000000000000000000, -3.482339959128999851, 2.600000000000000089 ) ) ;
#871 = VECTOR ( 'NONE', #1051, 1000.000000000000000 ) ;
#872 = ADVANCED_FACE ( 'NONE', ( #2909 ), #3576, .T. ) ;
#873 = CARTESIAN_POINT ( 'NONE',  ( 3.160000000000000142, 0.000000000000000000, -3.000000000000000000 ) ) ;
#874 = CARTESIAN_POINT ( 'NONE',  ( 0.2999999999999999889, 3.482339959128999851, -2.600000000000000089 ) ) ;
#875 = EDGE_LOOP ( 'NONE', ( #3598, #486, #2353, #1961 ) ) ;
#876 = EDGE_CURVE ( 'NONE', #194, #137, #471, .T. ) ;
#877 =( LENGTH_UNIT ( ) NAMED_UNIT ( * ) SI_UNIT ( .MILLI., .METRE. ) );
#878 = FACE_OUTER_BOUND ( 'NONE', #740, .T. ) ;
#879 = DIRECTION ( 'NONE',  ( 0.000000000000000000, 0.000000000000000000, -1.000000000000000000 ) ) ;
#880 = EDGE_CURVE ( 'NONE', #1631, #3678, #490, .T. ) ;
#881 = CARTESIAN_POINT ( 'NONE',  ( 0.000000000000000000, -3.482339959128999851, -2.600000000000000089 ) ) ;
#882 = ORIENTED_EDGE ( 'NONE', *, *, #848, .T. ) ;
#883 = ORIENTED_EDGE ( 'NONE', *, *, #2235, .F. ) ;
#884 = ORIENTED_EDGE ( 'NONE', *, *, #120, .T. ) ;
#885 = LINE ( 'NONE', #1847, #1785 ) ;
#886 = CARTESIAN_POINT ( 'NONE',  ( 0.3912844257252260372, 3.382720489319298807, -2.600000000000000089 ) ) ;
#887 = AXIS2_PLACEMENT_3D ( 'NONE', #3484, #2339, #3566 ) ;
#888 = AXIS2_PLACEMENT_3D ( 'NONE', #3522, #2271, #3832 ) ;
#889 = CARTESIAN_POINT ( 'NONE',  ( 0.7543577871373999821, -3.049809734904999736, -2.600000000000000089 ) ) ;
#890 = VECTOR ( 'NONE', #782, 1000.000000000000000 ) ;
#891 = DIRECTION ( 'NONE',  ( -0.000000000000000000, -0.000000000000000000, 1.000000000000000000 ) ) ;
#892 = ORIENTED_EDGE ( 'NONE', *, *, #1240, .F. ) ;
#893 = CARTESIAN_POINT ( 'NONE',  ( 0.000000000000000000, -3.000000000000000000, -3.000000000000000000 ) ) ;
#894 = DIRECTION ( 'NONE',  ( -0.000000000000000000, 1.000000000000000000, 0.000000000000000000 ) ) ;
#895 = EDGE_CURVE ( 'NONE', #1275, #1380, #713, .T. ) ;
#896 = CARTESIAN_POINT ( 'NONE',  ( 0.000000000000000000, 0.000000000000000000, 0.000000000000000000 ) ) ;
#897 = PLANE ( 'NONE',  #3467 ) ;
#898 = PLANE ( 'NONE',  #3012 ) ;
#899 = LINE ( 'NONE', #2140, #1818 ) ;
#900 = VERTEX_POINT ( 'NONE', #3289 ) ;
#901 = ORIENTED_EDGE ( 'NONE', *, *, #475, .F. ) ;
#902 = ORIENTED_EDGE ( 'NONE', *, *, #2372, .F. ) ;
#903 = FACE_OUTER_BOUND ( 'NONE', #252, .T. ) ;
#904 = LINE ( 'NONE', #1889, #1449 ) ;
#905 = PRESENTATION_LAYER_ASSIGNMENT (  '', '', ( #2658 ) ) ;
#906 = AXIS2_PLACEMENT_3D ( 'NONE', #907, #2148, #3376 ) ;
#907 = CARTESIAN_POINT ( 'NONE',  ( 0.000000000000000000, 0.000000000000000000, -2.600000000000000089 ) ) ;
#908 =( GEOMETRIC_REPRESENTATION_CONTEXT ( 3 ) GLOBAL_UNCERTAINTY_ASSIGNED_CONTEXT ( ( #3210 ) ) GLOBAL_UNIT_ASSIGNED_CONTEXT ( ( #3944, #1881, #2926 ) ) REPRESENTATION_CONTEXT ( 'NONE', 'WORKASPACE' ) );
#909 = LINE ( 'NONE', #2150, #3505 ) ;
#910 = ORIENTED_EDGE ( 'NONE', *, *, #3076, .F. ) ;
#911 = ORIENTED_EDGE ( 'NONE', *, *, #434, .F. ) ;
#912 = EDGE_CURVE ( 'NONE', #761, #3971, #3969, .T. ) ;
#913 = PRODUCT_DEFINITION_FORMATION_WITH_SPECIFIED_SOURCE ( 'ANY', '', #2679, .NOT_KNOWN. ) ;
#914 = FILL_AREA_STYLE_COLOUR ( '', #382 ) ;
#915 = EDGE_CURVE ( 'NONE', #1810, #3399, #3049, .T. ) ;
#916 = CARTESIAN_POINT ( 'NONE',  ( 3.160000000000000142, 3.000000000000000000, -2.700000000000000178 ) ) ;
#917 = ADVANCED_FACE ( 'NONE', ( #3670 ), #1138, .T. ) ;
#918 = LINE ( 'NONE', #2213, #711 ) ;
#919 = LINE ( 'NONE', #3695, #3115 ) ;
#920 = VERTEX_POINT ( 'NONE', #2669 ) ;
#921 = ORIENTED_EDGE ( 'NONE', *, *, #1421, .F. ) ;
#922 = ORIENTED_EDGE ( 'NONE', *, *, #3414, .T. ) ;
#923 = CARTESIAN_POINT ( 'NONE',  ( 0.3000000000000000444, 3.482339959128999851, -1.899999999999999911 ) ) ;
#924 = DIRECTION ( 'NONE',  ( -0.000000000000000000, -0.000000000000000000, 1.000000000000000000 ) ) ;
#925 = EDGE_CURVE ( 'NONE', #1080, #781, #1375, .T. ) ;
#926 = PLANE ( 'NONE',  #1296 ) ;
#927 = VECTOR ( 'NONE', #765, 1000.000000000000000 ) ;
#928 = DIRECTION ( 'NONE',  ( 0.000000000000000000, 0.000000000000000000, -1.000000000000000000 ) ) ;
#929 = VERTEX_POINT ( 'NONE', #742 ) ;
#930 = ORIENTED_EDGE ( 'NONE', *, *, #2020, .F. ) ;
#931 = AXIS2_PLACEMENT_3D ( 'NONE', #1769, #601, #2699 ) ;
#932 = ADVANCED_FACE ( 'NONE', ( #803 ), #3236, .F. ) ;
#933 = ORIENTED_EDGE ( 'NONE', *, *, #3011, .F. ) ;
#934 = AXIS2_PLACEMENT_3D ( 'NONE', #3145, #3426, #3711 ) ;
#935 = LINE ( 'NONE', #1304, #2561 ) ;
#936 = DIRECTION ( 'NONE',  ( 0.000000000000000000, -1.000000000000000000, -0.000000000000000000 ) ) ;
#937 = CARTESIAN_POINT ( 'NONE',  ( 0.4000000000000000222, 3.482339959128999851, 2.600000000000000089 ) ) ;
#938 = EDGE_LOOP ( 'NONE', ( #2681, #3142 ) ) ;
#939 = VERTEX_POINT ( 'NONE', #2047 ) ;
#940 = EDGE_CURVE ( 'NONE', #212, #1920, #2650, .T. ) ;
#941 = VERTEX_POINT ( 'NONE', #2631 ) ;
#942 = CARTESIAN_POINT ( 'NONE',  ( 3.750000000000687450, -1.749999859687000114, -1.649999999998507549 ) ) ;
#943 = DIRECTION ( 'NONE',  ( -1.000000000000000000, -0.000000000000000000, -0.000000000000000000 ) ) ;
#944 = DIRECTION ( 'NONE',  ( 0.000000000000000000, 0.000000000000000000, 1.000000000000000000 ) ) ;
#945 = CARTESIAN_POINT ( 'NONE',  ( 3.500000000000769607, 1.650000000001620615, -1.650000000001492273 ) ) ;
#946 = CARTESIAN_POINT ( 'NONE',  ( 3.500000000000000000, -1.649999999999999911, -1.649999999999999911 ) ) ;
#947 = AXIS2_PLACEMENT_3D ( 'NONE', #1942, #3171, #982 ) ;
#948 = DIRECTION ( 'NONE',  ( -1.000000000000000000, 0.000000000000000000, 0.000000000000000000 ) ) ;
#949 = EDGE_LOOP ( 'NONE', ( #3519, #3707, #127, #3262 ) ) ;
#950 = VECTOR ( 'NONE', #3440, 1000.000000000000000 ) ;
#951 = SURFACE_SIDE_STYLE ('',( #280 ) ) ;
#952 = AXIS2_PLACEMENT_3D ( 'NONE', #3755, #654, #956 ) ;
#953 = ORIENTED_EDGE ( 'NONE', *, *, #2636, .F. ) ;
#954 = EDGE_CURVE ( 'NONE', #3634, #2373, #2891, .T. ) ;
#955 = DIRECTION ( 'NONE',  ( 0.000000000000000000, 1.000000000000000000, -0.000000000000000000 ) ) ;
#956 = DIRECTION ( 'NONE',  ( -1.000000000000000000, 0.000000000000000000, -0.000000000000000000 ) ) ;
#957 = DIRECTION ( 'NONE',  ( -0.000000000000000000, -0.000000000000000000, 1.000000000000000000 ) ) ;
#958 = DIRECTION ( 'NONE',  ( 0.000000000000000000, 0.000000000000000000, 1.000000000000000000 ) ) ;
#959 = ORIENTED_EDGE ( 'NONE', *, *, #3918, .F. ) ;
#960 = LINE ( 'NONE', #2238, #1207 ) ;
#961 = ORIENTED_EDGE ( 'NONE', *, *, #584, .F. ) ;
#962 = PLANE ( 'NONE',  #806 ) ;
#963 = EDGE_CURVE ( 'NONE', #3359, #3233, #1715, .T. ) ;
#964 = DIRECTION ( 'NONE',  ( 0.000000000000000000, 0.000000000000000000, 1.000000000000000000 ) ) ;
#965 = DIRECTION ( 'NONE',  ( 0.000000000000000000, 0.000000000000000000, 1.000000000000000000 ) ) ;
#966 = ORIENTED_EDGE ( 'NONE', *, *, #45, .F. ) ;
#967 = LINE ( 'NONE', #356, #432 ) ;
#968 = PLANE ( 'NONE',  #1997 ) ;
#969 = ORIENTED_EDGE ( 'NONE', *, *, #1240, .T. ) ;
#970 = EDGE_CURVE ( 'NONE', #2051, #311, #2751, .T. ) ;
#971 = VECTOR ( 'NONE', #1624, 1000.000000000000000 ) ;
#972 = VECTOR ( 'NONE', #792, 1000.000000000000000 ) ;
#973 = AXIS2_PLACEMENT_3D ( 'NONE', #2317, #2171, #3127 ) ;
#974 =( GEOMETRIC_REPRESENTATION_CONTEXT ( 3 ) GLOBAL_UNCERTAINTY_ASSIGNED_CONTEXT ( ( #401 ) ) GLOBAL_UNIT_ASSIGNED_CONTEXT ( ( #3319, #2408, #558 ) ) REPRESENTATION_CONTEXT ( 'NONE', 'WORKASPACE' ) );
#975 = CARTESIAN_POINT ( 'NONE',  ( 3.750000000000687450, -1.650000000001621059, -1.649999999998507771 ) ) ;
#976 = VECTOR ( 'NONE', #183, 1000.000000000000000 ) ;
#977 = EDGE_CURVE ( 'NONE', #1903, #3321, #1134, .T. ) ;
#978 = FACE_BOUND ( 'NONE', #2095, .T. ) ;
#979 = CARTESIAN_POINT ( 'NONE',  ( 3.160000000000000142, -2.700000000000000178, -2.700000000000000178 ) ) ;
#980 = CARTESIAN_POINT ( 'NONE',  ( 3.468645998181000056, 2.700000000000000178, -2.700000000000000178 ) ) ;
#981 = ORIENTED_EDGE ( 'NONE', *, *, #3199, .F. ) ;
#982 = DIRECTION ( 'NONE',  ( 0.000000000000000000, 0.000000000000000000, 1.000000000000000000 ) ) ;
#983 = ORIENTED_EDGE ( 'NONE', *, *, #3793, .F. ) ;
#984 = CARTESIAN_POINT ( 'NONE',  ( 4.999999999999999112, -1.582372039217389226, -3.083601560164670907 ) ) ;
#985 = LINE ( 'NONE', #2493, #1215 ) ;
#986 = FACE_OUTER_BOUND ( 'NONE', #2701, .T. ) ;
#987 = DIRECTION ( 'NONE',  ( 0.000000000000000000, 0.000000000000000000, -1.000000000000000000 ) ) ;
#988 = ORIENTED_EDGE ( 'NONE', *, *, #2460, .T. ) ;
#989 = LINE ( 'NONE', #1315, #629 ) ;
#990 = ORIENTED_EDGE ( 'NONE', *, *, #1529, .F. ) ;
#991 = AXIS2_PLACEMENT_3D ( 'NONE', #3257, #2282, #1126 ) ;
#992 = DIRECTION ( 'NONE',  ( -1.000000000000000000, -0.000000000000000000, -0.000000000000000000 ) ) ;
#993 =( BOUNDED_CURVE ( )  B_SPLINE_CURVE ( 3, ( #1909, #1290, #72, #3124 ),
 .UNSPECIFIED., .F., .T. ) 
 B_SPLINE_CURVE_WITH_KNOTS ( ( 4, 4 ),
 ( 0.5016663830914369626, 1.001666383031282637 ),
 .UNSPECIFIED. ) 
 CURVE ( )  GEOMETRIC_REPRESENTATION_ITEM ( )  RATIONAL_B_SPLINE_CURVE ( ( 1.000000000000000000, 0.3333333334593203134, 0.3333333334593203134, 1.000000000000000000 ) ) 
 REPRESENTATION_ITEM ( '' )  );
#994 = DIRECTION ( 'NONE',  ( -1.000000000000000000, 0.000000000000000000, -0.000000000000000000 ) ) ;
#995 = EDGE_CURVE ( 'NONE', #1400, #1032, #1658, .T. ) ;
#996 = CARTESIAN_POINT ( 'NONE',  ( 5.000000000000000000, 0.000000000000000000, 0.000000000000000000 ) ) ;
#997 = ORIENTED_EDGE ( 'NONE', *, *, #1856, .F. ) ;
#998 = DIRECTION ( 'NONE',  ( 0.000000000000000000, 0.000000000000000000, -1.000000000000000000 ) ) ;
#999 = VECTOR ( 'NONE', #3015, 1000.000000000000000 ) ;
#1000 = PLANE ( 'NONE',  #459 ) ;
#1001 = ORIENTED_EDGE ( 'NONE', *, *, #3876, .T. ) ;
#1002 = CARTESIAN_POINT ( 'NONE',  ( 3.449999999999999734, 1.649999999999999911, -2.000000000000000000 ) ) ;
#1003 = ORIENTED_EDGE ( 'NONE', *, *, #3897, .F. ) ;
#1004 = CARTESIAN_POINT ( 'NONE',  ( 3.149999999999999911, 2.700000000000000178, 2.700000000000000178 ) ) ;
#1005 = ADVANCED_FACE ( 'NONE', ( #3219 ), #435, .T. ) ;
#1006 = LINE ( 'NONE', #2591, #871 ) ;
#1007 = CARTESIAN_POINT ( 'NONE',  ( 3.449999999999999734, 1.000000000000000000, 2.799999999999999822 ) ) ;
#1008 = CARTESIAN_POINT ( 'NONE',  ( 0.2999999999999999889, 0.000000000000000000, 1.250000000000000000 ) ) ;
#1009 = ORIENTED_EDGE ( 'NONE', *, *, #1121, .T. ) ;
#1010 = FACE_OUTER_BOUND ( 'NONE', #2521, .T. ) ;
#1011 = ORIENTED_EDGE ( 'NONE', *, *, #1948, .F. ) ;
#1012 =( LENGTH_UNIT ( ) NAMED_UNIT ( * ) SI_UNIT ( .MILLI., .METRE. ) );
#1013 = AXIS2_PLACEMENT_3D ( 'NONE', #367, #3432, #3119 ) ;
#1014 = CARTESIAN_POINT ( 'NONE',  ( 3.750000000000687450, 1.749999859687000114, -1.650000000001491829 ) ) ;
#1015 = CARTESIAN_POINT ( 'NONE',  ( 0.8000000000000000444, 3.000000000000000000, 2.600000000000000089 ) ) ;
#1016 = ORIENTED_EDGE ( 'NONE', *, *, #2943, .F. ) ;
#1017 = VECTOR ( 'NONE', #2664, 1000.000000000000000 ) ;
#1018 = VECTOR ( 'NONE', #2303, 1000.000000000000000 ) ;
#1019 = ADVANCED_FACE ( 'NONE', ( #1696 ), #1815, .T. ) ;
#1020 = VECTOR ( 'NONE', #3295, 1000.000000000000000 ) ;
#1021 = DIRECTION ( 'NONE',  ( -1.000000000000000000, -0.000000000000000000, -0.000000000000000000 ) ) ;
#1022 = ADVANCED_FACE ( 'NONE', ( #1452 ), #898, .F. ) ;
#1023 = EDGE_CURVE ( 'NONE', #3510, #33, #613, .T. ) ;
#1024 = DIRECTION ( 'NONE',  ( -1.000000000000000000, -0.000000000000000000, -0.000000000000000000 ) ) ;
#1025 = ORIENTED_EDGE ( 'NONE', *, *, #940, .T. ) ;
#1026 = CARTESIAN_POINT ( 'NONE',  ( 3.500000000000769607, 1.750000000002302603, -1.650000000001492273 ) ) ;
#1027 = ORIENTED_EDGE ( 'NONE', *, *, #3545, .T. ) ;
#1028 = DIRECTION ( 'NONE',  ( 0.000000000000000000, -1.000000000000000000, 0.000000000000000000 ) ) ;
#1029 = CARTESIAN_POINT ( 'NONE',  ( 1.100000000000000089, 3.000000000000000000, -3.000000000000000000 ) ) ;
#1030 = DIRECTION ( 'NONE',  ( -1.000000000000000000, 0.000000000000000000, 0.000000000000000000 ) ) ;
#1031 = DIRECTION ( 'NONE',  ( -1.000000000000000000, -0.000000000000000000, -0.000000000000000000 ) ) ;
#1032 = VERTEX_POINT ( 'NONE', #916 ) ;
#1033 = CARTESIAN_POINT ( 'NONE',  ( 3.750000000000000000, 0.000000000000000000, 0.000000000000000000 ) ) ;
#1034 = ORIENTED_EDGE ( 'NONE', *, *, #2043, .F. ) ;
#1035 = DIRECTION ( 'NONE',  ( -1.000000000000000000, 0.000000000000000000, 0.000000000000000000 ) ) ;
#1036 = FACE_OUTER_BOUND ( 'NONE', #4002, .T. ) ;
#1037 = DIRECTION ( 'NONE',  ( 0.000000000000000000, 0.000000000000000000, 1.000000000000000000 ) ) ;
#1038 = CIRCLE ( 'NONE', #3887, 0.09999985968537879188 ) ;
#1039 = EDGE_CURVE ( 'NONE', #65, #3872, #265, .T. ) ;
#1040 = EDGE_LOOP ( 'NONE', ( #319, #523, #328, #3906 ) ) ;
#1041 = CIRCLE ( 'NONE', #2136, 0.3499999999999999778 ) ;
#1042 = CIRCLE ( 'NONE', #1363, 0.05000000000000002359 ) ;
#1043 = CARTESIAN_POINT ( 'NONE',  ( 0.7543577871373640109, -3.049809734904588954, -2.600000000000000089 ) ) ;
#1044 = EDGE_CURVE ( 'NONE', #3021, #87, #594, .T. ) ;
#1045 = CARTESIAN_POINT ( 'NONE',  ( 0.7500000000000000000, -3.000000000000000000, -2.600000000000000089 ) ) ;
#1046 = CARTESIAN_POINT ( 'NONE',  ( 0.000000000000000000, 4.500000000000000000, -2.600000000000000089 ) ) ;
#1047 = ORIENTED_EDGE ( 'NONE', *, *, #3931, .F. ) ;
#1048 = LINE ( 'NONE', #3736, #1471 ) ;
#1049 = ORIENTED_EDGE ( 'NONE', *, *, #552, .F. ) ;
#1050 = FILL_AREA_STYLE_COLOUR ( '', #3130 ) ;
#1051 = DIRECTION ( 'NONE',  ( 0.000000000000000000, 1.000000000000000000, 0.000000000000000000 ) ) ;
#1052 = EDGE_CURVE ( 'NONE', #2153, #2410, #2820, .T. ) ;
#1053 = DIRECTION ( 'NONE',  ( 0.000000000000000000, -1.000000000000000000, 0.000000000000000000 ) ) ;
#1054 = DIRECTION ( 'NONE',  ( 0.000000000000000000, 1.000000000000000000, 0.000000000000000000 ) ) ;
#1055 = VERTEX_POINT ( 'NONE', #3367 ) ;
#1056 = VERTEX_POINT ( 'NONE', #2713 ) ;
#1057 = VECTOR ( 'NONE', #566, 1000.000000000000114 ) ;
#1058 = CARTESIAN_POINT ( 'NONE',  ( 0.4000000000000000222, -3.482339959128999851, -2.600000000000000089 ) ) ;
#1059 = DIRECTION ( 'NONE',  ( 0.9961946980917451011, -0.08715574274766391127, 0.000000000000000000 ) ) ;
#1060 =( GEOMETRIC_REPRESENTATION_CONTEXT ( 3 ) GLOBAL_UNCERTAINTY_ASSIGNED_CONTEXT ( ( #1704 ) ) GLOBAL_UNIT_ASSIGNED_CONTEXT ( ( #2704, #1729, #1184 ) ) REPRESENTATION_CONTEXT ( 'NONE', 'WORKASPACE' ) );
#1061 = VERTEX_POINT ( 'NONE', #1838 ) ;
#1062 = ADVANCED_FACE ( 'NONE', ( #2156 ), #3314, .T. ) ;
#1063 = CARTESIAN_POINT ( 'NONE',  ( 3.449999999999999734, -2.799999999999999822, 1.000000000000000000 ) ) ;
#1064 = AXIS2_PLACEMENT_3D ( 'NONE', #3294, #518, #1761 ) ;
#1065 = CARTESIAN_POINT ( 'NONE',  ( 3.449999999999999734, 3.000000000000000000, 1.000000000000000000 ) ) ;
#1066 = DIRECTION ( 'NONE',  ( 0.000000000000000000, -0.01047000242177970573, -0.9999451880224675682 ) ) ;
#1067 = VECTOR ( 'NONE', #2830, 1000.000000000000000 ) ;
#1068 = CARTESIAN_POINT ( 'NONE',  ( 0.7543577871373724486, -3.049809734904795455, 2.600000000000000089 ) ) ;
#1069 = EDGE_LOOP ( 'NONE', ( #3639, #366, #1536, #1767 ) ) ;
#1070 = DIRECTION ( 'NONE',  ( -1.000000000000000000, -1.895379361788591985E-15, -1.642027209857247031E-15 ) ) ;
#1071 = ORIENTED_EDGE ( 'NONE', *, *, #3403, .T. ) ;
#1072 = ORIENTED_EDGE ( 'NONE', *, *, #977, .F. ) ;
#1073 = DIRECTION ( 'NONE',  ( -1.000000000000000000, -1.895379361788590407E-15, -1.642027209857244467E-15 ) ) ;
#1074 = CARTESIAN_POINT ( 'NONE',  ( 3.160000000000000142, 3.000000000000000000, 0.000000000000000000 ) ) ;
#1075 = DIRECTION ( 'NONE',  ( 0.000000000000000000, -0.000000000000000000, -1.000000000000000000 ) ) ;
#1076 = STYLED_ITEM ( 'NONE', ( #2405 ), #1101 ) ;
#1077 = DIRECTION ( 'NONE',  ( -1.000000000000000000, 0.000000000000000000, 0.000000000000000000 ) ) ;
#1078 = ADVANCED_FACE ( 'NONE', ( #3940 ), #1224, .F. ) ;
#1079 = ORIENTED_EDGE ( 'NONE', *, *, #537, .F. ) ;
#1080 = VERTEX_POINT ( 'NONE', #2465 ) ;
#1081 = LINE ( 'NONE', #855, #1623 ) ;
#1082 = LINE ( 'NONE', #467, #3005 ) ;
#1083 = EDGE_LOOP ( 'NONE', ( #75, #3459, #291, #3107, #1034 ) ) ;
#1084 = FACE_OUTER_BOUND ( 'NONE', #3061, .T. ) ;
#1085 = DIRECTION ( 'NONE',  ( 0.000000000000000000, 0.000000000000000000, 1.000000000000000000 ) ) ;
#1086 = DIRECTION ( 'NONE',  ( -1.000000000000000000, -0.000000000000000000, -0.000000000000000000 ) ) ;
#1087 = AXIS2_PLACEMENT_3D ( 'NONE', #517, #1415, #2692 ) ;
#1088 = VERTEX_POINT ( 'NONE', #841 ) ;
#1089 = LINE ( 'NONE', #1736, #2104 ) ;
#1090 = ORIENTED_EDGE ( 'NONE', *, *, #2370, .T. ) ;
#1091 = FACE_OUTER_BOUND ( 'NONE', #1069, .T. ) ;
#1092 =( LENGTH_UNIT ( ) NAMED_UNIT ( * ) SI_UNIT ( .MILLI., .METRE. ) );
#1093 = CARTESIAN_POINT ( 'NONE',  ( 3.449999999999999734, -1.649999999999999911, -1.300000000000000044 ) ) ;
#1094 = ORIENTED_EDGE ( 'NONE', *, *, #362, .T. ) ;
#1095 = EDGE_LOOP ( 'NONE', ( #1181, #2309, #2451, #3212 ) ) ;
#1096 = EDGE_CURVE ( 'NONE', #3597, #3808, #1510, .T. ) ;
#1097 = CARTESIAN_POINT ( 'NONE',  ( 0.000000000000000000, 0.000000000000000000, 0.000000000000000000 ) ) ;
#1098 = ADVANCED_FACE ( 'NONE', ( #2748 ), #1800, .T. ) ;
#1099 = ORIENTED_EDGE ( 'NONE', *, *, #1526, .T. ) ;
#1100 = DIRECTION ( 'NONE',  ( 0.9961946980917451011, -0.08715574274766391127, 0.000000000000000000 ) ) ;
#1101 = ADVANCED_FACE ( 'NONE', ( #1167, #555, #247 ), #1145, .T. ) ;
#1102 = CARTESIAN_POINT ( 'NONE',  ( 3.160000000000000142, 2.700000000000000178, 2.700000000000000178 ) ) ;
#1103 = AXIS2_PLACEMENT_3D ( 'NONE', #179, #3895, #794 ) ;
#1104 = VECTOR ( 'NONE', #1216, 1000.000000000000000 ) ;
#1105 = PLANE ( 'NONE',  #1368 ) ;
#1106 = AXIS2_PLACEMENT_3D ( 'NONE', #220, #469, #3308 ) ;
#1107 = CARTESIAN_POINT ( 'NONE',  ( 3.449999999999999734, -1.649999999999999911, 1.649999999999999911 ) ) ;
#1108 = CARTESIAN_POINT ( 'NONE',  ( 3.449999999999999734, 1.649999999999999911, -1.649999999999999911 ) ) ;
#1109 = ORIENTED_EDGE ( 'NONE', *, *, #3590, .T. ) ;
#1110 = CARTESIAN_POINT ( 'NONE',  ( 3.750000000000687450, 1.650000000001621059, -1.650000000001491829 ) ) ;
#1111 = CIRCLE ( 'NONE', #3429, 0.2499999999999572842 ) ;
#1112 = EDGE_CURVE ( 'NONE', #1056, #2412, #2212, .T. ) ;
#1113 = CARTESIAN_POINT ( 'NONE',  ( 0.7500000000000000000, 3.000000000000000000, -2.600000000000000089 ) ) ;
#1114 = CARTESIAN_POINT ( 'NONE',  ( 0.000000000000000000, 0.000000000000000000, -2.600000000000000089 ) ) ;
#1115 = ORIENTED_EDGE ( 'NONE', *, *, #2614, .F. ) ;
#1116 = ORIENTED_EDGE ( 'NONE', *, *, #381, .F. ) ;
#1117 = VERTEX_POINT ( 'NONE', #3094 ) ;
#1118 = FACE_OUTER_BOUND ( 'NONE', #2890, .T. ) ;
#1119 = ORIENTED_EDGE ( 'NONE', *, *, #1698, .T. ) ;
#1120 = PLANE ( 'NONE',  #2850 ) ;
#1121 = EDGE_CURVE ( 'NONE', #2690, #627, #3796, .T. ) ;
#1122 = DIRECTION ( 'NONE',  ( 0.000000000000000000, 0.000000000000000000, -1.000000000000000000 ) ) ;
#1123 = DIRECTION ( 'NONE',  ( -0.000000000000000000, 0.000000000000000000, 1.000000000000000000 ) ) ;
#1124 = VECTOR ( 'NONE', #1509, 1000.000000000000000 ) ;
#1125 = ORIENTED_EDGE ( 'NONE', *, *, #824, .T. ) ;
#1126 = DIRECTION ( 'NONE',  ( 0.000000000000000000, -0.000000000000000000, -1.000000000000000000 ) ) ;
#1127 = VECTOR ( 'NONE', #2511, 1000.000000000000000 ) ;
#1128 = CARTESIAN_POINT ( 'NONE',  ( 0.000000000000000000, -4.500000000000000000, -1.899999999999999911 ) ) ;
#1129 = DIRECTION ( 'NONE',  ( 0.000000000000000000, 0.000000000000000000, -1.000000000000000000 ) ) ;
#1130 = ORIENTED_EDGE ( 'NONE', *, *, #3030, .T. ) ;
#1131 = ORIENTED_EDGE ( 'NONE', *, *, #1303, .F. ) ;
#1132 = ORIENTED_EDGE ( 'NONE', *, *, #2708, .T. ) ;
#1133 = DIRECTION ( 'NONE',  ( 0.000000000000000000, 0.000000000000000000, 1.000000000000000000 ) ) ;
#1134 = CIRCLE ( 'NONE', #3586, 0.09999999999999999167 ) ;
#1135 = DIRECTION ( 'NONE',  ( 0.000000000000000000, 0.000000000000000000, -1.000000000000000000 ) ) ;
#1136 = ORIENTED_EDGE ( 'NONE', *, *, #2135, .F. ) ;
#1137 = CARTESIAN_POINT ( 'NONE',  ( 3.160000000000000142, -2.700000000000000178, -2.700000000000000178 ) ) ;
#1138 = CYLINDRICAL_SURFACE ( 'NONE', #665, 0.2999999999999999334 ) ;
#1139 = EDGE_CURVE ( 'NONE', #3698, #3558, #1258, .T. ) ;
#1140 = PRODUCT_CONTEXT ( 'NONE', #3563, 'mechanical' ) ;
#1141 = CIRCLE ( 'NONE', #3402, 0.2499999999999572842 ) ;
#1142 = EDGE_CURVE ( 'NONE', #820, #194, #935, .T. ) ;
#1143 = DIRECTION ( 'NONE',  ( 0.000000000000000000, 0.000000000000000000, -1.000000000000000000 ) ) ;
#1144 = ORIENTED_EDGE ( 'NONE', *, *, #4011, .F. ) ;
#1145 = PLANE ( 'NONE',  #934 ) ;
#1146 = DIRECTION ( 'NONE',  ( 0.000000000000000000, 0.000000000000000000, 1.000000000000000000 ) ) ;
#1147 = DIRECTION ( 'NONE',  ( 1.000000000000000000, 0.000000000000000000, 0.000000000000000000 ) ) ;
#1148 = CARTESIAN_POINT ( 'NONE',  ( 0.3651377029010570152, 3.083862079891985797, -1.899999999999999911 ) ) ;
#1149 = CIRCLE ( 'NONE', #3149, 0.4000000000000000222 ) ;
#1150 = DIRECTION ( 'NONE',  ( 0.000000000000000000, 0.000000000000000000, 1.000000000000000000 ) ) ;
#1151 = ORIENTED_EDGE ( 'NONE', *, *, #2000, .F. ) ;
#1152 = VERTEX_POINT ( 'NONE', #653 ) ;
#1153 = EDGE_LOOP ( 'NONE', ( #14, #504, #2559, #1219 ) ) ;
#1154 = CARTESIAN_POINT ( 'NONE',  ( 0.000000000000000000, 0.000000000000000000, 2.600000000000000089 ) ) ;
#1155 = AXIS2_PLACEMENT_3D ( 'NONE', #480, #151, #766 ) ;
#1156 = EDGE_CURVE ( 'NONE', #194, #3597, #671, .T. ) ;
#1157 = DIRECTION ( 'NONE',  ( -1.000000000000000000, 0.000000000000000000, 0.000000000000000000 ) ) ;
#1158 = ADVANCED_FACE ( 'NONE', ( #2564 ), #3387, .T. ) ;
#1159 = ORIENTED_EDGE ( 'NONE', *, *, #3250, .T. ) ;
#1160 = CARTESIAN_POINT ( 'NONE',  ( 0.8000000000000000444, -3.000000000000000000, 2.600000000000000089 ) ) ;
#1161 = ADVANCED_FACE ( 'NONE', ( #3406 ), #1939, .T. ) ;
#1162 = CARTESIAN_POINT ( 'NONE',  ( 4.999999999999999112, 1.559421469286759399, 0.8916907015917802104 ) ) ;
#1163 = DIRECTION ( 'NONE',  ( 0.000000000000000000, 0.000000000000000000, -1.000000000000000000 ) ) ;
#1164 = ADVANCED_FACE ( 'NONE', ( #62 ), #305, .F. ) ;
#1165 = DIRECTION ( 'NONE',  ( 1.000000000000000000, 0.000000000000000000, 0.000000000000000000 ) ) ;
#1166 = ORIENTED_EDGE ( 'NONE', *, *, #446, .T. ) ;
#1167 = FACE_BOUND ( 'NONE', #1545, .T. ) ;
#1168 = ORIENTED_EDGE ( 'NONE', *, *, #2928, .T. ) ;
#1169 = DIRECTION ( 'NONE',  ( -1.000000000000000000, 0.000000000000000000, 0.000000000000000000 ) ) ;
#1170 = CIRCLE ( 'NONE', #257, 1.750000000000000000 ) ;
#1171 = CARTESIAN_POINT ( 'NONE',  ( 0.000000000000000000, -3.000000000000000000, 3.000000000000000000 ) ) ;
#1172 = CIRCLE ( 'NONE', #2723, 0.4000000000000000222 ) ;
#1173 = ORIENTED_EDGE ( 'NONE', *, *, #2194, .F. ) ;
#1174 = AXIS2_PLACEMENT_3D ( 'NONE', #3075, #3389, #1150 ) ;
#1175 = VERTEX_POINT ( 'NONE', #1 ) ;
#1176 = EDGE_CURVE ( 'NONE', #2577, #2932, #1900, .T. ) ;
#1177 = ORIENTED_EDGE ( 'NONE', *, *, #634, .F. ) ;
#1178 = CARTESIAN_POINT ( 'NONE',  ( 3.160000000000000142, -2.799999999999999822, -1.000000000000000000 ) ) ;
#1179 = CIRCLE ( 'NONE', #130, 0.09999985968537901393 ) ;
#1180 = FACE_OUTER_BOUND ( 'NONE', #802, .T. ) ;
#1181 = ORIENTED_EDGE ( 'NONE', *, *, #2311, .T. ) ;
#1182 =( NAMED_UNIT ( * ) PLANE_ANGLE_UNIT ( ) SI_UNIT ( $, .RADIAN. ) );
#1183 = ADVANCED_FACE ( 'NONE', ( #2806 ), #2195, .T. ) ;
#1184 =( NAMED_UNIT ( * ) SI_UNIT ( $, .STERADIAN. ) SOLID_ANGLE_UNIT ( ) );
#1185 = CARTESIAN_POINT ( 'NONE',  ( 3.500000000000000000, 1.649999999999999911, 1.649999999999999911 ) ) ;
#1186 = CARTESIAN_POINT ( 'NONE',  ( 3.449999999999999734, 2.799999999999999822, 1.000000000000000000 ) ) ;
#1187 = DIRECTION ( 'NONE',  ( 0.000000000000000000, 0.000000000000000000, -1.000000000000000000 ) ) ;
#1188 = AXIS2_PLACEMENT_3D ( 'NONE', #1811, #2439, #3048 ) ;
#1189 = DIRECTION ( 'NONE',  ( 0.000000000000000000, 0.000000000000000000, -1.000000000000000000 ) ) ;
#1190 = ORIENTED_EDGE ( 'NONE', *, *, #3631, .F. ) ;
#1191 = EDGE_LOOP ( 'NONE', ( #901, #2982, #811, #509, #1931 ) ) ;
#1192 = ORIENTED_EDGE ( 'NONE', *, *, #427, .T. ) ;
#1193 = CARTESIAN_POINT ( 'NONE',  ( 0.2999999999999999889, -1.250000000000000222, 3.000000000000000000 ) ) ;
#1194 = DIRECTION ( 'NONE',  ( 0.000000000000000000, -0.000000000000000000, 1.000000000000000000 ) ) ;
#1195 = AXIS2_PLACEMENT_3D ( 'NONE', #313, #2202, #3395 ) ;
#1196 = CARTESIAN_POINT ( 'NONE',  ( 3.149999999999999911, -2.700000000000000178, 2.700000000000000178 ) ) ;
#1197 = CARTESIAN_POINT ( 'NONE',  ( 0.000000000000000000, 2.700000000000000178, 2.700000000000000178 ) ) ;
#1198 = ADVANCED_FACE ( 'NONE', ( #3463 ), #692, .T. ) ;
#1199 =( GEOMETRIC_REPRESENTATION_CONTEXT ( 3 ) GLOBAL_UNCERTAINTY_ASSIGNED_CONTEXT ( ( #2112 ) ) GLOBAL_UNIT_ASSIGNED_CONTEXT ( ( #862, #2425, #573 ) ) REPRESENTATION_CONTEXT ( 'NONE', 'WORKASPACE' ) );
#1200 = EDGE_CURVE ( 'NONE', #2070, #4, #326, .T. ) ;
#1201 = EDGE_LOOP ( 'NONE', ( #2014, #2842, #2507, #1905 ) ) ;
#1202 = SURFACE_STYLE_USAGE ( .BOTH. , #951 ) ;
#1203 = CARTESIAN_POINT ( 'NONE',  ( 0.000000000000000000, 1.250000000000000000, 3.000000000000000000 ) ) ;
#1204 = PRESENTATION_STYLE_ASSIGNMENT (( #3592 ) ) ;
#1205 = CARTESIAN_POINT ( 'NONE',  ( 3.750000000000000000, 0.000000000000000000, 0.000000000000000000 ) ) ;
#1206 = LINE ( 'NONE', #3351, #2449 ) ;
#1207 = VECTOR ( 'NONE', #2199, 1000.000000000000000 ) ;
#1208 = CYLINDRICAL_SURFACE ( 'NONE', #1174, 0.3500000000000000333 ) ;
#1209 = VERTEX_POINT ( 'NONE', #3166 ) ;
#1210 = ORIENTED_EDGE ( 'NONE', *, *, #1748, .F. ) ;
#1211 = ORIENTED_EDGE ( 'NONE', *, *, #1273, .T. ) ;
#1212 = DIRECTION ( 'NONE',  ( 0.000000000000000000, 0.000000000000000000, -1.000000000000000000 ) ) ;
#1213 = CARTESIAN_POINT ( 'NONE',  ( 0.2999999999999999889, 4.500000000000000000, -2.600000000000000089 ) ) ;
#1214 =( GEOMETRIC_REPRESENTATION_CONTEXT ( 3 ) GLOBAL_UNCERTAINTY_ASSIGNED_CONTEXT ( ( #3285 ) ) GLOBAL_UNIT_ASSIGNED_CONTEXT ( ( #3633, #2101, #2445 ) ) REPRESENTATION_CONTEXT ( 'NONE', 'WORKASPACE' ) );
#1215 = VECTOR ( 'NONE', #944, 1000.000000000000000 ) ;
#1216 = DIRECTION ( 'NONE',  ( -0.000000000000000000, 0.000000000000000000, -1.000000000000000000 ) ) ;
#1217 = ADVANCED_FACE ( 'NONE', ( #386 ), #550, .T. ) ;
#1218 = DIRECTION ( 'NONE',  ( 1.000000000000000000, 0.000000000000000000, 0.000000000000000000 ) ) ;
#1219 = ORIENTED_EDGE ( 'NONE', *, *, #1744, .F. ) ;
#1220 = VERTEX_POINT ( 'NONE', #1591 ) ;
#1221 = PRESENTATION_STYLE_ASSIGNMENT (( #1202 ) ) ;
#1222 = LINE ( 'NONE', #591, #3028 ) ;
#1223 = ADVANCED_FACE ( 'NONE', ( #3753, #978, #3024, #2904, #237, #3342 ), #772, .T. ) ;
#1224 = CYLINDRICAL_SURFACE ( 'NONE', #2044, 0.09999999999999999167 ) ;
#1225 = FACE_OUTER_BOUND ( 'NONE', #657, .T. ) ;
#1226 = DIRECTION ( 'NONE',  ( 0.000000000000000000, 0.000000000000000000, -1.000000000000000000 ) ) ;
#1227 = ORIENTED_EDGE ( 'NONE', *, *, #3380, .F. ) ;
#1228 = EDGE_CURVE ( 'NONE', #3814, #3448, #423, .T. ) ;
#1229 = ORIENTED_EDGE ( 'NONE', *, *, #463, .F. ) ;
#1230 = ORIENTED_EDGE ( 'NONE', *, *, #419, .T. ) ;
#1231 = CARTESIAN_POINT ( 'NONE',  ( 0.7805045099615574022, -3.348668144332067165, -2.600000000000000089 ) ) ;
#1232 = MECHANICAL_DESIGN_GEOMETRIC_PRESENTATION_REPRESENTATION (  '', ( #2658 ), #847 ) ;
#1233 = DIRECTION ( 'NONE',  ( -0.000000000000000000, -0.000000000000000000, 1.000000000000000000 ) ) ;
#1234 = AXIS2_PLACEMENT_3D ( 'NONE', #2222, #354, #1660 ) ;
#1235 = DIRECTION ( 'NONE',  ( -1.000000000000000000, -0.000000000000000000, -0.000000000000000000 ) ) ;
#1236 = LINE ( 'NONE', #702, #3320 ) ;
#1237 = ORIENTED_EDGE ( 'NONE', *, *, #1958, .F. ) ;
#1238 = ORIENTED_EDGE ( 'NONE', *, *, #2116, .T. ) ;
#1239 = AXIS2_PLACEMENT_3D ( 'NONE', #3589, #3900, #1712 ) ;
#1240 = EDGE_CURVE ( 'NONE', #2819, #2976, #3642, .T. ) ;
#1241 = DIRECTION ( 'NONE',  ( 0.000000000000000000, -0.000000000000000000, -1.000000000000000000 ) ) ;
#1242 = DIRECTION ( 'NONE',  ( -0.000000000000000000, 1.000000000000000000, 0.000000000000000000 ) ) ;
#1243 = DIRECTION ( 'NONE',  ( 0.000000000000000000, -1.000000000000000000, -0.000000000000000000 ) ) ;
#1244 = ORIENTED_EDGE ( 'NONE', *, *, #136, .T. ) ;
#1245 = LINE ( 'NONE', #1480, #38 ) ;
#1246 = MECHANICAL_DESIGN_GEOMETRIC_PRESENTATION_REPRESENTATION (  '', ( #1575 ), #1060 ) ;
#1247 = EDGE_LOOP ( 'NONE', ( #1663, #3016, #640, #620, #2961, #1286, #2452, #2237 ) ) ;
#1248 = DIRECTION ( 'NONE',  ( -1.000000000000000000, -0.000000000000000000, -0.000000000000000000 ) ) ;
#1249 = LINE ( 'NONE', #2188, #565 ) ;
#1250 = LINE ( 'NONE', #3702, #2985 ) ;
#1251 = VECTOR ( 'NONE', #3138, 1000.000000000000000 ) ;
#1252 = CARTESIAN_POINT ( 'NONE',  ( 0.000000000000000000, -1.250000000000000000, -3.000000000000000000 ) ) ;
#1253 = VERTEX_POINT ( 'NONE', #870 ) ;
#1254 = EDGE_CURVE ( 'NONE', #619, #1117, #1082, .T. ) ;
#1255 = VECTOR ( 'NONE', #2392, 1000.000000000000000 ) ;
#1256 = CARTESIAN_POINT ( 'NONE',  ( 0.000000000000000000, -1.250000000000000000, 3.000000000000000000 ) ) ;
#1257 = VERTEX_POINT ( 'NONE', #1705 ) ;
#1258 = CIRCLE ( 'NONE', #414, 0.3500000000000000333 ) ;
#1259 = EDGE_CURVE ( 'NONE', #749, #2350, #1975, .T. ) ;
#1260 = CARTESIAN_POINT ( 'NONE',  ( 5.000000000000000000, 2.143131898507868297E-16, -1.750000000000000000 ) ) ;
#1261 = DIRECTION ( 'NONE',  ( -1.000000000000000000, -0.000000000000000000, -0.000000000000000000 ) ) ;
#1262 = FACE_OUTER_BOUND ( 'NONE', #3867, .T. ) ;
#1263 = ADVANCED_FACE ( 'NONE', ( #2756 ), #962, .T. ) ;
#1264 = ORIENTED_EDGE ( 'NONE', *, *, #1582, .T. ) ;
#1265 = CARTESIAN_POINT ( 'NONE',  ( 0.2999999999999999889, -4.500000000000000000, 1.899999999999999689 ) ) ;
#1266 = VERTEX_POINT ( 'NONE', #641 ) ;
#1267 = DIRECTION ( 'NONE',  ( 0.000000000000000000, -0.000000000000000000, -1.000000000000000000 ) ) ;
#1268 = CARTESIAN_POINT ( 'NONE',  ( 0.3000000000000000444, -3.482339959128999851, -2.600000000000000089 ) ) ;
#1269 = CYLINDRICAL_SURFACE ( 'NONE', #633, 0.4000000000000000222 ) ;
#1270 = CARTESIAN_POINT ( 'NONE',  ( 3.149999999999999911, 2.700000000000000178, -2.700000000000000178 ) ) ;
#1271 = VECTOR ( 'NONE', #13, 1000.000000000000000 ) ;
#1272 = ORIENTED_EDGE ( 'NONE', *, *, #2306, .F. ) ;
#1273 = EDGE_CURVE ( 'NONE', #2302, #37, #3680, .T. ) ;
#1274 = CARTESIAN_POINT ( 'NONE',  ( 3.750000000000687450, 1.550000140316242003, -1.650000000001492051 ) ) ;
#1275 = VERTEX_POINT ( 'NONE', #3660 ) ;
#1276 = VECTOR ( 'NONE', #2537, 1000.000000000000000 ) ;
#1277 = CARTESIAN_POINT ( 'NONE',  ( 0.000000000000000000, 3.000000000000000000, 3.000000000000000000 ) ) ;
#1278 = AXIS2_PLACEMENT_3D ( 'NONE', #2252, #3813, #1059 ) ;
#1279 = ORIENTED_EDGE ( 'NONE', *, *, #970, .T. ) ;
#1280 = EDGE_CURVE ( 'NONE', #1464, #3321, #623, .T. ) ;
#1281 = DIRECTION ( 'NONE',  ( -1.000000000000000000, -0.000000000000000000, -0.000000000000000000 ) ) ;
#1282 = CARTESIAN_POINT ( 'NONE',  ( 3.500000000000769607, -1.749999999999061195, 1.649999999998507327 ) ) ;
#1283 = CYLINDRICAL_SURFACE ( 'NONE', #325, 0.3499999999999999778 ) ;
#1284 = ORIENTED_EDGE ( 'NONE', *, *, #3943, .T. ) ;
#1285 = LINE ( 'NONE', #718, #3281 ) ;
#1286 = ORIENTED_EDGE ( 'NONE', *, *, #1347, .F. ) ;
#1287 = LINE ( 'NONE', #1074, #1251 ) ;
#1288 = PLANE ( 'NONE',  #2832 ) ;
#1289 = DIRECTION ( 'NONE',  ( 0.000000000000000000, 0.000000000000000000, -1.000000000000000000 ) ) ;
#1290 = CARTESIAN_POINT ( 'NONE',  ( 4.999999999999999112, 1.517458024500054847, -3.116058566356379789 ) ) ;
#1291 = EDGE_CURVE ( 'NONE', #632, #2350, #3985, .T. ) ;
#1292 = VERTEX_POINT ( 'NONE', #3374 ) ;
#1293 = FACE_OUTER_BOUND ( 'NONE', #2248, .T. ) ;
#1294 = ORIENTED_EDGE ( 'NONE', *, *, #3631, .T. ) ;
#1295 = AXIS2_PLACEMENT_3D ( 'NONE', #1644, #1664, #1035 ) ;
#1296 = AXIS2_PLACEMENT_3D ( 'NONE', #1483, #2094, #3104 ) ;
#1297 = CARTESIAN_POINT ( 'NONE',  ( 0.000000000000000000, -3.000000000000000000, -1.899999999999999689 ) ) ;
#1298 = VECTOR ( 'NONE', #3924, 1000.000000000000000 ) ;
#1299 = LINE ( 'NONE', #1896, #3794 ) ;
#1300 = DIRECTION ( 'NONE',  ( 0.000000000000000000, 1.000000000000000000, 0.000000000000000000 ) ) ;
#1301 = ORIENTED_EDGE ( 'NONE', *, *, #1156, .T. ) ;
#1302 = VECTOR ( 'NONE', #2276, 1000.000000000000000 ) ;
#1303 = EDGE_CURVE ( 'NONE', #3619, #1481, #3198, .T. ) ;
#1304 = CARTESIAN_POINT ( 'NONE',  ( 0.2999999999999999889, 0.000000000000000000, 1.250000000000000000 ) ) ;
#1305 = CYLINDRICAL_SURFACE ( 'NONE', #3892, 0.2999999999999999334 ) ;
#1306 = EDGE_LOOP ( 'NONE', ( #1166, #43, #2712, #2018, #1372, #3886, #1301, #2588 ) ) ;
#1307 = CARTESIAN_POINT ( 'NONE',  ( 0.4000000000000000222, -3.482339959128999851, 2.600000000000000089 ) ) ;
#1308 = ORIENTED_EDGE ( 'NONE', *, *, #1052, .T. ) ;
#1309 = DIRECTION ( 'NONE',  ( 1.000000000000000000, 0.000000000000000000, -0.000000000000000000 ) ) ;
#1310 = CARTESIAN_POINT ( 'NONE',  ( 3.449999999999999734, 2.799999999999999822, -1.000000000000000000 ) ) ;
#1311 = CARTESIAN_POINT ( 'NONE',  ( 3.449999999999999734, -2.700000000000000178, 2.700000000000000178 ) ) ;
#1312 = DIRECTION ( 'NONE',  ( 1.000000000000000000, -0.000000000000000000, 0.000000000000000000 ) ) ;
#1313 = LINE ( 'NONE', #3201, #582 ) ;
#1314 = ORIENTED_EDGE ( 'NONE', *, *, #3672, .T. ) ;
#1315 = CARTESIAN_POINT ( 'NONE',  ( 0.000000000000000000, 4.500000000000000000, 2.600000000000000089 ) ) ;
#1316 = ORIENTED_EDGE ( 'NONE', *, *, #880, .F. ) ;
#1317 = EDGE_CURVE ( 'NONE', #137, #3469, #3356, .T. ) ;
#1318 = VECTOR ( 'NONE', #735, 1000.000000000000000 ) ;
#1319 = DIRECTION ( 'NONE',  ( 1.000000000000000000, -0.000000000000000000, 0.000000000000000000 ) ) ;
#1320 = AXIS2_PLACEMENT_3D ( 'NONE', #4014, #304, #2173 ) ;
#1321 = ADVANCED_FACE ( 'NONE', ( #2184 ), #3082, .F. ) ;
#1322 = ORIENTED_EDGE ( 'NONE', *, *, #1039, .T. ) ;
#1323 = AXIS2_PLACEMENT_3D ( 'NONE', #2473, #3699, #3121 ) ;
#1324 = DIRECTION ( 'NONE',  ( -0.000000000000000000, 1.000000000000000000, 0.000000000000000000 ) ) ;
#1325 = DIRECTION ( 'NONE',  ( 1.000000000000000000, 1.895379361788591985E-15, 1.642027209857247031E-15 ) ) ;
#1326 = VECTOR ( 'NONE', #1281, 1000.000000000000000 ) ;
#1327 = CARTESIAN_POINT ( 'NONE',  ( 3.160000000000000142, -2.799999999999999822, 1.000000000000000000 ) ) ;
#1328 = ORIENTED_EDGE ( 'NONE', *, *, #2447, .F. ) ;
#1329 = LINE ( 'NONE', #1632, #426 ) ;
#1330 = ORIENTED_EDGE ( 'NONE', *, *, #2684, .F. ) ;
#1331 = DIRECTION ( 'NONE',  ( -0.000000000000000000, -1.000000000000000000, -0.000000000000000000 ) ) ;
#1332 = DIRECTION ( 'NONE',  ( 1.000000000000000000, 0.000000000000000000, -0.000000000000000000 ) ) ;
#1333 = CIRCLE ( 'NONE', #3587, 0.09999999999999999167 ) ;
#1334 = DIRECTION ( 'NONE',  ( -0.000000000000000000, 1.000000000000000000, 0.000000000000000000 ) ) ;
#1335 = EDGE_CURVE ( 'NONE', #1473, #3152, #2474, .T. ) ;
#1336 = ORIENTED_EDGE ( 'NONE', *, *, #2103, .F. ) ;
#1337 = DIRECTION ( 'NONE',  ( 0.000000000000000000, 0.000000000000000000, -1.000000000000000000 ) ) ;
#1338 = VERTEX_POINT ( 'NONE', #1538 ) ;
#1339 = DIRECTION ( 'NONE',  ( 1.000000000000000000, 0.000000000000000000, 0.000000000000000000 ) ) ;
#1340 = AXIS2_PLACEMENT_3D ( 'NONE', #2279, #3136, #2889 ) ;
#1341 = EDGE_CURVE ( 'NONE', #567, #3684, #904, .T. ) ;
#1342 = DIRECTION ( 'NONE',  ( 1.000000000000000000, 0.000000000000000000, -0.000000000000000000 ) ) ;
#1343 = EDGE_LOOP ( 'NONE', ( #2151, #2091, #424, #849, #1440 ) ) ;
#1344 = STYLED_ITEM ( 'NONE', ( #1204 ), #618 ) ;
#1345 = ADVANCED_FACE ( 'NONE', ( #1577 ), #3040, .F. ) ;
#1346 = CIRCLE ( 'NONE', #3869, 0.09999985968537901393 ) ;
#1347 = EDGE_CURVE ( 'NONE', #651, #153, #254, .T. ) ;
#1348 = CIRCLE ( 'NONE', #3473, 0.05000000000000002359 ) ;
#1349 = CARTESIAN_POINT ( 'NONE',  ( 3.449999999999999734, -3.000000000000000000, 2.700000000000000178 ) ) ;
#1350 = DIRECTION ( 'NONE',  ( -1.000000000000000000, -0.000000000000000000, -0.000000000000000000 ) ) ;
#1351 = DIRECTION ( 'NONE',  ( 0.000000000000000000, 0.000000000000000000, -1.000000000000000000 ) ) ;
#1352 = ORIENTED_EDGE ( 'NONE', *, *, #1254, .F. ) ;
#1353 = DIRECTION ( 'NONE',  ( 0.000000000000000000, 0.000000000000000000, 1.000000000000000000 ) ) ;
#1354 = VERTEX_POINT ( 'NONE', #1231 ) ;
#1355 = DIRECTION ( 'NONE',  ( 0.000000000000000000, 0.000000000000000000, 1.000000000000000000 ) ) ;
#1356 = DIRECTION ( 'NONE',  ( -0.9961946980918119365, -0.08715574274689889822, 0.000000000000000000 ) ) ;
#1357 = CARTESIAN_POINT ( 'NONE',  ( 5.000000000000000000, 0.000000000000000000, 0.000000000000000000 ) ) ;
#1358 = CARTESIAN_POINT ( 'NONE',  ( 0.000000000000000000, -3.482339959128999851, 1.899999999999999689 ) ) ;
#1359 = EDGE_LOOP ( 'NONE', ( #2538, #271, #2329, #355, #2771 ) ) ;
#1360 = ORIENTED_EDGE ( 'NONE', *, *, #3918, .T. ) ;
#1361 = CARTESIAN_POINT ( 'NONE',  ( 0.3912844257252260372, 3.382720489319298807, -2.600000000000000089 ) ) ;
#1362 = PLANE ( 'NONE',  #888 ) ;
#1363 = AXIS2_PLACEMENT_3D ( 'NONE', #443, #3226, #485 ) ;
#1364 = ORIENTED_EDGE ( 'NONE', *, *, #2821, .T. ) ;
#1365 =( GEOMETRIC_REPRESENTATION_CONTEXT ( 3 ) GLOBAL_UNCERTAINTY_ASSIGNED_CONTEXT ( ( #2073 ) ) GLOBAL_UNIT_ASSIGNED_CONTEXT ( ( #1012, #2881, #2822 ) ) REPRESENTATION_CONTEXT ( 'NONE', 'WORKASPACE' ) );
#1366 = CARTESIAN_POINT ( 'NONE',  ( 3.449999999999999734, 3.000000000000000000, -3.000000000000000000 ) ) ;
#1367 = VECTOR ( 'NONE', #3866, 1000.000000000000000 ) ;
#1368 = AXIS2_PLACEMENT_3D ( 'NONE', #2627, #2341, #1351 ) ;
#1369 = DIRECTION ( 'NONE',  ( -1.895379361788591985E-15, 1.000000000000000000, 9.569685851224978344E-31 ) ) ;
#1370 = EDGE_CURVE ( 'NONE', #3593, #214, #273, .T. ) ;
#1371 = CARTESIAN_POINT ( 'NONE',  ( 3.500000000000769607, -1.549999999997697442, 1.649999999998507327 ) ) ;
#1372 = ORIENTED_EDGE ( 'NONE', *, *, #2943, .T. ) ;
#1373 = ORIENTED_EDGE ( 'NONE', *, *, #2623, .T. ) ;
#1374 = ORIENTED_EDGE ( 'NONE', *, *, #3792, .F. ) ;
#1375 = LINE ( 'NONE', #1395, #1706 ) ;
#1376 = PLANE ( 'NONE',  #2487 ) ;
#1377 =( NAMED_UNIT ( * ) PLANE_ANGLE_UNIT ( ) SI_UNIT ( $, .RADIAN. ) );
#1378 = DIRECTION ( 'NONE',  ( 0.000000000000000000, 0.000000000000000000, -1.000000000000000000 ) ) ;
#1379 = ORIENTED_EDGE ( 'NONE', *, *, #2306, .T. ) ;
#1380 = VERTEX_POINT ( 'NONE', #30 ) ;
#1381 = DIRECTION ( 'NONE',  ( 0.000000000000000000, 0.000000000000000000, 1.000000000000000000 ) ) ;
#1382 = LINE ( 'NONE', #834, #3362 ) ;
#1383 = DIRECTION ( 'NONE',  ( 0.000000000000000000, 1.000000000000000000, 0.000000000000000000 ) ) ;
#1384 = EDGE_CURVE ( 'NONE', #659, #607, #3700, .T. ) ;
#1385 = AXIS2_PLACEMENT_3D ( 'NONE', #1690, #1978, #182 ) ;
#1386 = VERTEX_POINT ( 'NONE', #2512 ) ;
#1387 = DIRECTION ( 'NONE',  ( -0.000000000000000000, 0.000000000000000000, -1.000000000000000000 ) ) ;
#1388 = VECTOR ( 'NONE', #924, 1000.000000000000000 ) ;
#1389 = DIRECTION ( 'NONE',  ( 1.000000000000000000, 0.000000000000000000, -0.000000000000000000 ) ) ;
#1390 = DIRECTION ( 'NONE',  ( -1.000000000000000000, 2.168404344971008868E-15, 0.000000000000000000 ) ) ;
#1391 = ORIENTED_EDGE ( 'NONE', *, *, #2837, .F. ) ;
#1392 = EDGE_CURVE ( 'NONE', #2525, #33, #2164, .T. ) ;
#1393 = CARTESIAN_POINT ( 'NONE',  ( 3.750000000000000000, 0.000000000000000000, 0.000000000000000000 ) ) ;
#1394 = VERTEX_POINT ( 'NONE', #580 ) ;
#1395 = CARTESIAN_POINT ( 'NONE',  ( 0.2999999999999999889, -3.000000000000000000, 0.000000000000000000 ) ) ;
#1396 = CARTESIAN_POINT ( 'NONE',  ( 0.2999999999999999889, 1.250000000000000000, 0.000000000000000000 ) ) ;
#1397 = CARTESIAN_POINT ( 'NONE',  ( 3.160000000000000142, -1.000000000000000000, -3.000000000000000444 ) ) ;
#1398 = DIRECTION ( 'NONE',  ( 0.000000000000000000, -0.000000000000000000, 1.000000000000000000 ) ) ;
#1399 = EDGE_LOOP ( 'NONE', ( #442, #708, #1227, #3098 ) ) ;
#1400 = VERTEX_POINT ( 'NONE', #3719 ) ;
#1401 = CARTESIAN_POINT ( 'NONE',  ( 4.799999999999999822, 0.000000000000000000, 0.000000000000000000 ) ) ;
#1402 = EDGE_CURVE ( 'NONE', #1080, #2819, #1502, .T. ) ;
#1403 = ORIENTED_EDGE ( 'NONE', *, *, #1968, .F. ) ;
#1404 = LINE ( 'NONE', #2946, #1489 ) ;
#1405 = LINE ( 'NONE', #2643, #1539 ) ;
#1406 = VECTOR ( 'NONE', #1165, 1000.000000000000000 ) ;
#1407 = CARTESIAN_POINT ( 'NONE',  ( 0.2999999999999999889, -3.000000000000000000, 1.250000000000000000 ) ) ;
#1408 = AXIS2_PLACEMENT_3D ( 'NONE', #2833, #49, #2494 ) ;
#1409 = CARTESIAN_POINT ( 'NONE',  ( 3.449999999999999734, -1.000000000000000000, 0.000000000000000000 ) ) ;
#1410 = AXIS2_PLACEMENT_3D ( 'NONE', #3720, #1053, #1075 ) ;
#1411 = DIRECTION ( 'NONE',  ( 1.000000000000000000, 0.000000000000000000, 0.000000000000000000 ) ) ;
#1412 = PLANE ( 'NONE',  #1669 ) ;
#1413 =( BOUNDED_CURVE ( )  B_SPLINE_CURVE ( 3, ( #2726, #511, #1776, #3009, #1426, #1162, #2117 ),
 .UNSPECIFIED., .F., .F. ) 
 B_SPLINE_CURVE_WITH_KNOTS ( ( 4, 3, 4 ),
 ( 0.001666383031282653564, 0.2516663830613597996, 0.5016663830914369626 ),
 .UNSPECIFIED. ) 
 CURVE ( )  GEOMETRIC_REPRESENTATION_ITEM ( )  RATIONAL_B_SPLINE_CURVE ( ( 1.000000000000000000, 0.8047378540798219015, 0.8047378540798219015, 1.000000000000000000, 0.8047378540798219015, 0.8047378540798219015, 1.000000000000000000 ) ) 
 REPRESENTATION_ITEM ( '' )  );
#1414 = VERTEX_POINT ( 'NONE', #3966 ) ;
#1415 = DIRECTION ( 'NONE',  ( -1.000000000000000000, -0.000000000000000000, -0.000000000000000000 ) ) ;
#1416 = CARTESIAN_POINT ( 'NONE',  ( 0.000000000000000000, -3.000000000000000000, 1.250000000000000000 ) ) ;
#1417 = FILL_AREA_STYLE_COLOUR ( '', #1542 ) ;
#1418 = CARTESIAN_POINT ( 'NONE',  ( 0.7805045099615574022, -3.348668144332067165, 1.899999999999999689 ) ) ;
#1419 = ORIENTED_EDGE ( 'NONE', *, *, #446, .F. ) ;
#1420 = EDGE_LOOP ( 'NONE', ( #1789, #3927, #1071, #2459, #1844 ) ) ;
#1421 = EDGE_CURVE ( 'NONE', #3572, #900, #3739, .T. ) ;
#1422 = DIRECTION ( 'NONE',  ( -0.9961946980917451011, 0.08715574274766391127, 0.000000000000000000 ) ) ;
#1423 = UNCERTAINTY_MEASURE_WITH_UNIT (LENGTH_MEASURE( 1.000000000000000082E-05 ), #610, 'distance_accuracy_value', 'NONE');
#1424 = ORIENTED_EDGE ( 'NONE', *, *, #1303, .T. ) ;
#1425 = DIRECTION ( 'NONE',  ( 1.000000000000000000, 0.000000000000000000, 0.000000000000000000 ) ) ;
#1426 = CARTESIAN_POINT ( 'NONE',  ( 4.999999999999999112, 0.9241477087216416475, 1.540408594705397149 ) ) ;
#1427 = DIRECTION ( 'NONE',  ( 0.9961946980918119365, 0.08715574274689889822, 0.000000000000000000 ) ) ;
#1428 = VECTOR ( 'NONE', #510, 1000.000000000000000 ) ;
#1429 = EDGE_CURVE ( 'NONE', #2698, #929, #3492, .T. ) ;
#1430 = CARTESIAN_POINT ( 'NONE',  ( 0.000000000000000000, -1.250000000000000000, -1.250000000000000000 ) ) ;
#1431 = VERTEX_POINT ( 'NONE', #3762 ) ;
#1432 = CARTESIAN_POINT ( 'NONE',  ( 0.000000000000000000, 3.000000000000000000, 3.000000000000000000 ) ) ;
#1433 = ORIENTED_EDGE ( 'NONE', *, *, #2895, .T. ) ;
#1434 = DIRECTION ( 'NONE',  ( 0.000000000000000000, 1.000000000000000000, 0.000000000000000000 ) ) ;
#1436 = ADVANCED_FACE ( 'NONE', ( #412 ), #706, .T. ) ;
#1435 = CARTESIAN_POINT ( 'NONE',  ( 0.000000000000000000, 2.700000000000000178, 3.000000000000000000 ) ) ;
#1437 = CYLINDRICAL_SURFACE ( 'NONE', #1155, 0.2999999999999999334 ) ;
#1438 = DIRECTION ( 'NONE',  ( 1.000000000000000000, 0.000000000000000000, -0.000000000000000000 ) ) ;
#1439 = EDGE_LOOP ( 'NONE', ( #476, #3477, #503, #1707, #2714, #1130, #206, #3411, #856, #2182 ) ) ;
#1440 = ORIENTED_EDGE ( 'NONE', *, *, #2929, .F. ) ;
#1441 = VERTEX_POINT ( 'NONE', #436 ) ;
#1442 = CARTESIAN_POINT ( 'NONE',  ( 0.000000000000000000, 3.000000000000000000, 1.000000000000000000 ) ) ;
#1443 = ADVANCED_FACE ( 'NONE', ( #3472 ), #680, .F. ) ;
#1444 = CIRCLE ( 'NONE', #3701, 0.3499999999999999778 ) ;
#1445 = ORIENTED_EDGE ( 'NONE', *, *, #3228, .T. ) ;
#1446 = CARTESIAN_POINT ( 'NONE',  ( 1.100000000000000089, -3.000000000000000000, 3.000000000000000000 ) ) ;
#1447 = ADVANCED_FACE ( 'NONE', ( #2305 ), #3825, .T. ) ;
#1448 = CARTESIAN_POINT ( 'NONE',  ( 4.799999999999999822, 0.000000000000000000, 0.000000000000000000 ) ) ;
#1449 = VECTOR ( 'NONE', #2776, 1000.000000000000000 ) ;
#1450 = DIRECTION ( 'NONE',  ( 0.000000000000000000, 0.000000000000000000, -1.000000000000000000 ) ) ;
#1451 = ORIENTED_EDGE ( 'NONE', *, *, #3931, .T. ) ;
#1452 = FACE_OUTER_BOUND ( 'NONE', #2193, .T. ) ;
#1453 = CARTESIAN_POINT ( 'NONE',  ( 3.449999999999999734, -1.000000000000000000, -3.000000000000000000 ) ) ;
#1454 = AXIS2_PLACEMENT_3D ( 'NONE', #1107, #800, #494 ) ;
#1455 =( NAMED_UNIT ( * ) PLANE_ANGLE_UNIT ( ) SI_UNIT ( $, .RADIAN. ) );
#1456 = CARTESIAN_POINT ( 'NONE',  ( 0.000000000000000000, -3.482339959128999851, -1.899999999999999911 ) ) ;
#1457 = EDGE_LOOP ( 'NONE', ( #3196, #2548, #2617, #268, #1115 ) ) ;
#1458 = VERTEX_POINT ( 'NONE', #352 ) ;
#1459 = EDGE_LOOP ( 'NONE', ( #2090, #3989, #3137, #2032, #3640 ) ) ;
#1460 = CARTESIAN_POINT ( 'NONE',  ( 3.160000000000000142, -2.700000000000000178, -3.000000000000000000 ) ) ;
#1461 = AXIS2_PLACEMENT_3D ( 'NONE', #1205, #2446, #2120 ) ;
#1462 = DIRECTION ( 'NONE',  ( 0.000000000000000000, -0.000000000000000000, -1.000000000000000000 ) ) ;
#1463 = ADVANCED_FACE ( 'NONE', ( #2283 ), #1965, .F. ) ;
#1464 = VERTEX_POINT ( 'NONE', #2261 ) ;
#1465 = CARTESIAN_POINT ( 'NONE',  ( 0.000000000000000000, -1.250000000000000222, 3.000000000000000000 ) ) ;
#1466 = EDGE_CURVE ( 'NONE', #1175, #2226, #1907, .T. ) ;
#1467 = SURFACE_STYLE_USAGE ( .BOTH. , #2990 ) ;
#1468 = EDGE_CURVE ( 'NONE', #3759, #3523, #1006, .T. ) ;
#1469 = DIRECTION ( 'NONE',  ( -1.000000000000000000, -0.000000000000000000, -0.000000000000000000 ) ) ;
#1470 = EDGE_CURVE ( 'NONE', #1032, #3004, #1287, .T. ) ;
#1471 = VECTOR ( 'NONE', #2868, 1000.000000000000114 ) ;
#1472 = CARTESIAN_POINT ( 'NONE',  ( 0.000000000000000000, 4.500000000000000000, -1.899999999999999911 ) ) ;
#1473 = VERTEX_POINT ( 'NONE', #660 ) ;
#1474 = DIRECTION ( 'NONE',  ( 0.000000000000000000, 0.000000000000000000, -1.000000000000000000 ) ) ;
#1475 = ORIENTED_EDGE ( 'NONE', *, *, #3108, .T. ) ;
#1476 = TOROIDAL_SURFACE ( 'NONE', #2575, 0.1000000000006821682, 0.2499999999999570621 ) ;
#1477 = PRESENTATION_STYLE_ASSIGNMENT (( #230 ) ) ;
#1478 = AXIS2_PLACEMENT_3D ( 'NONE', #3495, #71, #964 ) ;
#1479 = ORIENTED_EDGE ( 'NONE', *, *, #3792, .T. ) ;
#1480 = CARTESIAN_POINT ( 'NONE',  ( 3.149999999999999911, -2.700000000000000178, -2.700000000000000178 ) ) ;
#1481 = VERTEX_POINT ( 'NONE', #3153 ) ;
#1482 = DIRECTION ( 'NONE',  ( -1.000000000000000000, -0.000000000000000000, 0.000000000000000000 ) ) ;
#1483 = CARTESIAN_POINT ( 'NONE',  ( 0.000000000000000000, 4.500000000000000000, -2.600000000000000089 ) ) ;
#1484 = ADVANCED_FACE ( 'NONE', ( #3513 ), #370, .F. ) ;
#1485 = ADVANCED_BREP_SHAPE_REPRESENTATION ( 'PTS645SH50SMTR92 LFS', ( #2877, #3053 ), #2604 ) ;
#1486 = ORIENTED_EDGE ( 'NONE', *, *, #2671, .F. ) ;
#1487 = SURFACE_SIDE_STYLE ('',( #3421 ) ) ;
#1488 = CARTESIAN_POINT ( 'NONE',  ( 3.500000000000000000, 1.649999999999999911, 1.649999999999999911 ) ) ;
#1489 = VECTOR ( 'NONE', #817, 1000.000000000000000 ) ;
#1490 = CARTESIAN_POINT ( 'NONE',  ( 3.449999999999999734, 2.700000000000000178, -2.700000000000000178 ) ) ;
#1491 = SURFACE_SIDE_STYLE ('',( #2383 ) ) ;
#1492 = ADVANCED_FACE ( 'NONE', ( #2915 ), #1376, .T. ) ;
#1493 = ADVANCED_FACE ( 'NONE', ( #2529 ), #2220, .F. ) ;
#1494 = TOROIDAL_SURFACE ( 'NONE', #2659, 0.1000000000006821127, 0.2499999999999570621 ) ;
#1495 = CIRCLE ( 'NONE', #3494, 0.2499999999999572842 ) ;
#1496 = CARTESIAN_POINT ( 'NONE',  ( 3.149999999999999911, 0.000000000000000000, 0.000000000000000000 ) ) ;
#1497 = ORIENTED_EDGE ( 'NONE', *, *, #3729, .T. ) ;
#1498 = VERTEX_POINT ( 'NONE', #3864 ) ;
#1499 = ORIENTED_EDGE ( 'NONE', *, *, #2969, .F. ) ;
#1500 = FACE_OUTER_BOUND ( 'NONE', #1757, .T. ) ;
#1501 = VECTOR ( 'NONE', #1836, 1000.000000000000227 ) ;
#1502 = LINE ( 'NONE', #1826, #279 ) ;
#1503 = LINE ( 'NONE', #3968, #2848 ) ;
#1504 = CARTESIAN_POINT ( 'NONE',  ( 0.8000000000000000444, -3.000000000000000000, -1.899999999999999689 ) ) ;
#1505 = ORIENTED_EDGE ( 'NONE', *, *, #1773, .F. ) ;
#1506 = VERTEX_POINT ( 'NONE', #2009 ) ;
#1507 = LINE ( 'NONE', #3360, #452 ) ;
#1508 = SURFACE_STYLE_FILL_AREA ( #2078 ) ;
#1509 = DIRECTION ( 'NONE',  ( -0.000000000000000000, -0.000000000000000000, 1.000000000000000000 ) ) ;
#1510 = LINE ( 'NONE', #2691, #3916 ) ;
#1511 = VECTOR ( 'NONE', #3270, 1000.000000000000000 ) ;
#1512 = FACE_OUTER_BOUND ( 'NONE', #262, .T. ) ;
#1513 = FILL_AREA_STYLE_COLOUR ( '', #2337 ) ;
#1514 = EDGE_CURVE ( 'NONE', #619, #2932, #1709, .T. ) ;
#1515 = EDGE_LOOP ( 'NONE', ( #3286, #1676, #3843, #695 ) ) ;
#1516 = EDGE_LOOP ( 'NONE', ( #3378, #3830, #3894, #882 ) ) ;
#1517 = EDGE_LOOP ( 'NONE', ( #2435, #3339, #1419, #4008 ) ) ;
#1518 = DIRECTION ( 'NONE',  ( -1.000000000000000000, 0.000000000000000000, 0.000000000000000000 ) ) ;
#1519 = DIRECTION ( 'NONE',  ( -0.000000000000000000, 1.000000000000000000, 0.000000000000000000 ) ) ;
#1520 = VECTOR ( 'NONE', #3533, 1000.000000000000000 ) ;
#1521 = ADVANCED_FACE ( 'NONE', ( #498 ), #478, .T. ) ;
#1522 = LINE ( 'NONE', #3326, #2785 ) ;
#1523 = LINE ( 'NONE', #874, #2481 ) ;
#1524 = AXIS2_PLACEMENT_3D ( 'NONE', #2138, #3978, #1474 ) ;
#1525 = ORIENTED_EDGE ( 'NONE', *, *, #508, .T. ) ;
#1526 = EDGE_CURVE ( 'NONE', #1631, #2734, #536, .T. ) ;
#1527 = CARTESIAN_POINT ( 'NONE',  ( 0.2999999999999999889, -1.250000000000000000, -1.250000000000000000 ) ) ;
#1528 = ADVANCED_FACE ( 'NONE', ( #2670 ), #2957, .F. ) ;
#1529 = EDGE_CURVE ( 'NONE', #87, #659, #2994, .T. ) ;
#1530 = DIRECTION ( 'NONE',  ( 0.000000000000000000, -0.000000000000000000, 1.000000000000000000 ) ) ;
#1531 = FACE_OUTER_BOUND ( 'NONE', #1306, .T. ) ;
#1532 = VECTOR ( 'NONE', #2259, 1000.000000000000000 ) ;
#1533 = DIRECTION ( 'NONE',  ( 1.000000000000000000, 0.000000000000000000, 0.000000000000000000 ) ) ;
#1534 = EDGE_LOOP ( 'NONE', ( #133, #988, #822, #930 ) ) ;
#1535 = ORIENTED_EDGE ( 'NONE', *, *, #3485, .T. ) ;
#1536 = ORIENTED_EDGE ( 'NONE', *, *, #2773, .F. ) ;
#1537 = CARTESIAN_POINT ( 'NONE',  ( 0.000000000000000000, -3.000000000000000000, -2.700000000000000178 ) ) ;
#1538 = CARTESIAN_POINT ( 'NONE',  ( 0.3000000000000000444, 3.482339959128999851, -2.600000000000000089 ) ) ;
#1539 = VECTOR ( 'NONE', #3546, 1000.000000000000000 ) ;
#1540 = CIRCLE ( 'NONE', #3405, 0.2999999999999999334 ) ;
#1541 = DIRECTION ( 'NONE',  ( 0.000000000000000000, 0.000000000000000000, 1.000000000000000000 ) ) ;
#1542 = COLOUR_RGB ( '',0.1098039215686274495, 0.1098039215686274495, 0.1098039215686274495 ) ;
#1543 = CARTESIAN_POINT ( 'NONE',  ( 3.449999999999999734, -1.000000000000000000, 2.799999999999999822 ) ) ;
#1544 = ORIENTED_EDGE ( 'NONE', *, *, #1797, .F. ) ;
#1545 = EDGE_LOOP ( 'NONE', ( #1168, #3144, #1843, #292 ) ) ;
#1546 = EDGE_CURVE ( 'NONE', #3457, #3684, #2385, .T. ) ;
#1547 = CARTESIAN_POINT ( 'NONE',  ( 0.2999999999999999889, 4.500000000000000000, 1.899999999999999689 ) ) ;
#1548 = ORIENTED_EDGE ( 'NONE', *, *, #1827, .F. ) ;
#1549 = CARTESIAN_POINT ( 'NONE',  ( 4.999999999999999112, -1.549915031914889108, 0.01622850312467726333 ) ) ;
#1550 = CARTESIAN_POINT ( 'NONE',  ( 0.3651377029008999742, 3.083862079892000008, -2.600000000000000089 ) ) ;
#1551 = LINE ( 'NONE', #2789, #2270 ) ;
#1552 = DIRECTION ( 'NONE',  ( -1.000000000000000000, 0.000000000000000000, -0.000000000000000000 ) ) ;
#1553 = VERTEX_POINT ( 'NONE', #2326 ) ;
#1554 = ORIENTED_EDGE ( 'NONE', *, *, #1335, .T. ) ;
#1555 = EDGE_CURVE ( 'NONE', #3469, #651, #1783, .T. ) ;
#1556 = TOROIDAL_SURFACE ( 'NONE', #3556, 0.1000000000006821682, 0.2499999999999570621 ) ;
#1557 = EDGE_LOOP ( 'NONE', ( #2368, #1988 ) ) ;
#1558 = CARTESIAN_POINT ( 'NONE',  ( 0.000000000000000000, 3.000000000000000000, -2.600000000000000089 ) ) ;
#1559 = AXIS2_PLACEMENT_3D ( 'NONE', #3331, #2075, #1100 ) ;
#1560 = CARTESIAN_POINT ( 'NONE',  ( 0.4000000000000000222, -3.482339959128999851, -2.600000000000000089 ) ) ;
#1561 = FACE_OUTER_BOUND ( 'NONE', #3611, .T. ) ;
#1562 = LINE ( 'NONE', #2758, #2998 ) ;
#1563 = ORIENTED_EDGE ( 'NONE', *, *, #2418, .T. ) ;
#1564 = ORIENTED_EDGE ( 'NONE', *, *, #3817, .T. ) ;
#1565 = PLANE ( 'NONE',  #1890 ) ;
#1566 = EDGE_CURVE ( 'NONE', #3954, #2875, #208, .T. ) ;
#1567 = EDGE_LOOP ( 'NONE', ( #3724, #3037, #2304, #3697 ) ) ;
#1568 = EDGE_CURVE ( 'NONE', #2491, #3963, #187, .T. ) ;
#1569 = CARTESIAN_POINT ( 'NONE',  ( 0.000000000000000000, 3.000000000000000000, 3.000000000000000000 ) ) ;
#1570 = CARTESIAN_POINT ( 'NONE',  ( 3.500000000000000000, -1.649999999999999911, -1.649999999999999911 ) ) ;
#1571 = ADVANCED_FACE ( 'NONE', ( #1091 ), #2693, .T. ) ;
#1572 = LINE ( 'NONE', #2488, #2087 ) ;
#1573 = ORIENTED_EDGE ( 'NONE', *, *, #16, .F. ) ;
#1574 = DIRECTION ( 'NONE',  ( -1.000000000000000000, -0.000000000000000000, -0.000000000000000000 ) ) ;
#1575 = STYLED_ITEM ( 'NONE', ( #203 ), #736 ) ;
#1576 = ORIENTED_EDGE ( 'NONE', *, *, #2543, .T. ) ;
#1577 = FACE_OUTER_BOUND ( 'NONE', #949, .T. ) ;
#1578 = DIRECTION ( 'NONE',  ( -0.000000000000000000, -0.000000000000000000, 1.000000000000000000 ) ) ;
#1579 = CARTESIAN_POINT ( 'NONE',  ( 3.160000000000000142, 2.700000000000000178, 3.000000000000000000 ) ) ;
#1580 = AXIS2_PLACEMENT_3D ( 'NONE', #3804, #1028, #3844 ) ;
#1581 = DIRECTION ( 'NONE',  ( -0.000000000000000000, -0.000000000000000000, 1.000000000000000000 ) ) ;
#1582 = EDGE_CURVE ( 'NONE', #2074, #2736, #2633, .T. ) ;
#1583 = AXIS2_PLACEMENT_3D ( 'NONE', #3451, #3718, #7 ) ;
#1584 = DIRECTION ( 'NONE',  ( 0.000000000000000000, 0.000000000000000000, 1.000000000000000000 ) ) ;
#1585 = DIRECTION ( 'NONE',  ( -0.000000000000000000, -0.000000000000000000, 1.000000000000000000 ) ) ;
#1586 = DIRECTION ( 'NONE',  ( 1.000000000000000000, 0.000000000000000000, -0.000000000000000000 ) ) ;
#1587 = LINE ( 'NONE', #3164, #1645 ) ;
#1588 = EDGE_CURVE ( 'NONE', #540, #3315, #3942, .T. ) ;
#1589 = ADVANCED_FACE ( 'NONE', ( #3552 ), #786, .T. ) ;
#1590 = CARTESIAN_POINT ( 'NONE',  ( 4.999999999999999112, 1.549915031908755569, -0.01622850371048415938 ) ) ;
#1591 = CARTESIAN_POINT ( 'NONE',  ( 3.160000000000000142, -2.700000000000000178, -2.700000000000000178 ) ) ;
#1592 = EDGE_CURVE ( 'NONE', #540, #1611, #3775, .T. ) ;
#1593 = FACE_OUTER_BOUND ( 'NONE', #3371, .T. ) ;
#1594 = PLANE ( 'NONE',  #199 ) ;
#1595 = ORIENTED_EDGE ( 'NONE', *, *, #70, .T. ) ;
#1596 = CARTESIAN_POINT ( 'NONE',  ( 0.4000000000000000222, 3.482339959128999851, -2.600000000000000089 ) ) ;
#1597 = DIRECTION ( 'NONE',  ( 0.000000000000000000, 0.000000000000000000, -1.000000000000000000 ) ) ;
#1598 = CARTESIAN_POINT ( 'NONE',  ( 0.000000000000000000, -3.000000000000000000, 1.250000000000000000 ) ) ;
#1599 = LINE ( 'NONE', #2834, #193 ) ;
#1600 = ORIENTED_EDGE ( 'NONE', *, *, #96, .T. ) ;
#1601 = LINE ( 'NONE', #52, #2378 ) ;
#1602 = DIRECTION ( 'NONE',  ( -1.000000000000000000, 0.000000000000000000, 0.000000000000000000 ) ) ;
#1603 = ORIENTED_EDGE ( 'NONE', *, *, #2778, .T. ) ;
#1604 = EDGE_CURVE ( 'NONE', #3971, #2846, #2292, .T. ) ;
#1605 = DIRECTION ( 'NONE',  ( 0.000000000000000000, 0.000000000000000000, 1.000000000000000000 ) ) ;
#1606 = AXIS2_PLACEMENT_3D ( 'NONE', #699, #1616, #1289 ) ;
#1607 = DIRECTION ( 'NONE',  ( 0.000000000000000000, 0.000000000000000000, -1.000000000000000000 ) ) ;
#1608 = DIRECTION ( 'NONE',  ( 1.642027209857247031E-15, 3.112264485058731231E-30, -1.000000000000000000 ) ) ;
#1609 = ORIENTED_EDGE ( 'NONE', *, *, #3007, .T. ) ;
#1610 = DIRECTION ( 'NONE',  ( 1.000000000000000000, 0.000000000000000000, -0.000000000000000000 ) ) ;
#1611 = VERTEX_POINT ( 'NONE', #2707 ) ;
#1612 = CARTESIAN_POINT ( 'NONE',  ( 0.000000000000000000, 4.500000000000000000, -2.600000000000000089 ) ) ;
#1613 = VERTEX_POINT ( 'NONE', #2422 ) ;
#1614 = DIRECTION ( 'NONE',  ( -1.000000000000000000, 0.000000000000000000, 0.000000000000000000 ) ) ;
#1615 = DIRECTION ( 'NONE',  ( -1.000000000000000000, -0.000000000000000000, -0.000000000000000000 ) ) ;
#1616 = DIRECTION ( 'NONE',  ( 1.000000000000000000, 0.000000000000000000, 0.000000000000000000 ) ) ;
#1617 = EDGE_CURVE ( 'NONE', #299, #3551, #3349, .T. ) ;
#1618 = FACE_OUTER_BOUND ( 'NONE', #2348, .T. ) ;
#1619 = ORIENTED_EDGE ( 'NONE', *, *, #2370, .F. ) ;
#1620 = DIRECTION ( 'NONE',  ( -1.000000000000000000, -0.000000000000000000, -0.000000000000000000 ) ) ;
#1621 = ORIENTED_EDGE ( 'NONE', *, *, #954, .F. ) ;
#1622 = CIRCLE ( 'NONE', #3305, 0.2999999999999999334 ) ;
#1623 = VECTOR ( 'NONE', #3282, 1000.000000000000000 ) ;
#1624 = DIRECTION ( 'NONE',  ( -1.000000000000000000, -0.000000000000000000, -0.000000000000000000 ) ) ;
#1625 = ORIENTED_EDGE ( 'NONE', *, *, #344, .F. ) ;
#1626 = VECTOR ( 'NONE', #2587, 1000.000000000000000 ) ;
#1627 = CARTESIAN_POINT ( 'NONE',  ( 4.799999999999999822, 0.01832250397116543320, 1.749904079042113425 ) ) ;
#1628 = DIRECTION ( 'NONE',  ( -1.895379361788591985E-15, 1.000000000000000000, 9.569685851224978344E-31 ) ) ;
#1629 = EDGE_CURVE ( 'NONE', #534, #15, #2744, .T. ) ;
#1630 = DIRECTION ( 'NONE',  ( -0.000000000000000000, 1.000000000000000000, 0.000000000000000000 ) ) ;
#1631 = VERTEX_POINT ( 'NONE', #1937 ) ;
#1632 = CARTESIAN_POINT ( 'NONE',  ( 0.000000000000000000, -3.000000000000000000, 0.000000000000000000 ) ) ;
#1633 = ORIENTED_EDGE ( 'NONE', *, *, #3108, .F. ) ;
#1634 = FACE_OUTER_BOUND ( 'NONE', #3717, .T. ) ;
#1635 = CARTESIAN_POINT ( 'NONE',  ( 4.917157291949885156, -1.786549087515547196, -3.481485653840521444 ) ) ;
#1636 = EDGE_CURVE ( 'NONE', #97, #3483, #1587, .T. ) ;
#1637 = DIRECTION ( 'NONE',  ( 1.000000000000000000, 0.000000000000000000, 0.000000000000000000 ) ) ;
#1638 = DIRECTION ( 'NONE',  ( -1.000000000000000000, -0.000000000000000000, -0.000000000000000000 ) ) ;
#1639 = ORIENTED_EDGE ( 'NONE', *, *, #1514, .T. ) ;
#1640 = DIRECTION ( 'NONE',  ( -1.000000000000000000, 0.000000000000000000, -0.000000000000000000 ) ) ;
#1641 = ORIENTED_EDGE ( 'NONE', *, *, #221, .T. ) ;
#1642 = STYLED_ITEM ( 'NONE', ( #1717 ), #917 ) ;
#1643 = EDGE_CURVE ( 'NONE', #1878, #2649, #81, .T. ) ;
#1644 = CARTESIAN_POINT ( 'NONE',  ( 0.7500000000000000000, -3.000000000000000000, -2.600000000000000089 ) ) ;
#1645 = VECTOR ( 'NONE', #380, 1000.000000000000000 ) ;
#1646 = ORIENTED_EDGE ( 'NONE', *, *, #2725, .F. ) ;
#1647 = ADVANCED_FACE ( 'NONE', ( #1730 ), #181, .F. ) ;
#1648 = AXIS2_PLACEMENT_3D ( 'NONE', #2431, #869, #1133 ) ;
#1649 = LINE ( 'NONE', #1065, #2185 ) ;
#1650 = CARTESIAN_POINT ( 'NONE',  ( 3.500000000000000000, 1.300000000000490541, 1.649999999998507327 ) ) ;
#1651 = VECTOR ( 'NONE', #2767, 1000.000000000000000 ) ;
#1652 = EDGE_CURVE ( 'NONE', #2846, #726, #3909, .T. ) ;
#1653 = DIRECTION ( 'NONE',  ( 0.000000000000000000, 1.000000000000000000, 0.000000000000000000 ) ) ;
#1654 = EDGE_CURVE ( 'NONE', #3543, #576, #404, .T. ) ;
#1655 = ORIENTED_EDGE ( 'NONE', *, *, #2908, .T. ) ;
#1656 = CYLINDRICAL_SURFACE ( 'NONE', #1340, 0.2999999999999999334 ) ;
#1657 = ORIENTED_EDGE ( 'NONE', *, *, #120, .F. ) ;
#1658 = LINE ( 'NONE', #3824, #1853 ) ;
#1659 = CARTESIAN_POINT ( 'NONE',  ( 4.917157291949884268, 1.749904079039318328, -0.01832250423811470144 ) ) ;
#1660 = DIRECTION ( 'NONE',  ( -1.000000000000000000, 0.000000000000000000, -0.000000000000000000 ) ) ;
#1661 = ORIENTED_EDGE ( 'NONE', *, *, #1402, .F. ) ;
#1662 = DIRECTION ( 'NONE',  ( 1.000000000000000000, 1.895379361788591985E-15, 1.642027209857247031E-15 ) ) ;
#1663 = ORIENTED_EDGE ( 'NONE', *, *, #2320, .T. ) ;
#1664 = DIRECTION ( 'NONE',  ( -0.000000000000000000, -0.000000000000000000, 1.000000000000000000 ) ) ;
#1665 = AXIS2_PLACEMENT_3D ( 'NONE', #1197, #1218, #2779 ) ;
#1666 = CARTESIAN_POINT ( 'NONE',  ( 0.000000000000000000, -2.700000000000000178, -3.000000000000000000 ) ) ;
#1667 = ADVANCED_FACE ( 'NONE', ( #2841 ), #2541, .T. ) ;
#1668 = VERTEX_POINT ( 'NONE', #2859 ) ;
#1669 = AXIS2_PLACEMENT_3D ( 'NONE', #1033, #664, #2265 ) ;
#1670 = AXIS2_PLACEMENT_3D ( 'NONE', #2555, #2515, #2262 ) ;
#1671 = CIRCLE ( 'NONE', #691, 1.750000000000000000 ) ;
#1672 = CARTESIAN_POINT ( 'NONE',  ( 4.799999999999999822, -1.749904079045575989, 0.01832250364046799154 ) ) ;
#1673 = FACE_OUTER_BOUND ( 'NONE', #1399, .T. ) ;
#1674 = CARTESIAN_POINT ( 'NONE',  ( 3.449999999999999734, -2.799999999999999822, -1.000000000000000000 ) ) ;
#1675 = VERTEX_POINT ( 'NONE', #1015 ) ;
#1676 = ORIENTED_EDGE ( 'NONE', *, *, #674, .T. ) ;
#1677 = ORIENTED_EDGE ( 'NONE', *, *, #3302, .T. ) ;
#1678 = CARTESIAN_POINT ( 'NONE',  ( 0.3912844257252000024, -3.382720489318999935, -2.600000000000000089 ) ) ;
#1679 = DIRECTION ( 'NONE',  ( -1.000000000000000000, 0.000000000000000000, -0.000000000000000000 ) ) ;
#1680 = DIRECTION ( 'NONE',  ( -1.000000000000000000, -0.000000000000000000, -0.000000000000000000 ) ) ;
#1681 = LINE ( 'NONE', #1765, #2724 ) ;
#1682 = VERTEX_POINT ( 'NONE', #1537 ) ;
#1683 = ORIENTED_EDGE ( 'NONE', *, *, #2803, .F. ) ;
#1684 = DIRECTION ( 'NONE',  ( -1.000000000000000000, -0.000000000000000000, -0.000000000000000000 ) ) ;
#1685 = ORIENTED_EDGE ( 'NONE', *, *, #2602, .F. ) ;
#1686 = DIRECTION ( 'NONE',  ( 1.000000000000000000, 0.000000000000000000, 0.000000000000000000 ) ) ;
#1687 = EDGE_CURVE ( 'NONE', #939, #3759, #3641, .T. ) ;
#1688 = VECTOR ( 'NONE', #3369, 1000.000000000000000 ) ;
#1689 = VECTOR ( 'NONE', #3232, 1000.000000000000000 ) ;
#1690 = CARTESIAN_POINT ( 'NONE',  ( 0.7500000000000000000, 3.000000000000000000, -2.600000000000000089 ) ) ;
#1691 = ADVANCED_FACE ( 'NONE', ( #3965 ), #737, .T. ) ;
#1692 = CARTESIAN_POINT ( 'NONE',  ( 3.449999999999999734, -1.000000000000000000, -3.000000000000000444 ) ) ;
#1693 = ORIENTED_EDGE ( 'NONE', *, *, #397, .F. ) ;
#1694 = DIRECTION ( 'NONE',  ( -0.000000000000000000, 0.000000000000000000, 1.000000000000000000 ) ) ;
#1695 = EDGE_LOOP ( 'NONE', ( #2163, #1573, #54, #1790 ) ) ;
#1696 = FACE_OUTER_BOUND ( 'NONE', #1857, .T. ) ;
#1697 = DIRECTION ( 'NONE',  ( -0.000000000000000000, -1.000000000000000000, -0.000000000000000000 ) ) ;
#1698 = EDGE_CURVE ( 'NONE', #929, #2772, #562, .T. ) ;
#1699 = CARTESIAN_POINT ( 'NONE',  ( 3.449999999999999734, -1.649999999999999911, 1.649999999999999911 ) ) ;
#1700 = ORIENTED_EDGE ( 'NONE', *, *, #285, .F. ) ;
#1701 = ORIENTED_EDGE ( 'NONE', *, *, #880, .T. ) ;
#1702 = LINE ( 'NONE', #3541, #2139 ) ;
#1703 = PRODUCT_DEFINITION_SHAPE ( 'NONE', 'NONE',  #3252 ) ;
#1704 = UNCERTAINTY_MEASURE_WITH_UNIT (LENGTH_MEASURE( 1.000000000000000082E-05 ), #2704, 'distance_accuracy_value', 'NONE');
#1705 = CARTESIAN_POINT ( 'NONE',  ( 0.8000000000000000444, -3.000000000000000000, 1.899999999999999689 ) ) ;
#1706 = VECTOR ( 'NONE', #1355, 1000.000000000000000 ) ;
#1707 = ORIENTED_EDGE ( 'NONE', *, *, #805, .T. ) ;
#1708 = SURFACE_SIDE_STYLE ('',( #3249 ) ) ;
#1709 = CIRCLE ( 'NONE', #3973, 0.4000000000000000222 ) ;
#1710 = CARTESIAN_POINT ( 'NONE',  ( 4.917157291949884268, -1.006747572833301740, 1.760637153373395547 ) ) ;
#1711 = DIRECTION ( 'NONE',  ( 1.000000000000000000, 1.895379361788591985E-15, 1.642027209857247031E-15 ) ) ;
#1712 = DIRECTION ( 'NONE',  ( -1.000000000000000000, 0.000000000000000000, 0.000000000000000000 ) ) ;
#1713 = CARTESIAN_POINT ( 'NONE',  ( 0.3912844257252321434, 3.382720489319147372, 1.899999999999999689 ) ) ;
#1714 = VERTEX_POINT ( 'NONE', #3659 ) ;
#1715 = CIRCLE ( 'NONE', #3209, 0.3500000000000000333 ) ;
#1716 = ORIENTED_EDGE ( 'NONE', *, *, #79, .T. ) ;
#1717 = PRESENTATION_STYLE_ASSIGNMENT (( #2612 ) ) ;
#1718 = CARTESIAN_POINT ( 'NONE',  ( 0.000000000000000000, -3.482339959128999851, -2.600000000000000089 ) ) ;
#1719 = EDGE_CURVE ( 'NONE', #535, #3423, #2755, .T. ) ;
#1720 = CARTESIAN_POINT ( 'NONE',  ( 3.500000000000000000, -1.649999999999999911, -1.300000000000000044 ) ) ;
#1721 = CARTESIAN_POINT ( 'NONE',  ( 0.2999999999999999889, -4.500000000000000000, -2.600000000000000089 ) ) ;
#1722 = EDGE_LOOP ( 'NONE', ( #1497, #2655, #2215, #2812, #456, #2264, #3840, #3618, #3256, #3705, #3291, #4000 ) ) ;
#1723 = EDGE_LOOP ( 'NONE', ( #200, #3842 ) ) ;
#1724 = DIRECTION ( 'NONE',  ( 0.000000000000000000, -1.000000000000000000, 0.000000000000000000 ) ) ;
#1725 = ORIENTED_EDGE ( 'NONE', *, *, #238, .T. ) ;
#1726 = EDGE_CURVE ( 'NONE', #2412, #87, #3324, .T. ) ;
#1727 = VECTOR ( 'NONE', #1607, 1000.000000000000000 ) ;
#1728 = FACE_OUTER_BOUND ( 'NONE', #1983, .T. ) ;
#1729 =( NAMED_UNIT ( * ) PLANE_ANGLE_UNIT ( ) SI_UNIT ( $, .RADIAN. ) );
#1730 = FACE_OUTER_BOUND ( 'NONE', #2793, .T. ) ;
#1731 = CIRCLE ( 'NONE', #825, 0.3500000000000000333 ) ;
#1732 = CARTESIAN_POINT ( 'NONE',  ( 0.7805045099617000659, 3.348668144331999663, 2.600000000000000089 ) ) ;
#1733 = VECTOR ( 'NONE', #353, 1000.000000000000000 ) ;
#1734 = LINE ( 'NONE', #3860, #976 ) ;
#1735 = MECHANICAL_DESIGN_GEOMETRIC_PRESENTATION_REPRESENTATION (  '', ( #2901 ), #3805 ) ;
#1736 = CARTESIAN_POINT ( 'NONE',  ( 0.3912844257252000024, -3.382720489318999935, 2.600000000000000089 ) ) ;
#1737 = DIRECTION ( 'NONE',  ( 0.000000000000000000, 0.01047000242177982890, 0.9999451880224675682 ) ) ;
#1738 = ORIENTED_EDGE ( 'NONE', *, *, #475, .T. ) ;
#1739 = DIRECTION ( 'NONE',  ( -1.000000000000000000, -0.000000000000000000, -0.000000000000000000 ) ) ;
#1740 = CYLINDRICAL_SURFACE ( 'NONE', #1087, 0.3500000000000000333 ) ;
#1741 = CARTESIAN_POINT ( 'NONE',  ( 0.2999999999999999889, -3.000000000000000000, 1.899999999999999911 ) ) ;
#1742 = DIRECTION ( 'NONE',  ( -1.000000000000000000, 0.000000000000000000, 0.000000000000000000 ) ) ;
#1743 = PLANE ( 'NONE',  #3306 ) ;
#1744 = EDGE_CURVE ( 'NONE', #2498, #567, #885, .T. ) ;
#1745 = ORIENTED_EDGE ( 'NONE', *, *, #86, .T. ) ;
#1746 = VERTEX_POINT ( 'NONE', #1178 ) ;
#1747 = ORIENTED_EDGE ( 'NONE', *, *, #2296, .T. ) ;
#1748 = EDGE_CURVE ( 'NONE', #1458, #3872, #407, .T. ) ;
#1749 = ADVANCED_FACE ( 'NONE', ( #1500 ), #3984, .T. ) ;
#1750 = DIRECTION ( 'NONE',  ( 0.08715574274766391127, 0.9961946980917451011, 0.000000000000000000 ) ) ;
#1751 = ORIENTED_EDGE ( 'NONE', *, *, #3714, .T. ) ;
#1752 = FACE_OUTER_BOUND ( 'NONE', #2207, .T. ) ;
#1753 = LINE ( 'NONE', #3956, #1017 ) ;
#1754 = AXIS2_PLACEMENT_3D ( 'NONE', #1933, #1972, #1605 ) ;
#1755 = VECTOR ( 'NONE', #3645, 1000.000000000000000 ) ;
#1756 = VECTOR ( 'NONE', #1686, 1000.000000000000000 ) ;
#1757 = EDGE_LOOP ( 'NONE', ( #2752, #250, #1964, #1244, #1595, #3300, #3748, #1314, #1192, #3328 ) ) ;
#1758 = DIRECTION ( 'NONE',  ( -1.000000000000000000, -0.000000000000000000, -0.000000000000000000 ) ) ;
#1759 = VERTEX_POINT ( 'NONE', #543 ) ;
#1760 = DIRECTION ( 'NONE',  ( -1.000000000000000000, -0.000000000000000000, -0.000000000000000000 ) ) ;
#1761 = DIRECTION ( 'NONE',  ( -1.000000000000000000, 0.000000000000000000, -0.000000000000000000 ) ) ;
#1762 = EDGE_CURVE ( 'NONE', #3399, #820, #3301, .T. ) ;
#1763 = CIRCLE ( 'NONE', #2338, 0.2499999999999572842 ) ;
#1764 = SURFACE_SIDE_STYLE ('',( #2467 ) ) ;
#1765 = CARTESIAN_POINT ( 'NONE',  ( 0.000000000000000000, -3.000000000000000000, -3.000000000000000000 ) ) ;
#1766 = EDGE_LOOP ( 'NONE', ( #2310, #2974, #3345, #1887 ) ) ;
#1767 = ORIENTED_EDGE ( 'NONE', *, *, #3526, .T. ) ;
#1768 = ORIENTED_EDGE ( 'NONE', *, *, #1468, .T. ) ;
#1769 = CARTESIAN_POINT ( 'NONE',  ( 0.000000000000000000, -3.000000000000000000, 3.000000000000000000 ) ) ;
#1770 = EDGE_CURVE ( 'NONE', #2074, #542, #2145, .T. ) ;
#1771 = LINE ( 'NONE', #1442, #121 ) ;
#1772 = EDGE_LOOP ( 'NONE', ( #146, #1799, #3392, #3248 ) ) ;
#1773 = EDGE_CURVE ( 'NONE', #3315, #173, #2719, .T. ) ;
#1774 = LINE ( 'NONE', #2355, #59 ) ;
#1775 = AXIS2_PLACEMENT_3D ( 'NONE', #1203, #2376, #2098 ) ;
#1776 = CARTESIAN_POINT ( 'NONE',  ( 4.999999999999999112, -0.8916907018864801415, 1.559421469118247749 ) ) ;
#1777 = APPLICATION_PROTOCOL_DEFINITION ( 'draft international standard', 'automotive_design', 1998, #3773 ) ;
#1778 = AXIS2_PLACEMENT_3D ( 'NONE', #1924, #1985, #1944 ) ;
#1779 = CARTESIAN_POINT ( 'NONE',  ( 3.449999999999999734, 1.000000000000000000, 3.000000000000000000 ) ) ;
#1780 = VERTEX_POINT ( 'NONE', #1460 ) ;
#1781 = DIRECTION ( 'NONE',  ( 0.000000000000000000, 0.000000000000000000, 1.000000000000000000 ) ) ;
#1782 = ORIENTED_EDGE ( 'NONE', *, *, #2971, .T. ) ;
#1783 = LINE ( 'NONE', #1396, #342 ) ;
#1784 = EDGE_CURVE ( 'NONE', #2690, #761, #545, .T. ) ;
#1785 = VECTOR ( 'NONE', #1482, 1000.000000000000000 ) ;
#1786 = CARTESIAN_POINT ( 'NONE',  ( 3.468645998181000056, -2.700000000000000178, 2.700000000000000178 ) ) ;
#1787 = DIRECTION ( 'NONE',  ( 0.000000000000000000, 0.000000000000000000, -1.000000000000000000 ) ) ;
#1788 = ORIENTED_EDGE ( 'NONE', *, *, #201, .T. ) ;
#1789 = ORIENTED_EDGE ( 'NONE', *, *, #2971, .F. ) ;
#1790 = ORIENTED_EDGE ( 'NONE', *, *, #10, .F. ) ;
#1791 = CARTESIAN_POINT ( 'NONE',  ( 0.4000000000000000222, 3.482339959128999851, 1.899999999999999689 ) ) ;
#1792 = COLOUR_RGB ( '',0.1098039215686274495, 0.1098039215686274495, 0.1098039215686274495 ) ;
#1793 = DIRECTION ( 'NONE',  ( -1.000000000000000000, -0.000000000000000000, -0.000000000000000000 ) ) ;
#1794 = DIRECTION ( 'NONE',  ( 1.000000000000000000, 0.000000000000000000, 0.000000000000000000 ) ) ;
#1795 = ORIENTED_EDGE ( 'NONE', *, *, #221, .F. ) ;
#1796 = CARTESIAN_POINT ( 'NONE',  ( 0.2999999999999999889, -3.482339959128999851, -2.600000000000000089 ) ) ;
#1797 = EDGE_CURVE ( 'NONE', #46, #3399, #2110, .T. ) ;
#1798 = CARTESIAN_POINT ( 'NONE',  ( 0.000000000000000000, 3.000000000000000000, -3.000000000000000000 ) ) ;
#1799 = ORIENTED_EDGE ( 'NONE', *, *, #79, .F. ) ;
#1800 = PLANE ( 'NONE',  #3390 ) ;
#1801 = SURFACE_SIDE_STYLE ('',( #2749 ) ) ;
#1802 = VECTOR ( 'NONE', #3764, 1000.000000000000000 ) ;
#1803 = ORIENTED_EDGE ( 'NONE', *, *, #2710, .F. ) ;
#1804 = ORIENTED_EDGE ( 'NONE', *, *, #2300, .F. ) ;
#1805 = ORIENTED_EDGE ( 'NONE', *, *, #963, .F. ) ;
#1806 = CARTESIAN_POINT ( 'NONE',  ( 3.449999999999999734, 2.799999999999999822, 1.000000000000000000 ) ) ;
#1807 = CARTESIAN_POINT ( 'NONE',  ( 3.449999999999999734, 1.649999999999999911, -1.300000000000000044 ) ) ;
#1808 = FACE_OUTER_BOUND ( 'NONE', #1201, .T. ) ;
#1809 = LINE ( 'NONE', #2740, #1963 ) ;
#1810 = VERTEX_POINT ( 'NONE', #1193 ) ;
#1811 = CARTESIAN_POINT ( 'NONE',  ( 0.000000000000000000, -1.250000000000000000, 1.250000000000000000 ) ) ;
#1812 = EDGE_CURVE ( 'NONE', #1553, #534, #2127, .T. ) ;
#1813 = STYLED_ITEM ( 'NONE', ( #3379 ), #2877 ) ;
#1814 = LINE ( 'NONE', #1472, #3538 ) ;
#1815 = PLANE ( 'NONE',  #1461 ) ;
#1816 = AXIS2_PLACEMENT_3D ( 'NONE', #946, #1638, #965 ) ;
#1817 =( LENGTH_UNIT ( ) NAMED_UNIT ( * ) SI_UNIT ( .MILLI., .METRE. ) );
#1818 = VECTOR ( 'NONE', #3318, 1000.000000000000000 ) ;
#1819 = DIRECTION ( 'NONE',  ( 0.000000000000000000, 0.000000000000000000, 1.000000000000000000 ) ) ;
#1820 = ORIENTED_EDGE ( 'NONE', *, *, #1470, .F. ) ;
#1821 = STYLED_ITEM ( 'NONE', ( #3337 ), #3654 ) ;
#1822 = EDGE_LOOP ( 'NONE', ( #1725, #645, #3471, #1264 ) ) ;
#1823 = ORIENTED_EDGE ( 'NONE', *, *, #86, .F. ) ;
#1824 = DIRECTION ( 'NONE',  ( 0.000000000000000000, 0.000000000000000000, -1.000000000000000000 ) ) ;
#1825 = AXIS2_PLACEMENT_3D ( 'NONE', #1448, #3071, #3052 ) ;
#1826 = CARTESIAN_POINT ( 'NONE',  ( 0.000000000000000000, -3.000000000000000000, -1.250000000000000222 ) ) ;
#1827 = EDGE_CURVE ( 'NONE', #3787, #1746, #2369, .T. ) ;
#1828 = CARTESIAN_POINT ( 'NONE',  ( 3.149999999999999911, 3.000000000000000000, 3.000000000000000000 ) ) ;
#1829 = CARTESIAN_POINT ( 'NONE',  ( 3.500000000000000000, -1.649999999999999911, -2.000000000000000000 ) ) ;
#1830 = CARTESIAN_POINT ( 'NONE',  ( 0.000000000000000000, 4.500000000000000000, 1.899999999999999911 ) ) ;
#1831 = ORIENTED_EDGE ( 'NONE', *, *, #508, .F. ) ;
#1832 = EDGE_LOOP ( 'NONE', ( #1576, #1563 ) ) ;
#1833 =( NAMED_UNIT ( * ) SI_UNIT ( $, .STERADIAN. ) SOLID_ANGLE_UNIT ( ) );
#1834 = ADVANCED_FACE ( 'NONE', ( #903 ), #3373, .T. ) ;
#1835 = DIRECTION ( 'NONE',  ( 0.000000000000000000, -0.000000000000000000, 1.000000000000000000 ) ) ;
#1836 = DIRECTION ( 'NONE',  ( -0.9961946980918119365, 0.08715574274689889822, 0.000000000000000000 ) ) ;
#1837 = FACE_OUTER_BOUND ( 'NONE', #589, .T. ) ;
#1838 = CARTESIAN_POINT ( 'NONE',  ( 0.3651377029010700048, -3.083862079892135455, 1.899999999999999689 ) ) ;
#1839 = AXIS2_PLACEMENT_3D ( 'NONE', #1045, #2039, #2275 ) ;
#1840 = FILL_AREA_STYLE ('',( #826 ) ) ;
#1841 = AXIS2_PLACEMENT_3D ( 'NONE', #1185, #1469, #2399 ) ;
#1842 = CARTESIAN_POINT ( 'NONE',  ( 3.449999999999999734, -1.649999999999999911, 1.300000000000000044 ) ) ;
#1843 = ORIENTED_EDGE ( 'NONE', *, *, #2710, .T. ) ;
#1844 = ORIENTED_EDGE ( 'NONE', *, *, #813, .F. ) ;
#1845 = EDGE_CURVE ( 'NONE', #3370, #830, #3081, .T. ) ;
#1846 = VERTEX_POINT ( 'NONE', #312 ) ;
#1847 = CARTESIAN_POINT ( 'NONE',  ( 0.000000000000000000, -1.000000000000000000, 3.000000000000000000 ) ) ;
#1848 = DIRECTION ( 'NONE',  ( -0.000000000000000000, 0.000000000000000000, -1.000000000000000000 ) ) ;
#1849 = VECTOR ( 'NONE', #1824, 1000.000000000000000 ) ;
#1850 = LINE ( 'NONE', #296, #2466 ) ;
#1851 = DIRECTION ( 'NONE',  ( 1.642027209857247228E-15, 1.224646799147322146E-16, 1.000000000000000000 ) ) ;
#1852 = ORIENTED_EDGE ( 'NONE', *, *, #2908, .F. ) ;
#1853 = VECTOR ( 'NONE', #3532, 1000.000000000000000 ) ;
#1854 = VERTEX_POINT ( 'NONE', #2240 ) ;
#1855 = CARTESIAN_POINT ( 'NONE',  ( 0.3912844257252190427, -3.382720489318998158, 1.899999999999999689 ) ) ;
#1856 = EDGE_CURVE ( 'NONE', #2913, #1631, #622, .T. ) ;
#1857 = EDGE_LOOP ( 'NONE', ( #2595, #1403 ) ) ;
#1858 = CARTESIAN_POINT ( 'NONE',  ( 0.000000000000000000, -4.500000000000000000, 2.600000000000000089 ) ) ;
#1859 = DIRECTION ( 'NONE',  ( -1.000000000000000000, -0.000000000000000000, -0.000000000000000000 ) ) ;
#1860 = CIRCLE ( 'NONE', #3728, 0.09999985968537901393 ) ;
#1861 = LINE ( 'NONE', #3057, #2533 ) ;
#1862 = ORIENTED_EDGE ( 'NONE', *, *, #374, .F. ) ;
#1863 = VERTEX_POINT ( 'NONE', #2794 ) ;
#1864 = EDGE_LOOP ( 'NONE', ( #3150, #1016, #3666, #3158 ) ) ;
#1865 = LINE ( 'NONE', #331, #1127 ) ;
#1866 = CARTESIAN_POINT ( 'NONE',  ( 0.2999999999999999889, 0.000000000000000000, -1.250000000000000000 ) ) ;
#1867 = AXIS2_PLACEMENT_3D ( 'NONE', #3623, #1793, #2415 ) ;
#1868 = DIRECTION ( 'NONE',  ( -0.000000000000000000, 1.000000000000000000, 0.000000000000000000 ) ) ;
#1869 = ADVANCED_FACE ( 'NONE', ( #3761 ), #2219, .T. ) ;
#1870 = DIRECTION ( 'NONE',  ( 1.000000000000000000, 1.895379361788590407E-15, 1.642027209857244467E-15 ) ) ;
#1871 = STYLED_ITEM ( 'NONE', ( #3959 ), #2562 ) ;
#1872 = DIRECTION ( 'NONE',  ( 1.000000000000000000, 0.000000000000000000, 0.000000000000000000 ) ) ;
#1873 = DIRECTION ( 'NONE',  ( -0.000000000000000000, -0.000000000000000000, 1.000000000000000000 ) ) ;
#1874 = ORIENTED_EDGE ( 'NONE', *, *, #2586, .T. ) ;
#1875 = ADVANCED_FACE ( 'NONE', ( #679 ), #3174, .F. ) ;
#1876 = ORIENTED_EDGE ( 'NONE', *, *, #2995, .T. ) ;
#1877 = FILL_AREA_STYLE ('',( #914 ) ) ;
#1878 = VERTEX_POINT ( 'NONE', #942 ) ;
#1879 = DIRECTION ( 'NONE',  ( 1.000000000000000000, 0.000000000000000000, -0.000000000000000000 ) ) ;
#1880 = EDGE_CURVE ( 'NONE', #1473, #2218, #2183, .T. ) ;
#1881 =( NAMED_UNIT ( * ) PLANE_ANGLE_UNIT ( ) SI_UNIT ( $, .RADIAN. ) );
#1882 = CARTESIAN_POINT ( 'NONE',  ( 3.160000000000000142, -2.700000000000000178, 3.000000000000000000 ) ) ;
#1883 = VERTEX_POINT ( 'NONE', #2552 ) ;
#1884 = CARTESIAN_POINT ( 'NONE',  ( 0.000000000000000000, 4.500000000000000000, 1.899999999999999911 ) ) ;
#1885 = VECTOR ( 'NONE', #211, 1000.000000000000000 ) ;
#1886 = EDGE_CURVE ( 'NONE', #632, #441, #3412, .T. ) ;
#1887 = ORIENTED_EDGE ( 'NONE', *, *, #3672, .F. ) ;
#1888 = PLANE ( 'NONE',  #3912 ) ;
#1889 = CARTESIAN_POINT ( 'NONE',  ( 3.160000000000000142, 0.000000000000000000, 3.000000000000000000 ) ) ;
#1890 = AXIS2_PLACEMENT_3D ( 'NONE', #3668, #2762, #3109 ) ;
#1891 = CARTESIAN_POINT ( 'NONE',  ( 0.4000000000000000222, -3.482339959128999851, 1.899999999999999689 ) ) ;
#1892 = AXIS2_PLACEMENT_3D ( 'NONE', #3885, #1129, #1077 ) ;
#1893 = ADVANCED_FACE ( 'NONE', ( #1634 ), #1888, .F. ) ;
#1894 = DIRECTION ( 'NONE',  ( -1.000000000000000000, 0.000000000000000000, 0.000000000000000000 ) ) ;
#1895 = VERTEX_POINT ( 'NONE', #2813 ) ;
#1896 = CARTESIAN_POINT ( 'NONE',  ( 0.000000000000000000, -3.482339959128999851, -2.600000000000000089 ) ) ;
#1897 = EDGE_CURVE ( 'NONE', #269, #3450, #345, .T. ) ;
#1898 = ORIENTED_EDGE ( 'NONE', *, *, #1468, .F. ) ;
#1899 = CARTESIAN_POINT ( 'NONE',  ( 4.999999999999999112, -1.540408594880042781, 0.9241477084305345091 ) ) ;
#1900 = LINE ( 'NONE', #1550, #3077 ) ;
#1901 = CARTESIAN_POINT ( 'NONE',  ( 0.7805045099617096138, 3.348668144332108465, -2.600000000000000089 ) ) ;
#1902 = LINE ( 'NONE', #2236, #2535 ) ;
#1903 = VERTEX_POINT ( 'NONE', #923 ) ;
#1904 = CARTESIAN_POINT ( 'NONE',  ( 3.449999999999999734, -1.649999999999999911, -1.649999999999999911 ) ) ;
#1905 = ORIENTED_EDGE ( 'NONE', *, *, #3042, .F. ) ;
#1906 = EDGE_CURVE ( 'NONE', #1253, #1056, #1865, .T. ) ;
#1907 = LINE ( 'NONE', #47, #150 ) ;
#1908 = CARTESIAN_POINT ( 'NONE',  ( 0.000000000000000000, -3.000000000000000000, 1.899999999999999911 ) ) ;
#1909 = CARTESIAN_POINT ( 'NONE',  ( 4.999999999999999112, 1.549913883245695789, -0.01622849173978872794 ) ) ;
#1910 = EDGE_LOOP ( 'NONE', ( #2223, #2052, #226, #192 ) ) ;
#1911 = VECTOR ( 'NONE', #2814, 1000.000000000000000 ) ;
#1912 = CARTESIAN_POINT ( 'NONE',  ( 4.799999999999999822, 1.549915041434824836, -0.01622850375375873427 ) ) ;
#1913 = ORIENTED_EDGE ( 'NONE', *, *, #805, .F. ) ;
#1914 = DIRECTION ( 'NONE',  ( 0.000000000000000000, 0.000000000000000000, -1.000000000000000000 ) ) ;
#1915 = CARTESIAN_POINT ( 'NONE',  ( 0.000000000000000000, -2.700000000000000178, -2.700000000000000178 ) ) ;
#1916 = VERTEX_POINT ( 'NONE', #3101 ) ;
#1917 = DIRECTION ( 'NONE',  ( 0.000000000000000000, 0.000000000000000000, 1.000000000000000000 ) ) ;
#1918 = DIRECTION ( 'NONE',  ( 0.000000000000000000, 0.000000000000000000, 1.000000000000000000 ) ) ;
#1919 = DIRECTION ( 'NONE',  ( 0.000000000000000000, 0.000000000000000000, -1.000000000000000000 ) ) ;
#1920 = VERTEX_POINT ( 'NONE', #3738 ) ;
#1921 = DIRECTION ( 'NONE',  ( -1.000000000000000000, 0.000000000000000000, -1.734723475977103509E-15 ) ) ;
#1922 = VERTEX_POINT ( 'NONE', #112 ) ;
#1923 = DIRECTION ( 'NONE',  ( 0.000000000000000000, 0.000000000000000000, -1.000000000000000000 ) ) ;
#1924 = CARTESIAN_POINT ( 'NONE',  ( 0.000000000000000000, 0.000000000000000000, 2.600000000000000089 ) ) ;
#1925 = VECTOR ( 'NONE', #3778, 1000.000000000000000 ) ;
#1926 = LINE ( 'NONE', #3454, #2316 ) ;
#1927 = DIRECTION ( 'NONE',  ( 1.000000000000000000, 0.000000000000000000, -0.000000000000000000 ) ) ;
#1928 = ORIENTED_EDGE ( 'NONE', *, *, #1273, .F. ) ;
#1929 = AXIS2_PLACEMENT_3D ( 'NONE', #2975, #1337, #1602 ) ;
#1930 = DIRECTION ( 'NONE',  ( 0.000000000000000000, 0.000000000000000000, -1.000000000000000000 ) ) ;
#1931 = ORIENTED_EDGE ( 'NONE', *, *, #3083, .F. ) ;
#1932 = CIRCLE ( 'NONE', #2444, 0.3499999999999999778 ) ;
#1933 = CARTESIAN_POINT ( 'NONE',  ( 0.2999999999999999889, 0.000000000000000000, 0.000000000000000000 ) ) ;
#1934 = AXIS2_PLACEMENT_3D ( 'NONE', #2307, #3535, #2049 ) ;
#1935 = CARTESIAN_POINT ( 'NONE',  ( 0.2999999999999999889, 3.000000000000000000, -1.899999999999999911 ) ) ;
#1936 = ORIENTED_EDGE ( 'NONE', *, *, #1096, .F. ) ;
#1937 = CARTESIAN_POINT ( 'NONE',  ( 0.000000000000000000, -1.250000000000000000, 1.250000000000000000 ) ) ;
#1938 = EDGE_CURVE ( 'NONE', #37, #3634, #1990, .T. ) ;
#1939 = CYLINDRICAL_SURFACE ( 'NONE', #812, 0.2999999999999999334 ) ;
#1940 = FACE_OUTER_BOUND ( 'NONE', #57, .T. ) ;
#1941 = ORIENTED_EDGE ( 'NONE', *, *, #2296, .F. ) ;
#1942 = CARTESIAN_POINT ( 'NONE',  ( 3.449999999999999734, 1.649999999999999911, 1.649999999999999911 ) ) ;
#1943 = EDGE_LOOP ( 'NONE', ( #213, #1109, #1237, #453, #2810 ) ) ;
#1944 = DIRECTION ( 'NONE',  ( 1.000000000000000000, 0.000000000000000000, -0.000000000000000000 ) ) ;
#1945 = CARTESIAN_POINT ( 'NONE',  ( 0.7500000000000000000, 3.000000000000000000, -1.899999999999999911 ) ) ;
#1946 = DIRECTION ( 'NONE',  ( 0.000000000000000000, 1.000000000000000000, -0.000000000000000000 ) ) ;
#1947 = ORIENTED_EDGE ( 'NONE', *, *, #2906, .F. ) ;
#1948 = EDGE_CURVE ( 'NONE', #1613, #3814, #1089, .T. ) ;
#1949 = CARTESIAN_POINT ( 'NONE',  ( 3.160000000000000142, 0.000000000000000000, 1.000000000000000000 ) ) ;
#1950 = ORIENTED_EDGE ( 'NONE', *, *, #2547, .T. ) ;
#1951 = VECTOR ( 'NONE', #2152, 1000.000000000000000 ) ;
#1952 = CIRCLE ( 'NONE', #383, 0.2999999999999999334 ) ;
#1953 = LINE ( 'NONE', #1361, #2016 ) ;
#1954 = COLOUR_RGB ( '',0.1098039215686274495, 0.1098039215686274495, 0.1098039215686274495 ) ;
#1955 = LINE ( 'NONE', #3227, #690 ) ;
#1956 = ORIENTED_EDGE ( 'NONE', *, *, #2952, .F. ) ;
#1957 = VECTOR ( 'NONE', #85, 1000.000000000000000 ) ;
#1958 = EDGE_CURVE ( 'NONE', #33, #3510, #3203, .T. ) ;
#1959 = CARTESIAN_POINT ( 'NONE',  ( 0.3651377029009263975, -3.083862079892302432, -2.600000000000000089 ) ) ;
#1960 = DIRECTION ( 'NONE',  ( -0.000000000000000000, -0.000000000000000000, 1.000000000000000000 ) ) ;
#1961 = ORIENTED_EDGE ( 'NONE', *, *, #238, .F. ) ;
#1962 = DIRECTION ( 'NONE',  ( 1.642027209857244467E-15, 3.112264485058723874E-30, -1.000000000000000000 ) ) ;
#1963 = VECTOR ( 'NONE', #3377, 1000.000000000000000 ) ;
#1964 = ORIENTED_EDGE ( 'NONE', *, *, #2291, .T. ) ;
#1965 = PLANE ( 'NONE',  #2872 ) ;
#1966 = DIRECTION ( 'NONE',  ( 1.000000000000000000, 0.000000000000000000, 0.000000000000000000 ) ) ;
#1967 = FACE_OUTER_BOUND ( 'NONE', #790, .T. ) ;
#1968 = EDGE_CURVE ( 'NONE', #1863, #726, #3709, .T. ) ;
#1969 = EDGE_LOOP ( 'NONE', ( #3926, #981, #748, #2281 ) ) ;
#1970 = DIRECTION ( 'NONE',  ( 1.000000000000000000, 0.000000000000000000, 0.000000000000000000 ) ) ;
#1971 = ORIENTED_EDGE ( 'NONE', *, *, #2865, .T. ) ;
#1972 = DIRECTION ( 'NONE',  ( -1.000000000000000000, 0.000000000000000000, 0.000000000000000000 ) ) ;
#1973 = VECTOR ( 'NONE', #3504, 1000.000000000000000 ) ;
#1974 = CARTESIAN_POINT ( 'NONE',  ( 3.449999999999999734, 1.649999999999999911, 1.649999999999999911 ) ) ;
#1975 = LINE ( 'NONE', #115, #2423 ) ;
#1976 = ORIENTED_EDGE ( 'NONE', *, *, #527, .F. ) ;
#1977 = AXIS2_PLACEMENT_3D ( 'NONE', #2629, #1070, #2042 ) ;
#1978 = DIRECTION ( 'NONE',  ( 0.000000000000000000, 0.000000000000000000, -1.000000000000000000 ) ) ;
#1979 = ADVANCED_FACE ( 'NONE', ( #474 ), #2343, .T. ) ;
#1980 = CARTESIAN_POINT ( 'NONE',  ( 0.2999999999999999889, 4.500000000000000000, 1.899999999999999911 ) ) ;
#1981 = ORIENTED_EDGE ( 'NONE', *, *, #2483, .F. ) ;
#1982 = VERTEX_POINT ( 'NONE', #1713 ) ;
#1983 = EDGE_LOOP ( 'NONE', ( #3983, #1284, #2429, #2716 ) ) ;
#1984 = DIRECTION ( 'NONE',  ( -0.000000000000000000, -0.000000000000000000, 1.000000000000000000 ) ) ;
#1985 = DIRECTION ( 'NONE',  ( 0.000000000000000000, 0.000000000000000000, 1.000000000000000000 ) ) ;
#1986 = CARTESIAN_POINT ( 'NONE',  ( 3.160000000000000142, 0.000000000000000000, -1.000000000000000000 ) ) ;
#1987 = FACE_OUTER_BOUND ( 'NONE', #286, .T. ) ;
#1988 = ORIENTED_EDGE ( 'NONE', *, *, #1643, .F. ) ;
#1989 = ORIENTED_EDGE ( 'NONE', *, *, #3170, .T. ) ;
#1990 = LINE ( 'NONE', #145, #2165 ) ;
#1991 = EDGE_CURVE ( 'NONE', #651, #3628, #3272, .T. ) ;
#1992 = DIRECTION ( 'NONE',  ( 0.000000000000000000, 0.000000000000000000, 1.000000000000000000 ) ) ;
#1993 = CIRCLE ( 'NONE', #1665, 0.2999999999999999334 ) ;
#1994 = EDGE_CURVE ( 'NONE', #3400, #2253, #2005, .T. ) ;
#1995 = UNCERTAINTY_MEASURE_WITH_UNIT (LENGTH_MEASURE( 1.000000000000000082E-05 ), #1817, 'distance_accuracy_value', 'NONE');
#1996 = ORIENTED_EDGE ( 'NONE', *, *, #1654, .F. ) ;
#1997 = AXIS2_PLACEMENT_3D ( 'NONE', #725, #1930, #1640 ) ;
#1998 = VECTOR ( 'NONE', #1637, 1000.000000000000000 ) ;
#1999 = CARTESIAN_POINT ( 'NONE',  ( 0.000000000000000000, 3.000000000000000000, -3.000000000000000000 ) ) ;
#2000 = EDGE_CURVE ( 'NONE', #2260, #311, #3284, .T. ) ;
#2001 = CARTESIAN_POINT ( 'NONE',  ( 4.799999999999998934, -1.739171004908012019, 1.043392580446963480 ) ) ;
#2002 = CARTESIAN_POINT ( 'NONE',  ( 3.500000000000000000, 2.000000000001129763, -1.650000000001492273 ) ) ;
#2003 = CARTESIAN_POINT ( 'NONE',  ( 0.000000000000000000, -3.482339959128999851, -2.600000000000000089 ) ) ;
#2004 = ORIENTED_EDGE ( 'NONE', *, *, #2656, .T. ) ;
#2005 = LINE ( 'NONE', #2323, #2058 ) ;
#2006 = ORIENTED_EDGE ( 'NONE', *, *, #3419, .F. ) ;
#2007 = ORIENTED_EDGE ( 'NONE', *, *, #1592, .F. ) ;
#2008 = DIRECTION ( 'NONE',  ( 0.9961946980917451011, 0.08715574274766391127, 0.000000000000000000 ) ) ;
#2009 = CARTESIAN_POINT ( 'NONE',  ( 1.100000000000000089, 3.000000000000000000, 2.600000000000000089 ) ) ;
#2010 = DIRECTION ( 'NONE',  ( 0.000000000000000000, 0.000000000000000000, -1.000000000000000000 ) ) ;
#2011 = LINE ( 'NONE', #2365, #3624 ) ;
#2012 = EDGE_CURVE ( 'NONE', #1257, #2761, #2646, .T. ) ;
#2013 = ORIENTED_EDGE ( 'NONE', *, *, #1938, .T. ) ;
#2014 = ORIENTED_EDGE ( 'NONE', *, *, #693, .F. ) ;
#2015 = CARTESIAN_POINT ( 'NONE',  ( 0.7805045099617000659, 3.348668144331999663, -2.600000000000000089 ) ) ;
#2016 = VECTOR ( 'NONE', #400, 1000.000000000000000 ) ;
#2017 = AXIS2_PLACEMENT_3D ( 'NONE', #465, #3930, #2924 ) ;
#2018 = ORIENTED_EDGE ( 'NONE', *, *, #3607, .T. ) ;
#2019 = DIRECTION ( 'NONE',  ( -0.000000000000000000, 1.000000000000000000, 0.000000000000000000 ) ) ;
#2020 = EDGE_CURVE ( 'NONE', #1386, #2471, #2933, .T. ) ;
#2021 = AXIS2_PLACEMENT_3D ( 'NONE', #3010, #571, #3651 ) ;
#2022 = DIRECTION ( 'NONE',  ( 0.000000000000000000, 1.000000000000000000, 0.000000000000000000 ) ) ;
#2023 = DIRECTION ( 'NONE',  ( -1.000000000000000000, -0.000000000000000000, -0.000000000000000000 ) ) ;
#2024 = CARTESIAN_POINT ( 'NONE',  ( 3.449999999999999734, 1.000000000000000000, -2.799999999999999822 ) ) ;
#2025 = EDGE_LOOP ( 'NONE', ( #3500, #3044 ) ) ;
#2026 = CARTESIAN_POINT ( 'NONE',  ( 3.750000000000687450, 1.650000000001621059, -1.650000000001491829 ) ) ;
#2027 = ORIENTED_EDGE ( 'NONE', *, *, #1341, .T. ) ;
#2028 = FILL_AREA_STYLE ('',( #1417 ) ) ;
#2029 = CARTESIAN_POINT ( 'NONE',  ( 3.750000000000687450, -1.749999859683757597, 1.649999999998507549 ) ) ;
#2030 = ORIENTED_EDGE ( 'NONE', *, *, #3729, .F. ) ;
#2031 = EDGE_CURVE ( 'NONE', #311, #2051, #1346, .T. ) ;
#2032 = ORIENTED_EDGE ( 'NONE', *, *, #1652, .F. ) ;
#2033 = DIRECTION ( 'NONE',  ( -1.000000000000000000, -1.895379361788591985E-15, -1.642027209857247031E-15 ) ) ;
#2034 = MECHANICAL_DESIGN_GEOMETRIC_PRESENTATION_REPRESENTATION (  '', ( #1642 ), #2420 ) ;
#2035 = EDGE_LOOP ( 'NONE', ( #1027, #547, #3715, #2004 ) ) ;
#2036 = CARTESIAN_POINT ( 'NONE',  ( 0.7500000000000000000, -3.000000000000000000, 1.899999999999999689 ) ) ;
#2037 = VECTOR ( 'NONE', #2128, 1000.000000000000000 ) ;
#2038 = CARTESIAN_POINT ( 'NONE',  ( 3.449999999999999734, 1.000000000000000000, 3.000000000000000444 ) ) ;
#2039 = DIRECTION ( 'NONE',  ( 0.000000000000000000, 0.000000000000000000, -1.000000000000000000 ) ) ;
#2040 = ADVANCED_FACE ( 'NONE', ( #466 ), #2942, .F. ) ;
#2041 = CARTESIAN_POINT ( 'NONE',  ( 0.000000000000000000, -3.000000000000000000, 2.700000000000000178 ) ) ;
#2042 = DIRECTION ( 'NONE',  ( 0.000000000000000000, 1.000000000000000000, 0.000000000000000000 ) ) ;
#2043 = EDGE_CURVE ( 'NONE', #627, #1088, #102, .T. ) ;
#2044 = AXIS2_PLACEMENT_3D ( 'NONE', #287, #227, #3034 ) ;
#2045 = DIRECTION ( 'NONE',  ( -0.000000000000000000, 1.000000000000000000, 0.000000000000000000 ) ) ;
#2046 = ORIENTED_EDGE ( 'NONE', *, *, #1812, .T. ) ;
#2047 = CARTESIAN_POINT ( 'NONE',  ( 0.000000000000000000, -4.500000000000000000, -2.600000000000000089 ) ) ;
#2048 = CARTESIAN_POINT ( 'NONE',  ( 0.4000000000000000222, 3.482339959128999851, -2.600000000000000089 ) ) ;
#2049 = DIRECTION ( 'NONE',  ( 0.000000000000000000, 0.000000000000000000, 1.000000000000000000 ) ) ;
#2050 = DIRECTION ( 'NONE',  ( -0.000000000000000000, 1.000000000000000000, 0.000000000000000000 ) ) ;
#2051 = VERTEX_POINT ( 'NONE', #1014 ) ;
#2052 = ORIENTED_EDGE ( 'NONE', *, *, #1044, .T. ) ;
#2053 = VERTEX_POINT ( 'NONE', #751 ) ;
#2054 = CARTESIAN_POINT ( 'NONE',  ( 3.500000000000000000, 1.649999999999999911, -2.000000000000000000 ) ) ;
#2055 = ORIENTED_EDGE ( 'NONE', *, *, #2228, .F. ) ;
#2056 = DIRECTION ( 'NONE',  ( 1.000000000000000000, 0.000000000000000000, 0.000000000000000000 ) ) ;
#2057 = ADVANCED_FACE ( 'NONE', ( #2903 ), #2581, .T. ) ;
#2058 = VECTOR ( 'NONE', #3529, 1000.000000000000000 ) ;
#2059 = CARTESIAN_POINT ( 'NONE',  ( 0.7805045099615574022, -3.348668144332067165, 2.600000000000000089 ) ) ;
#2060 = EDGE_CURVE ( 'NONE', #1883, #1780, #422, .T. ) ;
#2061 = DIRECTION ( 'NONE',  ( 1.000000000000000000, 0.000000000000000000, -0.000000000000000000 ) ) ;
#2062 = ORIENTED_EDGE ( 'NONE', *, *, #1588, .F. ) ;
#2063 = DIRECTION ( 'NONE',  ( -0.08715574274766391127, 0.9961946980917451011, 0.000000000000000000 ) ) ;
#2064 = DIRECTION ( 'NONE',  ( -0.000000000000000000, -0.000000000000000000, 1.000000000000000000 ) ) ;
#2065 = FILL_AREA_STYLE_COLOUR ( '', #1954 ) ;
#2066 = DIRECTION ( 'NONE',  ( -0.000000000000000000, -1.000000000000000000, -0.000000000000000000 ) ) ;
#2067 = ORIENTED_EDGE ( 'NONE', *, *, #2409, .F. ) ;
#2068 = ORIENTED_EDGE ( 'NONE', *, *, #2118, .F. ) ;
#2069 = ADVANCED_FACE ( 'NONE', ( #1036 ), #1362, .F. ) ;
#2070 = VERTEX_POINT ( 'NONE', #707 ) ;
#2071 = CARTESIAN_POINT ( 'NONE',  ( 3.160000000000000142, -2.799999999999999822, 0.000000000000000000 ) ) ;
#2072 = CARTESIAN_POINT ( 'NONE',  ( 0.000000000000000000, 3.000000000000000000, 0.000000000000000000 ) ) ;
#2073 = UNCERTAINTY_MEASURE_WITH_UNIT (LENGTH_MEASURE( 1.000000000000000082E-05 ), #1012, 'distance_accuracy_value', 'NONE');
#2074 = VERTEX_POINT ( 'NONE', #2293 ) ;
#2075 = DIRECTION ( 'NONE',  ( -0.08715574274766391127, -0.9961946980917451011, 0.000000000000000000 ) ) ;
#2076 = VECTOR ( 'NONE', #2852, 1000.000000000000000 ) ;
#2077 = EDGE_CURVE ( 'NONE', #2835, #3562, #1955, .T. ) ;
#2078 = FILL_AREA_STYLE ('',( #2421 ) ) ;
#2079 = AXIS2_PLACEMENT_3D ( 'NONE', #1496, #2732, #1189 ) ;
#2080 = DIRECTION ( 'NONE',  ( -1.895379361788591985E-15, 1.000000000000000000, 9.569685851224955573E-31 ) ) ;
#2081 = FACE_OUTER_BOUND ( 'NONE', #577, .T. ) ;
#2082 = ORIENTED_EDGE ( 'NONE', *, *, #1687, .T. ) ;
#2083 = CARTESIAN_POINT ( 'NONE',  ( 0.000000000000000000, -4.500000000000000000, 1.899999999999999911 ) ) ;
#2084 = CARTESIAN_POINT ( 'NONE',  ( 0.4000000000000000222, -3.482339959128999851, -1.899999999999999911 ) ) ;
#2085 = ORIENTED_EDGE ( 'NONE', *, *, #1341, .F. ) ;
#2086 = DIRECTION ( 'NONE',  ( 0.000000000000000000, -1.000000000000000000, -0.000000000000000000 ) ) ;
#2087 = VECTOR ( 'NONE', #1552, 1000.000000000000000 ) ;
#2088 = DIRECTION ( 'NONE',  ( -1.000000000000000000, -0.000000000000000000, -0.000000000000000000 ) ) ;
#2089 = ORIENTED_EDGE ( 'NONE', *, *, #3085, .F. ) ;
#2090 = ORIENTED_EDGE ( 'NONE', *, *, #912, .F. ) ;
#2091 = ORIENTED_EDGE ( 'NONE', *, *, #2483, .T. ) ;
#2092 = DIRECTION ( 'NONE',  ( 1.000000000000000000, 0.000000000000000000, -0.000000000000000000 ) ) ;
#2093 = EDGE_CURVE ( 'NONE', #900, #1431, #39, .T. ) ;
#2094 = DIRECTION ( 'NONE',  ( -1.000000000000000000, 0.000000000000000000, 0.000000000000000000 ) ) ;
#2095 = EDGE_LOOP ( 'NONE', ( #1238, #3941 ) ) ;
#2096 = CARTESIAN_POINT ( 'NONE',  ( 0.000000000000000000, -3.000000000000000000, -1.000000000000000000 ) ) ;
#2097 = AXIS2_PLACEMENT_3D ( 'NONE', #3937, #3898, #1122 ) ;
#2098 = DIRECTION ( 'NONE',  ( 0.000000000000000000, -0.000000000000000000, 1.000000000000000000 ) ) ;
#2099 = CARTESIAN_POINT ( 'NONE',  ( 0.000000000000000000, -3.000000000000000000, 2.600000000000000089 ) ) ;
#2100 = VECTOR ( 'NONE', #3316, 1000.000000000000000 ) ;
#2101 =( NAMED_UNIT ( * ) PLANE_ANGLE_UNIT ( ) SI_UNIT ( $, .RADIAN. ) );
#2102 = ORIENTED_EDGE ( 'NONE', *, *, #2359, .T. ) ;
#2103 = EDGE_CURVE ( 'NONE', #134, #2410, #3396, .T. ) ;
#2104 = VECTOR ( 'NONE', #762, 1000.000000000000227 ) ;
#2105 = DIRECTION ( 'NONE',  ( 0.000000000000000000, 0.000000000000000000, 1.000000000000000000 ) ) ;
#2106 = DIRECTION ( 'NONE',  ( 0.000000000000000000, 0.000000000000000000, 1.000000000000000000 ) ) ;
#2107 = ORIENTED_EDGE ( 'NONE', *, *, #1526, .F. ) ;
#2108 = ORIENTED_EDGE ( 'NONE', *, *, #2103, .T. ) ;
#2109 = VERTEX_POINT ( 'NONE', #274 ) ;
#2110 = LINE ( 'NONE', #3062, #84 ) ;
#2111 = DIRECTION ( 'NONE',  ( 0.000000000000000000, 0.000000000000000000, 1.000000000000000000 ) ) ;
#2112 = UNCERTAINTY_MEASURE_WITH_UNIT (LENGTH_MEASURE( 1.000000000000000082E-05 ), #862, 'distance_accuracy_value', 'NONE');
#2113 = EDGE_CURVE ( 'NONE', #3423, #65, #3994, .T. ) ;
#2114 = LINE ( 'NONE', #3125, #2674 ) ;
#2115 = ORIENTED_EDGE ( 'NONE', *, *, #3042, .T. ) ;
#2116 = EDGE_CURVE ( 'NONE', #1088, #627, #3800, .T. ) ;
#2117 = CARTESIAN_POINT ( 'NONE',  ( 4.999999999999999112, 1.549913883245695789, -0.01622849173978872794 ) ) ;
#2118 = EDGE_CURVE ( 'NONE', #784, #1506, #3740, .T. ) ;
#2119 = DIRECTION ( 'NONE',  ( 0.000000000000000000, -0.000000000000000000, 1.000000000000000000 ) ) ;
#2120 = DIRECTION ( 'NONE',  ( 0.000000000000000000, 0.000000000000000000, -1.000000000000000000 ) ) ;
#2121 =( NAMED_UNIT ( * ) SI_UNIT ( $, .STERADIAN. ) SOLID_ANGLE_UNIT ( ) );
#2122 = CIRCLE ( 'NONE', #361, 0.09999999999999999167 ) ;
#2123 = DIRECTION ( 'NONE',  ( -1.000000000000000000, -0.000000000000000000, -0.000000000000000000 ) ) ;
#2124 = ORIENTED_EDGE ( 'NONE', *, *, #3033, .T. ) ;
#2125 = ORIENTED_EDGE ( 'NONE', *, *, #3419, .T. ) ;
#2126 = ORIENTED_EDGE ( 'NONE', *, *, #201, .F. ) ;
#2127 = LINE ( 'NONE', #579, #1849 ) ;
#2128 = DIRECTION ( 'NONE',  ( 0.000000000000000000, -0.000000000000000000, 1.000000000000000000 ) ) ;
#2129 = DIRECTION ( 'NONE',  ( -0.9961946980918119365, -0.08715574274689892598, 0.000000000000000000 ) ) ;
#2130 = DIRECTION ( 'NONE',  ( 1.000000000000000000, 0.000000000000000000, 0.000000000000000000 ) ) ;
#2131 = ORIENTED_EDGE ( 'NONE', *, *, #2149, .T. ) ;
#2132 = EDGE_LOOP ( 'NONE', ( #2774, #349, #966, #1451 ) ) ;
#2133 = FACE_OUTER_BOUND ( 'NONE', #676, .T. ) ;
#2134 = DIRECTION ( 'NONE',  ( 0.000000000000000000, 0.000000000000000000, -1.000000000000000000 ) ) ;
#2135 = EDGE_CURVE ( 'NONE', #153, #2898, #985, .T. ) ;
#2136 = AXIS2_PLACEMENT_3D ( 'NONE', #2036, #2335, #487 ) ;
#2137 = FILL_AREA_STYLE ('',( #514 ) ) ;
#2138 = CARTESIAN_POINT ( 'NONE',  ( 3.149999999999999911, 2.700000000000000178, 2.700000000000000178 ) ) ;
#2139 = VECTOR ( 'NONE', #217, 1000.000000000000000 ) ;
#2140 = CARTESIAN_POINT ( 'NONE',  ( 0.7543577871373640109, 3.049809734904588954, -2.600000000000000089 ) ) ;
#2141 = VECTOR ( 'NONE', #3732, 1000.000000000000000 ) ;
#2142 = ORIENTED_EDGE ( 'NONE', *, *, #1617, .F. ) ;
#2143 = EDGE_LOOP ( 'NONE', ( #2780, #2855, #3907, #3604 ) ) ;
#2144 = ORIENTED_EDGE ( 'NONE', *, *, #3179, .T. ) ;
#2145 = LINE ( 'NONE', #3023, #3849 ) ;
#2146 = CIRCLE ( 'NONE', #1825, 1.750000000000000000 ) ;
#2147 = DIRECTION ( 'NONE',  ( 1.000000000000000000, -0.000000000000000000, 0.000000000000000000 ) ) ;
#2148 = DIRECTION ( 'NONE',  ( 0.000000000000000000, 0.000000000000000000, 1.000000000000000000 ) ) ;
#2149 = EDGE_CURVE ( 'NONE', #3457, #701, #1540, .T. ) ;
#2150 = CARTESIAN_POINT ( 'NONE',  ( 3.149999999999999911, 2.700000000000000178, 0.000000000000000000 ) ) ;
#2151 = ORIENTED_EDGE ( 'NONE', *, *, #157, .F. ) ;
#2152 = DIRECTION ( 'NONE',  ( -0.000000000000000000, -0.000000000000000000, 1.000000000000000000 ) ) ;
#2153 = VERTEX_POINT ( 'NONE', #3782 ) ;
#2154 = CARTESIAN_POINT ( 'NONE',  ( 4.999999999999999112, 0.9241477087216415365, 1.540408594705397149 ) ) ;
#2155 = EDGE_CURVE ( 'NONE', #2226, #2835, #301, .T. ) ;
#2156 = FACE_OUTER_BOUND ( 'NONE', #2637, .T. ) ;
#2157 = DIRECTION ( 'NONE',  ( 0.9961946980918119365, -0.08715574274689889822, 0.000000000000000000 ) ) ;
#2158 = AXIS2_PLACEMENT_3D ( 'NONE', #2823, #1608, #36 ) ;
#2159 = DIRECTION ( 'NONE',  ( 0.000000000000000000, -1.000000000000000000, -0.000000000000000000 ) ) ;
#2160 = ADVANCED_FACE ( 'NONE', ( #48 ), #1288, .T. ) ;
#2161 = ORIENTED_EDGE ( 'NONE', *, *, #3310, .T. ) ;
#2162 = ORIENTED_EDGE ( 'NONE', *, *, #3911, .F. ) ;
#2163 = ORIENTED_EDGE ( 'NONE', *, *, #2760, .F. ) ;
#2164 = LINE ( 'NONE', #2796, #2941 ) ;
#2165 = VECTOR ( 'NONE', #163, 1000.000000000000000 ) ;
#2166 = LINE ( 'NONE', #3397, #2332 ) ;
#2167 = CARTESIAN_POINT ( 'NONE',  ( 0.000000000000000000, -3.000000000000000000, -3.000000000000000000 ) ) ;
#2168 = ORIENTED_EDGE ( 'NONE', *, *, #3414, .F. ) ;
#2169 = VECTOR ( 'NONE', #2956, 1000.000000000000000 ) ;
#2170 = ORIENTED_EDGE ( 'NONE', *, *, #1880, .T. ) ;
#2171 = DIRECTION ( 'NONE',  ( 1.000000000000000000, 0.000000000000000000, 0.000000000000000000 ) ) ;
#2172 = ORIENTED_EDGE ( 'NONE', *, *, #1604, .T. ) ;
#2173 = DIRECTION ( 'NONE',  ( 0.000000000000000000, 0.000000000000000000, 1.000000000000000000 ) ) ;
#2174 = EDGE_CURVE ( 'NONE', #3872, #3118, #2632, .T. ) ;
#2175 = DIRECTION ( 'NONE',  ( -1.000000000000000000, -0.000000000000000000, -0.000000000000000000 ) ) ;
#2176 = CARTESIAN_POINT ( 'NONE',  ( 0.000000000000000000, -3.000000000000000000, -2.700000000000000178 ) ) ;
#2177 = LINE ( 'NONE', #979, #384 ) ;
#2178 = DIRECTION ( 'NONE',  ( 0.000000000000000000, 0.000000000000000000, -1.000000000000000000 ) ) ;
#2179 = ADVANCED_FACE ( 'NONE', ( #556 ), #1740, .T. ) ;
#2180 = ORIENTED_EDGE ( 'NONE', *, *, #381, .T. ) ;
#2181 = ORIENTED_EDGE ( 'NONE', *, *, #2614, .T. ) ;
#2182 = ORIENTED_EDGE ( 'NONE', *, *, #2336, .T. ) ;
#2183 = LINE ( 'NONE', #68, #3072 ) ;
#2184 = FACE_OUTER_BOUND ( 'NONE', #1567, .T. ) ;
#2185 = VECTOR ( 'NONE', #1324, 1000.000000000000000 ) ;
#2186 = EDGE_CURVE ( 'NONE', #1061, #2628, #842, .T. ) ;
#2187 = VECTOR ( 'NONE', #114, 1000.000000000000000 ) ;
#2188 = CARTESIAN_POINT ( 'NONE',  ( 0.3651377029008999742, 3.083862079892000008, 2.600000000000000089 ) ) ;
#2189 = CARTESIAN_POINT ( 'NONE',  ( 0.2999999999999999889, 4.500000000000000000, -1.899999999999999911 ) ) ;
#2190 = EDGE_CURVE ( 'NONE', #3523, #1275, #1149, .T. ) ;
#2191 = AXIS2_PLACEMENT_3D ( 'NONE', #1357, #1966, #170 ) ;
#2192 = CARTESIAN_POINT ( 'NONE',  ( 3.149999999999999911, 2.700000000000000178, -3.000000000000000000 ) ) ;
#2193 = EDGE_LOOP ( 'NONE', ( #2753, #2860, #3511, #4013 ) ) ;
#2194 = EDGE_CURVE ( 'NONE', #97, #1498, #3933, .T. ) ;
#2195 = PLANE ( 'NONE',  #2497 ) ;
#2196 = LINE ( 'NONE', #1366, #2334 ) ;
#2197 = CARTESIAN_POINT ( 'NONE',  ( 3.160000000000000142, 1.000000000000000000, 0.000000000000000000 ) ) ;
#2198 = EDGE_LOOP ( 'NONE', ( #3059, #953, #1655, #445 ) ) ;
#2199 = DIRECTION ( 'NONE',  ( 0.000000000000000000, 1.000000000000000000, 0.000000000000000000 ) ) ;
#2200 = VECTOR ( 'NONE', #2129, 1000.000000000000114 ) ;
#2201 = ORIENTED_EDGE ( 'NONE', *, *, #3743, .T. ) ;
#2202 = DIRECTION ( 'NONE',  ( 0.000000000000000000, 0.000000000000000000, 1.000000000000000000 ) ) ;
#2203 = PRESENTATION_LAYER_ASSIGNMENT (  '', '', ( #190 ) ) ;
#2204 = CARTESIAN_POINT ( 'NONE',  ( 0.7500000000000000000, -3.000000000000000000, -1.899999999999999911 ) ) ;
#2205 = DIRECTION ( 'NONE',  ( -0.000000000000000000, 1.000000000000000000, 0.000000000000000000 ) ) ;
#2206 = AXIS2_PLACEMENT_3D ( 'NONE', #3117, #388, #2524 ) ;
#2207 = EDGE_LOOP ( 'NONE', ( #739, #1230, #3614, #911 ) ) ;
#2208 = CARTESIAN_POINT ( 'NONE',  ( 3.468645998181000056, -3.000000000000000000, -2.700000000000000178 ) ) ;
#2209 = ADVANCED_FACE ( 'NONE', ( #2911 ), #123, .T. ) ;
#2210 = CYLINDRICAL_SURFACE ( 'NONE', #2788, 0.4000000000000000222 ) ;
#2211 = EDGE_LOOP ( 'NONE', ( #1003, #3946, #3704, #1424 ) ) ;
#2212 = LINE ( 'NONE', #1858, #2883 ) ;
#2213 = CARTESIAN_POINT ( 'NONE',  ( 3.149999999999999911, -2.700000000000000178, 0.000000000000000000 ) ) ;
#2214 = CARTESIAN_POINT ( 'NONE',  ( 0.000000000000000000, -4.500000000000000000, -2.600000000000000089 ) ) ;
#2215 = ORIENTED_EDGE ( 'NONE', *, *, #3375, .T. ) ;
#2216 = DIRECTION ( 'NONE',  ( 1.000000000000000000, -0.000000000000000000, 0.000000000000000000 ) ) ;
#2217 = AXIS2_PLACEMENT_3D ( 'NONE', #3309, #2358, #2626 ) ;
#2218 = VERTEX_POINT ( 'NONE', #2234 ) ;
#2219 = PLANE ( 'NONE',  #1583 ) ;
#2220 = CYLINDRICAL_SURFACE ( 'NONE', #3133, 0.05000000000000002359 ) ;
#2221 = LINE ( 'NONE', #1598, #1998 ) ;
#2222 = CARTESIAN_POINT ( 'NONE',  ( 3.449999999999999734, -1.000000000000000000, 2.799999999999999822 ) ) ;
#2223 = ORIENTED_EDGE ( 'NONE', *, *, #2509, .T. ) ;
#2224 = VECTOR ( 'NONE', #294, 1000.000000000000000 ) ;
#2225 = PLANE ( 'NONE',  #3031 ) ;
#2226 = VERTEX_POINT ( 'NONE', #3465 ) ;
#2227 = DIRECTION ( 'NONE',  ( 0.000000000000000000, 0.000000000000000000, -1.000000000000000000 ) ) ;
#2228 = EDGE_CURVE ( 'NONE', #1682, #97, #2864, .T. ) ;
#2229 = VECTOR ( 'NONE', #1021, 1000.000000000000000 ) ;
#2230 = LINE ( 'NONE', #1935, #236 ) ;
#2231 = DIRECTION ( 'NONE',  ( -1.000000000000000000, -0.000000000000000000, -0.000000000000000000 ) ) ;
#2232 = ORIENTED_EDGE ( 'NONE', *, *, #2602, .T. ) ;
#2233 = CARTESIAN_POINT ( 'NONE',  ( 0.000000000000000000, -4.500000000000000000, -2.600000000000000089 ) ) ;
#2234 = CARTESIAN_POINT ( 'NONE',  ( 3.449999999999999734, -1.000000000000000000, -2.799999999999999822 ) ) ;
#2235 = EDGE_CURVE ( 'NONE', #2912, #3448, #967, .T. ) ;
#2236 = CARTESIAN_POINT ( 'NONE',  ( 0.3651377029008999742, -3.083862079892000008, -1.899999999999999911 ) ) ;
#2237 = ORIENTED_EDGE ( 'NONE', *, *, #3325, .T. ) ;
#2238 = CARTESIAN_POINT ( 'NONE',  ( 0.000000000000000000, 3.000000000000000000, -1.899999999999999911 ) ) ;
#2239 = ORIENTED_EDGE ( 'NONE', *, *, #2031, .T. ) ;
#2240 = CARTESIAN_POINT ( 'NONE',  ( 0.000000000000000000, 3.000000000000000000, 2.700000000000000178 ) ) ;
#2241 = CARTESIAN_POINT ( 'NONE',  ( 4.999999999999999112, 1.549915031909346652, -0.01622850365402149150 ) ) ;
#2242 = LINE ( 'NONE', #2797, #3669 ) ;
#2243 = DIRECTION ( 'NONE',  ( 0.000000000000000000, 0.000000000000000000, -1.000000000000000000 ) ) ;
#2244 = ORIENTED_EDGE ( 'NONE', *, *, #2060, .F. ) ;
#2245 = AXIS2_PLACEMENT_3D ( 'NONE', #1490, #1758, #1450 ) ;
#2246 = DIRECTION ( 'NONE',  ( 1.000000000000000000, 0.000000000000000000, 0.000000000000000000 ) ) ;
#2247 = EDGE_CURVE ( 'NONE', #3135, #278, #1601, .T. ) ;
#2248 = EDGE_LOOP ( 'NONE', ( #1294, #3224, #308, #921, #2258 ) ) ;
#2249 = AXIS2_PLACEMENT_3D ( 'NONE', #4005, #1233, #2393 ) ;
#2250 = CARTESIAN_POINT ( 'NONE',  ( 0.3651377029010570152, 3.083862079891985797, -2.600000000000000089 ) ) ;
#2251 = CIRCLE ( 'NONE', #506, 0.09999999999999999167 ) ;
#2252 = CARTESIAN_POINT ( 'NONE',  ( 0.3651377029008999742, 3.083862079892000008, -2.600000000000000089 ) ) ;
#2253 = VERTEX_POINT ( 'NONE', #3415 ) ;
#2254 = CARTESIAN_POINT ( 'NONE',  ( 5.000000005580202078, 0.01745514053015371700, 1.667065902239040609 ) ) ;
#2255 = DIRECTION ( 'NONE',  ( 1.000000000000000000, 0.000000000000000000, 0.000000000000000000 ) ) ;
#2256 = ADVANCED_FACE ( 'NONE', ( #314 ), #631, .T. ) ;
#2257 = LINE ( 'NONE', #715, #714 ) ;
#2258 = ORIENTED_EDGE ( 'NONE', *, *, #570, .T. ) ;
#2259 = DIRECTION ( 'NONE',  ( -0.000000000000000000, -0.000000000000000000, -1.000000000000000000 ) ) ;
#2260 = VERTEX_POINT ( 'NONE', #642 ) ;
#2261 = CARTESIAN_POINT ( 'NONE',  ( 0.3912844257252321434, 3.382720489319147372, -2.600000000000000089 ) ) ;
#2262 = DIRECTION ( 'NONE',  ( -0.9961946980917451011, 0.08715574274766391127, 0.000000000000000000 ) ) ;
#2263 = DIRECTION ( 'NONE',  ( 1.000000000000000000, -1.895379361788591985E-15, -1.642027209857247031E-15 ) ) ;
#2264 = ORIENTED_EDGE ( 'NONE', *, *, #1762, .T. ) ;
#2265 = DIRECTION ( 'NONE',  ( 0.000000000000000000, 0.000000000000000000, -1.000000000000000000 ) ) ;
#2266 = ORIENTED_EDGE ( 'NONE', *, *, #3961, .T. ) ;
#2267 = VECTOR ( 'NONE', #1319, 1000.000000000000000 ) ;
#2268 = CIRCLE ( 'NONE', #3818, 1.750000000000000000 ) ;
#2269 = LINE ( 'NONE', #2520, #3554 ) ;
#2270 = VECTOR ( 'NONE', #2486, 1000.000000000000000 ) ;
#2271 = DIRECTION ( 'NONE',  ( 0.000000000000000000, 0.000000000000000000, -1.000000000000000000 ) ) ;
#2272 = VERTEX_POINT ( 'NONE', #2816 ) ;
#2273 = VECTOR ( 'NONE', #2321, 1000.000000000000227 ) ;
#2274 = CARTESIAN_POINT ( 'NONE',  ( 4.917157291949884268, -1.749904079045576211, 0.01832250364046799501 ) ) ;
#2275 = DIRECTION ( 'NONE',  ( -1.000000000000000000, 0.000000000000000000, 0.000000000000000000 ) ) ;
#2276 = DIRECTION ( 'NONE',  ( -1.000000000000000000, -0.000000000000000000, 0.000000000000000000 ) ) ;
#2277 = ORIENTED_EDGE ( 'NONE', *, *, #2336, .F. ) ;
#2278 = ADVANCED_FACE ( 'NONE', ( #986 ), #371, .T. ) ;
#2279 = CARTESIAN_POINT ( 'NONE',  ( 3.468645998181000056, -2.700000000000000178, -2.700000000000000178 ) ) ;
#2280 = AXIS2_PLACEMENT_3D ( 'NONE', #3664, #3358, #1894 ) ;
#2281 = ORIENTED_EDGE ( 'NONE', *, *, #527, .T. ) ;
#2282 = DIRECTION ( 'NONE',  ( 0.000000000000000000, -1.000000000000000000, 0.000000000000000000 ) ) ;
#2283 = FACE_OUTER_BOUND ( 'NONE', #1864, .T. ) ;
#2284 = CARTESIAN_POINT ( 'NONE',  ( 3.449999999999999734, 0.000000000000000000, 0.000000000000000000 ) ) ;
#2285 = EDGE_CURVE ( 'NONE', #542, #1032, #2514, .T. ) ;
#2286 = CARTESIAN_POINT ( 'NONE',  ( 3.500000000000000000, -1.999999999999509059, 1.649999999998507327 ) ) ;
#2287 = AXIS2_PLACEMENT_3D ( 'NONE', #429, #2023, #3251 ) ;
#2288 = ORIENTED_EDGE ( 'NONE', *, *, #1254, .T. ) ;
#2289 = ORIENTED_EDGE ( 'NONE', *, *, #3011, .T. ) ;
#2290 = CARTESIAN_POINT ( 'NONE',  ( 0.3912844257252000024, -3.382720489318999935, -2.600000000000000089 ) ) ;
#2291 = EDGE_CURVE ( 'NONE', #2761, #3948, #2706, .T. ) ;
#2292 = CIRCLE ( 'NONE', #1841, 0.3500000000000000333 ) ;
#2293 = CARTESIAN_POINT ( 'NONE',  ( 3.449999999999999734, 2.700000000000000178, -3.000000000000000000 ) ) ;
#2294 = ORIENTED_EDGE ( 'NONE', *, *, #22, .T. ) ;
#2295 = VECTOR ( 'NONE', #3341, 1000.000000000000000 ) ;
#2296 = EDGE_CURVE ( 'NONE', #2846, #2690, #3348, .T. ) ;
#2297 = CARTESIAN_POINT ( 'NONE',  ( 3.160000000000000142, 1.000000000000000000, 2.799999999999999822 ) ) ;
#2298 = DIRECTION ( 'NONE',  ( 0.000000000000000000, 0.000000000000000000, -1.000000000000000000 ) ) ;
#2299 = PRESENTATION_LAYER_ASSIGNMENT (  '', '', ( #1076 ) ) ;
#2300 = EDGE_CURVE ( 'NONE', #2734, #781, #2221, .T. ) ;
#2301 = FACE_OUTER_BOUND ( 'NONE', #3677, .T. ) ;
#2302 = VERTEX_POINT ( 'NONE', #3140 ) ;
#2303 = DIRECTION ( 'NONE',  ( -1.000000000000000000, 0.000000000000000000, -0.000000000000000000 ) ) ;
#2304 = ORIENTED_EDGE ( 'NONE', *, *, #3424, .T. ) ;
#2305 = FACE_OUTER_BOUND ( 'NONE', #1439, .T. ) ;
#2306 = EDGE_CURVE ( 'NONE', #2676, #278, #241, .T. ) ;
#2307 = CARTESIAN_POINT ( 'NONE',  ( 3.500000000000000000, 1.649999999999999911, -1.649999999999999911 ) ) ;
#2308 = FACE_OUTER_BOUND ( 'NONE', #1766, .T. ) ;
#2309 = ORIENTED_EDGE ( 'NONE', *, *, #2372, .T. ) ;
#2310 = ORIENTED_EDGE ( 'NONE', *, *, #1726, .T. ) ;
#2311 = EDGE_CURVE ( 'NONE', #1253, #3338, #661, .T. ) ;
#2312 = DIRECTION ( 'NONE',  ( 0.000000000000000000, 1.000000000000000000, 0.000000000000000000 ) ) ;
#2313 = VECTOR ( 'NONE', #233, 1000.000000000000000 ) ;
#2314 = CARTESIAN_POINT ( 'NONE',  ( 3.449999999999999734, 0.000000000000000000, 0.000000000000000000 ) ) ;
#2315 = ORIENTED_EDGE ( 'NONE', *, *, #2356, .T. ) ;
#2316 = VECTOR ( 'NONE', #1312, 1000.000000000000000 ) ;
#2317 = CARTESIAN_POINT ( 'NONE',  ( 3.160000000000000142, 2.700000000000000178, 2.700000000000000178 ) ) ;
#2318 = CARTESIAN_POINT ( 'NONE',  ( 4.799999999999999822, 1.749904079038650861, -0.01832250430186287485 ) ) ;
#2319 = DIRECTION ( 'NONE',  ( -0.9961946980918119365, 0.08715574274689889822, 0.000000000000000000 ) ) ;
#2320 = EDGE_CURVE ( 'NONE', #3619, #269, #1926, .T. ) ;
#2321 = DIRECTION ( 'NONE',  ( -0.9961946980918119365, 0.08715574274689889822, 0.000000000000000000 ) ) ;
#2322 = ORIENTED_EDGE ( 'NONE', *, *, #2720, .F. ) ;
#2323 = CARTESIAN_POINT ( 'NONE',  ( 3.149999999999999911, 0.000000000000000000, -2.700000000000000178 ) ) ;
#2324 = EDGE_LOOP ( 'NONE', ( #3401, #2361, #1210, #3391, #843, #3801, #3549, #2417, #3539, #3785 ) ) ;
#2325 = ORIENTED_EDGE ( 'NONE', *, *, #3789, .T. ) ;
#2326 = CARTESIAN_POINT ( 'NONE',  ( 3.160000000000000142, -3.000000000000000000, 2.700000000000000178 ) ) ;
#2327 = LINE ( 'NONE', #3238, #2709 ) ;
#2328 = CARTESIAN_POINT ( 'NONE',  ( 0.7500000000000000000, -3.000000000000000000, 2.600000000000000089 ) ) ;
#2329 = ORIENTED_EDGE ( 'NONE', *, *, #864, .T. ) ;
#2330 = EDGE_LOOP ( 'NONE', ( #816, #2027, #3665, #2322 ) ) ;
#2331 = CARTESIAN_POINT ( 'NONE',  ( 0.8000000000000000444, -3.000000000000000000, -2.600000000000000089 ) ) ;
#2332 = VECTOR ( 'NONE', #315, 1000.000000000000000 ) ;
#2333 = ORIENTED_EDGE ( 'NONE', *, *, #1044, .F. ) ;
#2334 = VECTOR ( 'NONE', #1387, 1000.000000000000000 ) ;
#2335 = DIRECTION ( 'NONE',  ( -0.000000000000000000, -0.000000000000000000, 1.000000000000000000 ) ) ;
#2336 = EDGE_CURVE ( 'NONE', #65, #1922, #1249, .T. ) ;
#2337 = COLOUR_RGB ( '',0.1098039215686274495, 0.1098039215686274495, 0.1098039215686274495 ) ;
#2338 = AXIS2_PLACEMENT_3D ( 'NONE', #1371, #161, #3568 ) ;
#2339 = DIRECTION ( 'NONE',  ( -1.000000000000000000, -0.000000000000000000, -0.000000000000000000 ) ) ;
#2340 = CARTESIAN_POINT ( 'NONE',  ( 4.799999999999999822, -1.549915041434824836, 0.01622850375375854345 ) ) ;
#2341 = DIRECTION ( 'NONE',  ( 1.000000000000000000, 0.000000000000000000, 0.000000000000000000 ) ) ;
#2342 = DIRECTION ( 'NONE',  ( 1.000000000000000000, 0.000000000000000000, 0.000000000000000000 ) ) ;
#2343 = PLANE ( 'NONE',  #218 ) ;
#2344 = CARTESIAN_POINT ( 'NONE',  ( 3.449999999999999734, 2.700000000000000178, 3.000000000000000000 ) ) ;
#2345 = ORIENTED_EDGE ( 'NONE', *, *, #1259, .F. ) ;
#2346 = DIRECTION ( 'NONE',  ( 0.9961946980918119365, -0.08715574274689892598, 0.000000000000000000 ) ) ;
#2347 = CARTESIAN_POINT ( 'NONE',  ( 3.149999999999999911, 2.700000000000000178, -2.700000000000000178 ) ) ;
#2348 = EDGE_LOOP ( 'NONE', ( #2115, #600, #110, #1159 ) ) ;
#2349 = EDGE_LOOP ( 'NONE', ( #2082, #1768, #753, #703 ) ) ;
#2350 = VERTEX_POINT ( 'NONE', #1007 ) ;
#2351 = DIRECTION ( 'NONE',  ( -1.000000000000000000, -0.000000000000000000, -0.000000000000000000 ) ) ;
#2352 = VECTOR ( 'NONE', #1163, 1000.000000000000000 ) ;
#2353 = ORIENTED_EDGE ( 'NONE', *, *, #596, .T. ) ;
#2354 = AXIS2_PLACEMENT_3D ( 'NONE', #489, #775, #2022 ) ;
#2355 = CARTESIAN_POINT ( 'NONE',  ( 0.7543577871373640109, 3.049809734904588954, -2.600000000000000089 ) ) ;
#2356 = EDGE_CURVE ( 'NONE', #659, #2912, #2122, .T. ) ;
#2357 = AXIS2_PLACEMENT_3D ( 'NONE', #393, #1923, #1614 ) ;
#2358 = DIRECTION ( 'NONE',  ( 0.000000000000000000, 0.000000000000000000, 1.000000000000000000 ) ) ;
#2359 = EDGE_CURVE ( 'NONE', #784, #1266, #2641, .T. ) ;
#2360 = CARTESIAN_POINT ( 'NONE',  ( 0.000000000000000000, 1.250000000000000000, 1.250000000000000000 ) ) ;
#2361 = ORIENTED_EDGE ( 'NONE', *, *, #2174, .F. ) ;
#2362 = DIRECTION ( 'NONE',  ( -0.000000000000000000, -1.000000000000000000, -0.000000000000000000 ) ) ;
#2363 = EDGE_CURVE ( 'NONE', #2896, #134, #2242, .T. ) ;
#2364 = DIRECTION ( 'NONE',  ( -1.000000000000000000, -0.000000000000000000, -0.000000000000000000 ) ) ;
#2365 = CARTESIAN_POINT ( 'NONE',  ( 0.7543577871373640109, -3.049809734904588954, -2.600000000000000089 ) ) ;
#2366 = ORIENTED_EDGE ( 'NONE', *, *, #2623, .F. ) ;
#2367 = ORIENTED_EDGE ( 'NONE', *, *, #3743, .F. ) ;
#2368 = ORIENTED_EDGE ( 'NONE', *, *, #197, .F. ) ;
#2369 = LINE ( 'NONE', #2071, #2815 ) ;
#2370 = EDGE_CURVE ( 'NONE', #768, #3634, #1932, .T. ) ;
#2371 = PLANE ( 'NONE',  #710 ) ;
#2372 = EDGE_CURVE ( 'NONE', #3338, #3021, #395, .T. ) ;
#2373 = VERTEX_POINT ( 'NONE', #91 ) ;
#2374 = CIRCLE ( 'NONE', #2571, 0.4000000000000000222 ) ;
#2375 = LINE ( 'NONE', #3856, #650 ) ;
#2376 = DIRECTION ( 'NONE',  ( -0.000000000000000000, 1.000000000000000000, 0.000000000000000000 ) ) ;
#2377 = VECTOR ( 'NONE', #1143, 1000.000000000000000 ) ;
#2378 = VECTOR ( 'NONE', #3437, 1000.000000000000000 ) ;
#2379 = CARTESIAN_POINT ( 'NONE',  ( 0.7805045099617000659, 3.348668144331999663, -2.600000000000000089 ) ) ;
#2380 = PRESENTATION_LAYER_ASSIGNMENT (  '', '', ( #1871 ) ) ;
#2381 = CARTESIAN_POINT ( 'NONE',  ( 0.3000000000000000444, -3.482339959128999851, 2.600000000000000089 ) ) ;
#2382 = ORIENTED_EDGE ( 'NONE', *, *, #3083, .T. ) ;
#2383 = SURFACE_STYLE_FILL_AREA ( #2993 ) ;
#2384 = ORIENTED_EDGE ( 'NONE', *, *, #343, .F. ) ;
#2385 = LINE ( 'NONE', #2977, #2100 ) ;
#2386 = ADVANCED_FACE ( 'NONE', ( #2572 ), #1269, .T. ) ;
#2387 = FACE_BOUND ( 'NONE', #156, .T. ) ;
#2388 = FILL_AREA_STYLE ('',( #1513 ) ) ;
#2389 = ORIENTED_EDGE ( 'NONE', *, *, #3033, .F. ) ;
#2390 = ORIENTED_EDGE ( 'NONE', *, *, #244, .T. ) ;
#2391 = ORIENTED_EDGE ( 'NONE', *, *, #1291, .T. ) ;
#2392 = DIRECTION ( 'NONE',  ( 0.000000000000000000, -0.000000000000000000, -1.000000000000000000 ) ) ;
#2393 = DIRECTION ( 'NONE',  ( -1.000000000000000000, 0.000000000000000000, 0.000000000000000000 ) ) ;
#2394 = DIRECTION ( 'NONE',  ( 0.000000000000000000, 0.000000000000000000, -1.000000000000000000 ) ) ;
#2395 = ORIENTED_EDGE ( 'NONE', *, *, #421, .F. ) ;
#2396 = DIRECTION ( 'NONE',  ( -0.000000000000000000, -0.000000000000000000, 1.000000000000000000 ) ) ;
#2397 = ADVANCED_FACE ( 'NONE', ( #3103 ), #9, .F. ) ;
#2398 = VECTOR ( 'NONE', #3180, 1000.000000000000000 ) ;
#2399 = DIRECTION ( 'NONE',  ( 0.000000000000000000, 0.000000000000000000, 1.000000000000000000 ) ) ;
#2400 = AXIS2_PLACEMENT_3D ( 'NONE', #3520, #3501, #377 ) ;
#2401 = AXIS2_PLACEMENT_3D ( 'NONE', #789, #3221, #2917 ) ;
#2402 = VECTOR ( 'NONE', #1919, 1000.000000000000000 ) ;
#2403 = SURFACE_STYLE_FILL_AREA ( #2137 ) ;
#2404 = ORIENTED_EDGE ( 'NONE', *, *, #963, .T. ) ;
#2405 = PRESENTATION_STYLE_ASSIGNMENT (( #3612 ) ) ;
#2406 = ORIENTED_EDGE ( 'NONE', *, *, #3841, .T. ) ;
#2407 = CYLINDRICAL_SURFACE ( 'NONE', #3244, 0.2999999999999999334 ) ;
#2408 =( NAMED_UNIT ( * ) PLANE_ANGLE_UNIT ( ) SI_UNIT ( $, .RADIAN. ) );
#2409 = EDGE_CURVE ( 'NONE', #2153, #3450, #2327, .T. ) ;
#2410 = VERTEX_POINT ( 'NONE', #438 ) ;
#2411 = CYLINDRICAL_SURFACE ( 'NONE', #947, 0.3500000000000000333 ) ;
#2412 = VERTEX_POINT ( 'NONE', #3553 ) ;
#2413 = CARTESIAN_POINT ( 'NONE',  ( 0.000000000000000000, 0.000000000000000000, 2.600000000000000089 ) ) ;
#2414 = EDGE_CURVE ( 'NONE', #2302, #1668, #1348, .T. ) ;
#2415 = DIRECTION ( 'NONE',  ( 0.000000000000000000, 0.000000000000000000, 1.000000000000000000 ) ) ;
#2416 = DIRECTION ( 'NONE',  ( -1.000000000000000000, -0.000000000000000000, -0.000000000000000000 ) ) ;
#2417 = ORIENTED_EDGE ( 'NONE', *, *, #3817, .F. ) ;
#2418 = EDGE_CURVE ( 'NONE', #4, #1394, #1671, .T. ) ;
#2419 = FACE_OUTER_BOUND ( 'NONE', #1247, .T. ) ;
#2420 =( GEOMETRIC_REPRESENTATION_CONTEXT ( 3 ) GLOBAL_UNCERTAINTY_ASSIGNED_CONTEXT ( ( #729 ) ) GLOBAL_UNIT_ASSIGNED_CONTEXT ( ( #3903, #128, #477 ) ) REPRESENTATION_CONTEXT ( 'NONE', 'WORKASPACE' ) );
#2421 = FILL_AREA_STYLE_COLOUR ( '', #3838 ) ;
#2422 = CARTESIAN_POINT ( 'NONE',  ( 0.3912844257252190427, -3.382720489318998158, 2.600000000000000089 ) ) ;
#2423 = VECTOR ( 'NONE', #1848, 1000.000000000000000 ) ;
#2424 = DIRECTION ( 'NONE',  ( 0.000000000000000000, 0.000000000000000000, 1.000000000000000000 ) ) ;
#2425 =( NAMED_UNIT ( * ) PLANE_ANGLE_UNIT ( ) SI_UNIT ( $, .RADIAN. ) );
#2426 = DIRECTION ( 'NONE',  ( 0.9961946980918119365, -0.08715574274689892598, 0.000000000000000000 ) ) ;
#2427 = FACE_OUTER_BOUND ( 'NONE', #2349, .T. ) ;
#2428 = ORIENTED_EDGE ( 'NONE', *, *, #3915, .T. ) ;
#2429 = ORIENTED_EDGE ( 'NONE', *, *, #1370, .F. ) ;
#2430 = ORIENTED_EDGE ( 'NONE', *, *, #2149, .F. ) ;
#2431 = CARTESIAN_POINT ( 'NONE',  ( 3.500000000000000000, 1.649999999999999911, 1.649999999999999911 ) ) ;
#2432 = CARTESIAN_POINT ( 'NONE',  ( 0.2999999999999999889, 4.500000000000000000, -2.600000000000000089 ) ) ;
#2433 = DIRECTION ( 'NONE',  ( 0.000000000000000000, 0.000000000000000000, -1.000000000000000000 ) ) ;
#2434 = LINE ( 'NONE', #1252, #2505 ) ;
#2435 = ORIENTED_EDGE ( 'NONE', *, *, #295, .F. ) ;
#2436 = ORIENTED_EDGE ( 'NONE', *, *, #2356, .F. ) ;
#2437 = ADVANCED_FACE ( 'NONE', ( #2916 ), #413, .T. ) ;
#2438 =( NAMED_UNIT ( * ) SI_UNIT ( $, .STERADIAN. ) SOLID_ANGLE_UNIT ( ) );
#2439 = DIRECTION ( 'NONE',  ( 0.000000000000000000, -1.000000000000000000, 0.000000000000000000 ) ) ;
#2440 = DIRECTION ( 'NONE',  ( 0.000000000000000000, 1.000000000000000000, -0.000000000000000000 ) ) ;
#2441 = AXIS2_PLACEMENT_3D ( 'NONE', #1904, #3470, #1353 ) ;
#2442 = DIRECTION ( 'NONE',  ( 1.000000000000000000, 1.895379361788591985E-15, 1.642027209857247031E-15 ) ) ;
#2443 = COLOUR_RGB ( '',0.1098039215686274495, 0.1098039215686274495, 0.1098039215686274495 ) ;
#2444 = AXIS2_PLACEMENT_3D ( 'NONE', #1945, #721, #3177 ) ;
#2445 =( NAMED_UNIT ( * ) SI_UNIT ( $, .STERADIAN. ) SOLID_ANGLE_UNIT ( ) );
#2446 = DIRECTION ( 'NONE',  ( 1.000000000000000000, 0.000000000000000000, 0.000000000000000000 ) ) ;
#2447 = EDGE_CURVE ( 'NONE', #3004, #1916, #3865, .T. ) ;
#2448 = DIRECTION ( 'NONE',  ( -1.000000000000000000, -0.000000000000000000, -0.000000000000000000 ) ) ;
#2449 = VECTOR ( 'NONE', #2426, 1000.000000000000114 ) ;
#2450 = CARTESIAN_POINT ( 'NONE',  ( 0.3912844257252000024, -3.382720489318999935, -2.600000000000000089 ) ) ;
#2451 = ORIENTED_EDGE ( 'NONE', *, *, #2509, .F. ) ;
#2452 = ORIENTED_EDGE ( 'NONE', *, *, #1991, .T. ) ;
#2453 = VERTEX_POINT ( 'NONE', #1720 ) ;
#2454 = CARTESIAN_POINT ( 'NONE',  ( 3.500000000000769607, -1.650000000001620615, -1.649999999998507327 ) ) ;
#2455 = DIRECTION ( 'NONE',  ( 0.000000000000000000, 0.000000000000000000, -1.000000000000000000 ) ) ;
#2456 = FACE_OUTER_BOUND ( 'NONE', #2638, .T. ) ;
#2457 = CARTESIAN_POINT ( 'NONE',  ( 0.000000000000000000, 2.700000000000000178, 3.000000000000000000 ) ) ;
#2458 = ORIENTED_EDGE ( 'NONE', *, *, #552, .T. ) ;
#2459 = ORIENTED_EDGE ( 'NONE', *, *, #3516, .T. ) ;
#2460 = EDGE_CURVE ( 'NONE', #829, #462, #3595, .T. ) ;
#2461 = LINE ( 'NONE', #281, #1727 ) ;
#2462 = ADVANCED_FACE ( 'NONE', ( #2651 ), #788, .F. ) ;
#2463 =( NAMED_UNIT ( * ) PLANE_ANGLE_UNIT ( ) SI_UNIT ( $, .RADIAN. ) );
#2464 = MECHANICAL_DESIGN_GEOMETRIC_PRESENTATION_REPRESENTATION (  '', ( #190 ), #1365 ) ;
#2465 = CARTESIAN_POINT ( 'NONE',  ( 0.2999999999999999889, -3.000000000000000000, -1.250000000000000222 ) ) ;
#2466 = VECTOR ( 'NONE', #1541, 1000.000000000000000 ) ;
#2467 = SURFACE_STYLE_FILL_AREA ( #3998 ) ;
#2468 = MECHANICAL_DESIGN_GEOMETRIC_PRESENTATION_REPRESENTATION (  '', ( #196 ), #908 ) ;
#2469 = CARTESIAN_POINT ( 'NONE',  ( 0.000000000000000000, 1.250000000000000000, -3.000000000000000000 ) ) ;
#2470 = ORIENTED_EDGE ( 'NONE', *, *, #1886, .T. ) ;
#2471 = VERTEX_POINT ( 'NONE', #3883 ) ;
#2472 = ORIENTED_EDGE ( 'NONE', *, *, #1812, .F. ) ;
#2473 = CARTESIAN_POINT ( 'NONE',  ( 3.149999999999999911, 2.700000000000000178, -2.700000000000000178 ) ) ;
#2474 = LINE ( 'NONE', #3413, #2682 ) ;
#2475 = FACE_OUTER_BOUND ( 'NONE', #3577, .T. ) ;
#2476 = DIRECTION ( 'NONE',  ( -1.000000000000000000, 1.239088197126290866E-15, 0.000000000000000000 ) ) ;
#2477 = EDGE_LOOP ( 'NONE', ( #2542, #3744, #1805, #2640, #2688 ) ) ;
#2478 = ORIENTED_EDGE ( 'NONE', *, *, #1514, .F. ) ;
#2479 = ADVANCED_FACE ( 'NONE', ( #807 ), #1437, .T. ) ;
#2480 = SURFACE_STYLE_USAGE ( .BOTH. , #1708 ) ;
#2481 = VECTOR ( 'NONE', #928, 1000.000000000000000 ) ;
#2482 = EDGE_LOOP ( 'NONE', ( #3528, #663, #852, #111 ) ) ;
#2483 = EDGE_CURVE ( 'NONE', #3022, #2260, #107, .T. ) ;
#2484 = DIRECTION ( 'NONE',  ( -1.000000000000000000, 0.000000000000000000, -0.000000000000000000 ) ) ;
#2485 = EDGE_CURVE ( 'NONE', #1982, #2109, #2251, .T. ) ;
#2486 = DIRECTION ( 'NONE',  ( -1.000000000000000000, -0.000000000000000000, -0.000000000000000000 ) ) ;
#2487 = AXIS2_PLACEMENT_3D ( 'NONE', #69, #394, #1597 ) ;
#2488 = CARTESIAN_POINT ( 'NONE',  ( 0.000000000000000000, -2.700000000000000178, -3.000000000000000000 ) ) ;
#2489 = ORIENTED_EDGE ( 'NONE', *, *, #3482, .F. ) ;
#2490 = DIRECTION ( 'NONE',  ( 1.000000000000000000, 0.000000000000000000, -0.000000000000000000 ) ) ;
#2491 = VERTEX_POINT ( 'NONE', #1397 ) ;
#2492 = DIRECTION ( 'NONE',  ( -0.000000000000000000, 1.000000000000000000, 0.000000000000000000 ) ) ;
#2493 = CARTESIAN_POINT ( 'NONE',  ( 0.2999999999999999889, -1.250000000000000000, 0.000000000000000000 ) ) ;
#2494 = DIRECTION ( 'NONE',  ( -1.000000000000000000, 0.000000000000000000, 0.000000000000000000 ) ) ;
#2495 = CARTESIAN_POINT ( 'NONE',  ( 0.7500000000000000000, -3.000000000000000000, -2.600000000000000089 ) ) ;
#2496 = LINE ( 'NONE', #1830, #3188 ) ;
#2497 = AXIS2_PLACEMENT_3D ( 'NONE', #2233, #83, #346 ) ;
#2498 = VERTEX_POINT ( 'NONE', #189 ) ;
#2499 = EDGE_CURVE ( 'NONE', #2260, #3572, #3407, .T. ) ;
#2500 = FILL_AREA_STYLE_COLOUR ( '', #3626 ) ;
#2501 = CARTESIAN_POINT ( 'NONE',  ( 3.449999999999999734, 1.000000000000000000, -2.799999999999999822 ) ) ;
#2502 = EDGE_LOOP ( 'NONE', ( #3434, #1475, #26, #2430 ) ) ;
#2503 = CARTESIAN_POINT ( 'NONE',  ( 3.468645998181000056, -2.700000000000000178, 2.700000000000000178 ) ) ;
#2504 = LINE ( 'NONE', #425, #2141 ) ;
#2505 = VECTOR ( 'NONE', #2130, 1000.000000000000000 ) ;
#2506 = DIRECTION ( 'NONE',  ( -1.000000000000000000, 0.000000000000000000, 1.734723475977103509E-15 ) ) ;
#2507 = ORIENTED_EDGE ( 'NONE', *, *, #421, .T. ) ;
#2508 = CARTESIAN_POINT ( 'NONE',  ( 0.3912844257252000024, -3.382720489318999935, -2.600000000000000089 ) ) ;
#2509 = EDGE_CURVE ( 'NONE', #1056, #3021, #539, .T. ) ;
#2510 = ORIENTED_EDGE ( 'NONE', *, *, #2118, .T. ) ;
#2511 = DIRECTION ( 'NONE',  ( 0.000000000000000000, -1.000000000000000000, -0.000000000000000000 ) ) ;
#2512 = CARTESIAN_POINT ( 'NONE',  ( 3.160000000000000142, -2.700000000000000178, 2.700000000000000178 ) ) ;
#2513 = CIRCLE ( 'NONE', #3992, 0.2999999999999999334 ) ;
#2514 = CIRCLE ( 'NONE', #1606, 0.2999999999999999334 ) ;
#2515 = DIRECTION ( 'NONE',  ( 0.08715574274766391127, 0.9961946980917451011, 0.000000000000000000 ) ) ;
#2516 = CARTESIAN_POINT ( 'NONE',  ( 0.000000000000000000, 3.482339959128999851, 2.600000000000000089 ) ) ;
#2517 = VERTEX_POINT ( 'NONE', #2768 ) ;
#2518 = DIRECTION ( 'NONE',  ( 0.000000000000000000, 0.000000000000000000, 1.000000000000000000 ) ) ;
#2519 = ORIENTED_EDGE ( 'NONE', *, *, #4015, .T. ) ;
#2520 = CARTESIAN_POINT ( 'NONE',  ( 0.000000000000000000, -1.250000000000000000, -3.000000000000000000 ) ) ;
#2521 = EDGE_LOOP ( 'NONE', ( #2288, #2718, #1947, #1479 ) ) ;
#2522 = CARTESIAN_POINT ( 'NONE',  ( 3.500000000000769607, -1.649999999998379430, 1.649999999998507327 ) ) ;
#2523 = DIRECTION ( 'NONE',  ( -0.000000000000000000, 1.000000000000000000, 0.000000000000000000 ) ) ;
#2524 = DIRECTION ( 'NONE',  ( 0.000000000000000000, 0.000000000000000000, 1.000000000000000000 ) ) ;
#2525 = VERTEX_POINT ( 'NONE', #3056 ) ;
#2526 = DIRECTION ( 'NONE',  ( 0.000000000000000000, 0.000000000000000000, -1.000000000000000000 ) ) ;
#2527 = CIRCLE ( 'NONE', #522, 0.2999999999999999334 ) ;
#2528 = ORIENTED_EDGE ( 'NONE', *, *, #1856, .T. ) ;
#2529 = FACE_OUTER_BOUND ( 'NONE', #125, .T. ) ;
#2530 = VECTOR ( 'NONE', #3428, 1000.000000000000000 ) ;
#2531 = ADVANCED_FACE ( 'NONE', ( #1225 ), #3674, .T. ) ;
#2532 = DIRECTION ( 'NONE',  ( -1.000000000000000000, 0.000000000000000000, 0.000000000000000000 ) ) ;
#2533 = VECTOR ( 'NONE', #3097, 1000.000000000000000 ) ;
#2534 = DIRECTION ( 'NONE',  ( 1.895379361788591985E-15, 1.000000000000000000, 9.569685851224955573E-31 ) ) ;
#2535 = VECTOR ( 'NONE', #3134, 1000.000000000000114 ) ;
#2536 = ORIENTED_EDGE ( 'NONE', *, *, #2865, .F. ) ;
#2537 = DIRECTION ( 'NONE',  ( -0.000000000000000000, 1.000000000000000000, 0.000000000000000000 ) ) ;
#2538 = ORIENTED_EDGE ( 'NONE', *, *, #3590, .F. ) ;
#2539 = LINE ( 'NONE', #3769, #2267 ) ;
#2540 = CARTESIAN_POINT ( 'NONE',  ( 0.2999999999999999889, 0.000000000000000000, -2.600000000000000089 ) ) ;
#2541 = CYLINDRICAL_SURFACE ( 'NONE', #2876, 1.750000000000000000 ) ;
#2542 = ORIENTED_EDGE ( 'NONE', *, *, #245, .F. ) ;
#2543 = EDGE_CURVE ( 'NONE', #1394, #4, #3096, .T. ) ;
#2544 = DIRECTION ( 'NONE',  ( 0.000000000000000000, 0.000000000000000000, 1.000000000000000000 ) ) ;
#2545 = ADVANCED_FACE ( 'NONE', ( #3368, #1512 ), #2996, .F. ) ;
#2546 = CARTESIAN_POINT ( 'NONE',  ( 0.7500000000000000000, 3.000000000000000000, -2.600000000000000089 ) ) ;
#2547 = EDGE_CURVE ( 'NONE', #2932, #1668, #1206, .T. ) ;
#2548 = ORIENTED_EDGE ( 'NONE', *, *, #245, .T. ) ;
#2549 = CARTESIAN_POINT ( 'NONE',  ( 0.2999999999999999889, -1.250000000000000000, -3.000000000000000000 ) ) ;
#2550 = VECTOR ( 'NONE', #2319, 1000.000000000000227 ) ;
#2551 = ORIENTED_EDGE ( 'NONE', *, *, #1335, .F. ) ;
#2552 = CARTESIAN_POINT ( 'NONE',  ( 3.449999999999999734, -2.700000000000000178, -3.000000000000000000 ) ) ;
#2553 = VECTOR ( 'NONE', #2086, 1000.000000000000000 ) ;
#2554 = DIRECTION ( 'NONE',  ( 0.000000000000000000, 0.000000000000000000, -1.000000000000000000 ) ) ;
#2555 = CARTESIAN_POINT ( 'NONE',  ( 0.7805045099617000659, 3.348668144331999663, -2.600000000000000089 ) ) ;
#2556 = ORIENTED_EDGE ( 'NONE', *, *, #3336, .T. ) ;
#2557 = VECTOR ( 'NONE', #1615, 1000.000000000000000 ) ;
#2558 = DIRECTION ( 'NONE',  ( -1.000000000000000000, -0.000000000000000000, 0.000000000000000000 ) ) ;
#2559 = ORIENTED_EDGE ( 'NONE', *, *, #344, .T. ) ;
#2560 = CARTESIAN_POINT ( 'NONE',  ( 0.4000000000000000222, 3.482339959128999851, -1.899999999999999911 ) ) ;
#2561 = VECTOR ( 'NONE', #955, 1000.000000000000000 ) ;
#2562 = ADVANCED_FACE ( 'NONE', ( #210 ), #2407, .T. ) ;
#2563 = EDGE_LOOP ( 'NONE', ( #2089, #1996 ) ) ;
#2564 = FACE_OUTER_BOUND ( 'NONE', #1083, .T. ) ;
#2565 = LINE ( 'NONE', #3798, #263 ) ;
#2566 = EDGE_LOOP ( 'NONE', ( #1898, #741, #3868, #3981, #4009, #2741, #2596, #1272, #2367, #399 ) ) ;
#2567 = CARTESIAN_POINT ( 'NONE',  ( 0.2999999999999999889, 3.000000000000000000, -1.250000000000000000 ) ) ;
#2568 = ORIENTED_EDGE ( 'NONE', *, *, #1280, .F. ) ;
#2569 = EDGE_CURVE ( 'NONE', #1668, #920, #899, .T. ) ;
#2570 = CARTESIAN_POINT ( 'NONE',  ( 4.799999999999999822, -1.749904079039318328, 0.01832250423811448634 ) ) ;
#2571 = AXIS2_PLACEMENT_3D ( 'NONE', #1307, #3449, #350 ) ;
#2572 = FACE_OUTER_BOUND ( 'NONE', #2482, .T. ) ;
#2573 = LINE ( 'NONE', #372, #2076 ) ;
#2574 = EDGE_LOOP ( 'NONE', ( #2068, #2102, #2144, #2696 ) ) ;
#2575 = AXIS2_PLACEMENT_3D ( 'NONE', #2856, #1662, #375 ) ;
#2576 = LINE ( 'NONE', #53, #1276 ) ;
#2577 = VERTEX_POINT ( 'NONE', #1148 ) ;
#2578 = AXIS2_PLACEMENT_3D ( 'NONE', #2951, #2342, #3569 ) ;
#2579 = DIRECTION ( 'NONE',  ( 0.000000000000000000, -1.000000000000000000, -0.000000000000000000 ) ) ;
#2580 = PRESENTATION_LAYER_ASSIGNMENT (  '', '', ( #2901 ) ) ;
#2581 = PLANE ( 'NONE',  #1278 ) ;
#2582 = ORIENTED_EDGE ( 'NONE', *, *, #2821, .F. ) ;
#2583 = ADVANCED_FACE ( 'NONE', ( #288, #2387, #1531 ), #3035, .T. ) ;
#2584 = CARTESIAN_POINT ( 'NONE',  ( 5.000000005580202078, -0.9590894557780625940, 1.677290886830008487 ) ) ;
#2585 = CARTESIAN_POINT ( 'NONE',  ( 0.000000000000000000, 3.000000000000000000, -1.250000000000000000 ) ) ;
#2586 = EDGE_CURVE ( 'NONE', #2253, #2471, #918, .T. ) ;
#2587 = DIRECTION ( 'NONE',  ( 1.000000000000000000, -0.000000000000000000, 0.000000000000000000 ) ) ;
#2588 = ORIENTED_EDGE ( 'NONE', *, *, #3076, .T. ) ;
#2589 = DIRECTION ( 'NONE',  ( 1.000000000000000000, 0.000000000000000000, -0.000000000000000000 ) ) ;
#2590 = CARTESIAN_POINT ( 'NONE',  ( 3.449999999999999734, -3.000000000000000000, -1.000000000000000000 ) ) ;
#2591 = CARTESIAN_POINT ( 'NONE',  ( 0.000000000000000000, -4.500000000000000000, -1.899999999999999911 ) ) ;
#2592 = CARTESIAN_POINT ( 'NONE',  ( 0.4000000000000000222, 3.482339959128999851, 1.899999999999999689 ) ) ;
#2593 = LINE ( 'NONE', #415, #2398 ) ;
#2594 = VECTOR ( 'NONE', #723, 1000.000000000000000 ) ;
#2595 = ORIENTED_EDGE ( 'NONE', *, *, #3841, .F. ) ;
#2596 = ORIENTED_EDGE ( 'NONE', *, *, #2928, .F. ) ;
#2597 =( GEOMETRIC_REPRESENTATION_CONTEXT ( 3 ) GLOBAL_UNCERTAINTY_ASSIGNED_CONTEXT ( ( #2601 ) ) GLOBAL_UNIT_ASSIGNED_CONTEXT ( ( #2781, #1182, #1833 ) ) REPRESENTATION_CONTEXT ( 'NONE', 'WORKASPACE' ) );
#2598 = EDGE_CURVE ( 'NONE', #3787, #411, #3213, .T. ) ;
#2599 = MECHANICAL_DESIGN_GEOMETRIC_PRESENTATION_REPRESENTATION (  '', ( #1821 ), #974 ) ;
#2600 = DIRECTION ( 'NONE',  ( 0.000000000000000000, -0.000000000000000000, -1.000000000000000000 ) ) ;
#2601 = UNCERTAINTY_MEASURE_WITH_UNIT (LENGTH_MEASURE( 1.000000000000000082E-05 ), #2781, 'distance_accuracy_value', 'NONE');
#2602 = EDGE_CURVE ( 'NONE', #3321, #768, #41, .T. ) ;
#2603 = ORIENTED_EDGE ( 'NONE', *, *, #1629, .T. ) ;
#2604 =( GEOMETRIC_REPRESENTATION_CONTEXT ( 3 ) GLOBAL_UNCERTAINTY_ASSIGNED_CONTEXT ( ( #3853 ) ) GLOBAL_UNIT_ASSIGNED_CONTEXT ( ( #877, #2463, #224 ) ) REPRESENTATION_CONTEXT ( 'NONE', 'WORKASPACE' ) );
#2605 = DIRECTION ( 'NONE',  ( 1.000000000000000000, 0.000000000000000000, 1.734723475977103509E-15 ) ) ;
#2606 = CARTESIAN_POINT ( 'NONE',  ( 5.000000005580202078, -1.667065902242338860, 0.01745514021511105837 ) ) ;
#2607 = EDGE_CURVE ( 'NONE', #3558, #3543, #1495, .T. ) ;
#2608 = CARTESIAN_POINT ( 'NONE',  ( 0.7543577871373724486, -3.049809734904795455, 1.899999999999999689 ) ) ;
#2609 = LINE ( 'NONE', #100, #3366 ) ;
#2610 = ORIENTED_EDGE ( 'NONE', *, *, #1845, .F. ) ;
#2611 = ORIENTED_EDGE ( 'NONE', *, *, #3588, .T. ) ;
#2612 = SURFACE_STYLE_USAGE ( .BOTH. , #785 ) ;
#2613 = CARTESIAN_POINT ( 'NONE',  ( 4.999999999999999112, 1.517458024601303856, -3.116058567472713925 ) ) ;
#2614 = EDGE_CURVE ( 'NONE', #2453, #3359, #3364, .T. ) ;
#2615 = SURFACE_STYLE_FILL_AREA ( #2028 ) ;
#2616 = FACE_OUTER_BOUND ( 'NONE', #1695, .T. ) ;
#2617 = ORIENTED_EDGE ( 'NONE', *, *, #1643, .T. ) ;
#2618 = ORIENTED_EDGE ( 'NONE', *, *, #2607, .T. ) ;
#2619 = DIRECTION ( 'NONE',  ( 0.000000000000000000, 0.000000000000000000, 1.000000000000000000 ) ) ;
#2620 = AXIS2_PLACEMENT_3D ( 'NONE', #602, #3122, #2455 ) ;
#2621 = DIRECTION ( 'NONE',  ( 1.000000000000000000, 0.000000000000000000, 0.000000000000000000 ) ) ;
#2622 = ORIENTED_EDGE ( 'NONE', *, *, #2995, .F. ) ;
#2623 = EDGE_CURVE ( 'NONE', #941, #1257, #3524, .T. ) ;
#2624 = DIRECTION ( 'NONE',  ( 0.000000000000000000, 0.000000000000000000, -1.000000000000000000 ) ) ;
#2625 = CARTESIAN_POINT ( 'NONE',  ( 4.917157291949884268, 1.760637153563650914, 1.006747572500575894 ) ) ;
#2626 = DIRECTION ( 'NONE',  ( 1.000000000000000000, 0.000000000000000000, -0.000000000000000000 ) ) ;
#2627 = CARTESIAN_POINT ( 'NONE',  ( 0.000000000000000000, 0.000000000000000000, 0.000000000000000000 ) ) ;
#2628 = VERTEX_POINT ( 'NONE', #754 ) ;
#2629 = CARTESIAN_POINT ( 'NONE',  ( 3.750000000000687450, 1.650000000001621059, 1.649999999998507771 ) ) ;
#2630 = ORIENTED_EDGE ( 'NONE', *, *, #3275, .T. ) ;
#2631 = CARTESIAN_POINT ( 'NONE',  ( 1.100000000000000089, -3.000000000000000000, 1.899999999999999689 ) ) ;
#2632 = LINE ( 'NONE', #3613, #3468 ) ;
#2633 = LINE ( 'NONE', #844, #3070 ) ;
#2634 = PRESENTATION_STYLE_ASSIGNMENT (( #3826 ) ) ;
#2635 = DIRECTION ( 'NONE',  ( -0.000000000000000000, -0.000000000000000000, 1.000000000000000000 ) ) ;
#2636 = EDGE_CURVE ( 'NONE', #1916, #929, #3756, .T. ) ;
#2637 = EDGE_LOOP ( 'NONE', ( #2610, #3182, #3014, #324 ) ) ;
#2638 = EDGE_LOOP ( 'NONE', ( #3934, #2478, #1374, #1047, #3383, #688, #309, #1862, #1928, #178 ) ) ;
#2639 = FACE_OUTER_BOUND ( 'NONE', #3001, .T. ) ;
#2640 = ORIENTED_EDGE ( 'NONE', *, *, #3722, .T. ) ;
#2641 = CIRCLE ( 'NONE', #1408, 0.3499999999999999778 ) ;
#2642 = CARTESIAN_POINT ( 'NONE',  ( 0.000000000000000000, -3.000000000000000000, -1.250000000000000000 ) ) ;
#2643 = CARTESIAN_POINT ( 'NONE',  ( 3.160000000000000142, 0.000000000000000000, -3.000000000000000000 ) ) ;
#2644 = CARTESIAN_POINT ( 'NONE',  ( 1.100000000000000089, 3.000000000000000000, 1.899999999999999689 ) ) ;
#2645 = DIRECTION ( 'NONE',  ( -0.000000000000000000, -0.000000000000000000, 1.000000000000000000 ) ) ;
#2646 = LINE ( 'NONE', #3878, #3603 ) ;
#2647 = ORIENTED_EDGE ( 'NONE', *, *, #674, .F. ) ;
#2648 = LINE ( 'NONE', #3273, #2897 ) ;
#2649 = VERTEX_POINT ( 'NONE', #117 ) ;
#2650 = LINE ( 'NONE', #2590, #3261 ) ;
#2651 = FACE_OUTER_BOUND ( 'NONE', #2566, .T. ) ;
#2652 = CARTESIAN_POINT ( 'NONE',  ( 3.500000000000000000, 1.649999999999999911, -1.300000000000000044 ) ) ;
#2653 = VERTEX_POINT ( 'NONE', #3388 ) ;
#2654 = ORIENTED_EDGE ( 'NONE', *, *, #2247, .F. ) ;
#2655 = ORIENTED_EDGE ( 'NONE', *, *, #925, .T. ) ;
#2656 = EDGE_CURVE ( 'NONE', #3791, #829, #2504, .T. ) ;
#2657 = DIRECTION ( 'NONE',  ( -0.000000000000000000, 1.000000000000000000, 0.000000000000000000 ) ) ;
#2658 = STYLED_ITEM ( 'NONE', ( #1221 ), #2882 ) ;
#2659 = AXIS2_PLACEMENT_3D ( 'NONE', #3343, #1870, #563 ) ;
#2660 = ORIENTED_EDGE ( 'NONE', *, *, #977, .T. ) ;
#2661 = AXIS2_PLACEMENT_3D ( 'NONE', #1999, #2523, #23 ) ;
#2662 = CARTESIAN_POINT ( 'NONE',  ( 4.799999999999999822, 0.000000000000000000, 1.750000000000000000 ) ) ;
#2663 = EDGE_CURVE ( 'NONE', #1386, #1220, #2177, .T. ) ;
#2664 = DIRECTION ( 'NONE',  ( -0.000000000000000000, -1.000000000000000000, -0.000000000000000000 ) ) ;
#2665 = CARTESIAN_POINT ( 'NONE',  ( 3.500000000000769607, -1.649999999998379430, 1.649999999998507327 ) ) ;
#2666 = LINE ( 'NONE', #3253, #529 ) ;
#2667 = DIRECTION ( 'NONE',  ( 0.000000000000000000, 0.000000000000000000, 1.000000000000000000 ) ) ;
#2668 = EDGE_LOOP ( 'NONE', ( #3889, #621, #2980, #2125, #3409, #3517, #2792, #1600 ) ) ;
#2669 = CARTESIAN_POINT ( 'NONE',  ( 0.7543577871373724486, 3.049809734904795455, -1.899999999999999911 ) ) ;
#2670 = FACE_OUTER_BOUND ( 'NONE', #1534, .T. ) ;
#2671 = EDGE_CURVE ( 'NONE', #2698, #1400, #2196, .T. ) ;
#2672 = CARTESIAN_POINT ( 'NONE',  ( 3.500000000000000000, 1.649999999999999911, -1.649999999999999911 ) ) ;
#2673 = CARTESIAN_POINT ( 'NONE',  ( 0.2999999999999999889, -4.500000000000000000, -1.899999999999999911 ) ) ;
#2674 = VECTOR ( 'NONE', #891, 1000.000000000000000 ) ;
#2675 = ORIENTED_EDGE ( 'NONE', *, *, #3997, .T. ) ;
#2676 = VERTEX_POINT ( 'NONE', #3694 ) ;
#2677 = ORIENTED_EDGE ( 'NONE', *, *, #332, .T. ) ;
#2678 = DIRECTION ( 'NONE',  ( 0.000000000000000000, 0.000000000000000000, -1.000000000000000000 ) ) ;
#2679 = PRODUCT ( 'PTS645SH50SMTR92 LFS', 'PTS645SH50SMTR92 LFS', '', ( #1140 ) ) ;
#2680 = PRODUCT_DEFINITION_CONTEXT ( 'detailed design', #3773, 'design' ) ;
#2681 = ORIENTED_EDGE ( 'NONE', *, *, #717, .F. ) ;
#2682 = VECTOR ( 'NONE', #1519, 1000.000000000000000 ) ;
#2683 = CARTESIAN_POINT ( 'NONE',  ( 3.160000000000000142, -3.000000000000000000, -2.700000000000000178 ) ) ;
#2684 = EDGE_CURVE ( 'NONE', #3954, #3562, #616, .T. ) ;
#2685 = AXIS2_PLACEMENT_3D ( 'NONE', #1791, #3622, #1518 ) ;
#2686 = FACE_OUTER_BOUND ( 'NONE', #6, .T. ) ;
#2687 = DIRECTION ( 'NONE',  ( -0.000000000000000000, 0.000000000000000000, -1.000000000000000000 ) ) ;
#2688 = ORIENTED_EDGE ( 'NONE', *, *, #197, .T. ) ;
#2689 = CARTESIAN_POINT ( 'NONE',  ( 3.449999999999999734, 1.000000000000000000, -3.000000000000000000 ) ) ;
#2690 = VERTEX_POINT ( 'NONE', #306 ) ;
#2691 = CARTESIAN_POINT ( 'NONE',  ( 0.000000000000000000, 1.250000000000000000, 1.250000000000000000 ) ) ;
#2692 = DIRECTION ( 'NONE',  ( 0.000000000000000000, 0.000000000000000000, 1.000000000000000000 ) ) ;
#2693 = CYLINDRICAL_SURFACE ( 'NONE', #3708, 0.3499999999999999778 ) ;
#2694 = DIRECTION ( 'NONE',  ( 1.000000000000000000, 0.000000000000000000, 0.000000000000000000 ) ) ;
#2695 = CARTESIAN_POINT ( 'NONE',  ( 1.100000000000000089, 3.000000000000000000, -1.899999999999999911 ) ) ;
#2696 = ORIENTED_EDGE ( 'NONE', *, *, #3833, .T. ) ;
#2697 = ORIENTED_EDGE ( 'NONE', *, *, #397, .T. ) ;
#2698 = VERTEX_POINT ( 'NONE', #2907 ) ;
#2699 = DIRECTION ( 'NONE',  ( 0.000000000000000000, -0.000000000000000000, -1.000000000000000000 ) ) ;
#2700 = PLANE ( 'NONE',  #2017 ) ;
#2701 = EDGE_LOOP ( 'NONE', ( #51, #1564, #1876, #1913 ) ) ;
#2702 = CIRCLE ( 'NONE', #2763, 0.09999999999999999167 ) ;
#2703 = DIRECTION ( 'NONE',  ( -1.000000000000000000, -0.000000000000000000, 0.000000000000000000 ) ) ;
#2704 =( LENGTH_UNIT ( ) NAMED_UNIT ( * ) SI_UNIT ( .MILLI., .METRE. ) );
#2705 = AXIS2_PLACEMENT_3D ( 'NONE', #839, #3073, #821 ) ;
#2706 = CIRCLE ( 'NONE', #3225, 0.05000000000000002359 ) ;
#2707 = CARTESIAN_POINT ( 'NONE',  ( 3.449999999999999734, 3.000000000000000000, 2.700000000000000178 ) ) ;
#2708 = EDGE_CURVE ( 'NONE', #2471, #462, #2, .T. ) ;
#2709 = VECTOR ( 'NONE', #2936, 1000.000000000000000 ) ;
#2710 = EDGE_CURVE ( 'NONE', #830, #3135, #1551, .T. ) ;
#2711 = PLANE ( 'NONE',  #3283 ) ;
#2712 = ORIENTED_EDGE ( 'NONE', *, *, #3897, .T. ) ;
#2713 = CARTESIAN_POINT ( 'NONE',  ( 0.000000000000000000, -4.500000000000000000, 2.600000000000000089 ) ) ;
#2714 = ORIENTED_EDGE ( 'NONE', *, *, #3797, .T. ) ;
#2715 = CARTESIAN_POINT ( 'NONE',  ( 0.000000000000000000, 3.000000000000000000, 1.250000000000000000 ) ) ;
#2716 = ORIENTED_EDGE ( 'NONE', *, *, #3030, .F. ) ;
#2717 = FACE_OUTER_BOUND ( 'NONE', #360, .T. ) ;
#2718 = ORIENTED_EDGE ( 'NONE', *, *, #76, .T. ) ;
#2719 = LINE ( 'NONE', #3949, #20 ) ;
#2720 = EDGE_CURVE ( 'NONE', #2498, #3457, #673, .T. ) ;
#2721 = LINE ( 'NONE', #3141, #3750 ) ;
#2722 = EDGE_LOOP ( 'NONE', ( #219, #2390, #1788, #3060 ) ) ;
#2723 = AXIS2_PLACEMENT_3D ( 'NONE', #2560, #2227, #2840 ) ;
#2724 = VECTOR ( 'NONE', #1054, 1000.000000000000000 ) ;
#2725 = EDGE_CURVE ( 'NONE', #3531, #768, #655, .T. ) ;
#2726 = CARTESIAN_POINT ( 'NONE',  ( 4.999999999999999112, -1.549916517261535454, 0.01622851814770996659 ) ) ;
#2727 = CIRCLE ( 'NONE', #2400, 0.05000000000000002359 ) ;
#2728 = VECTOR ( 'NONE', #2066, 1000.000000000000000 ) ;
#2729 = FACE_OUTER_BOUND ( 'NONE', #1459, .T. ) ;
#2730 = VECTOR ( 'NONE', #1086, 1000.000000000000000 ) ;
#2731 = PLANE ( 'NONE',  #2705 ) ;
#2732 = DIRECTION ( 'NONE',  ( 1.000000000000000000, 0.000000000000000000, 0.000000000000000000 ) ) ;
#2733 = ORIENTED_EDGE ( 'NONE', *, *, #3609, .F. ) ;
#2734 = VERTEX_POINT ( 'NONE', #347 ) ;
#2735 = ADVANCED_FACE ( 'NONE', ( #1593 ), #3029, .T. ) ;
#2736 = VERTEX_POINT ( 'NONE', #3936 ) ;
#2737 = DIRECTION ( 'NONE',  ( 0.000000000000000000, 0.000000000000000000, 1.000000000000000000 ) ) ;
#2738 = DIRECTION ( 'NONE',  ( -0.000000000000000000, 1.000000000000000000, 0.000000000000000000 ) ) ;
#2739 = DIRECTION ( 'NONE',  ( -0.000000000000000000, -0.000000000000000000, 1.000000000000000000 ) ) ;
#2740 = CARTESIAN_POINT ( 'NONE',  ( 0.8000000000000000444, 3.000000000000000000, -3.000000000000000000 ) ) ;
#2741 = ORIENTED_EDGE ( 'NONE', *, *, #440, .F. ) ;
#2742 = VECTOR ( 'NONE', #2255, 1000.000000000000000 ) ;
#2743 = ADVANCED_FACE ( 'NONE', ( #1752 ), #1120, .T. ) ;
#2744 = LINE ( 'NONE', #58, #1973 ) ;
#2745 = CARTESIAN_POINT ( 'NONE',  ( 3.500000000000000000, 1.649999999999999911, 2.000000000000000000 ) ) ;
#2746 = VECTOR ( 'NONE', #1147, 1000.000000000000000 ) ;
#2747 = CARTESIAN_POINT ( 'NONE',  ( 3.750000000000687450, -1.550000140313000152, 1.649999999998507771 ) ) ;
#2748 = FACE_OUTER_BOUND ( 'NONE', #2722, .T. ) ;
#2749 = SURFACE_STYLE_FILL_AREA ( #1840 ) ;
#2750 = SURFACE_STYLE_FILL_AREA ( #2388 ) ;
#2751 = CIRCLE ( 'NONE', #746, 0.09999985968537901393 ) ;
#2752 = ORIENTED_EDGE ( 'NONE', *, *, #3526, .F. ) ;
#2753 = ORIENTED_EDGE ( 'NONE', *, *, #2663, .F. ) ;
#2754 = VERTEX_POINT ( 'NONE', #2662 ) ;
#2755 = LINE ( 'NONE', #2413, #3385 ) ;
#2756 = FACE_OUTER_BOUND ( 'NONE', #2132, .T. ) ;
#2757 = CARTESIAN_POINT ( 'NONE',  ( 0.7805045099617096138, 3.348668144332108465, -2.600000000000000089 ) ) ;
#2758 = CARTESIAN_POINT ( 'NONE',  ( 0.000000000000000000, 1.250000000000000000, -1.250000000000000000 ) ) ;
#2759 = ORIENTED_EDGE ( 'NONE', *, *, #1938, .F. ) ;
#2760 = EDGE_CURVE ( 'NONE', #1220, #3791, #1404, .T. ) ;
#2761 = VERTEX_POINT ( 'NONE', #1160 ) ;
#2762 = DIRECTION ( 'NONE',  ( 0.000000000000000000, 0.000000000000000000, -1.000000000000000000 ) ) ;
#2763 = AXIS2_PLACEMENT_3D ( 'NONE', #1596, #27, #66 ) ;
#2764 = LINE ( 'NONE', #2379, #1501 ) ;
#2765 = AXIS2_PLACEMENT_3D ( 'NONE', #3815, #428, #119 ) ;
#2766 = VECTOR ( 'NONE', #1872, 1000.000000000000000 ) ;
#2767 = DIRECTION ( 'NONE',  ( 0.000000000000000000, -0.000000000000000000, -1.000000000000000000 ) ) ;
#2768 = CARTESIAN_POINT ( 'NONE',  ( 0.3912844257252190427, -3.382720489318998158, -2.600000000000000089 ) ) ;
#2769 = AXIS2_PLACEMENT_3D ( 'NONE', #2672, #3904, #2105 ) ;
#2770 = FACE_OUTER_BOUND ( 'NONE', #3110, .T. ) ;
#2771 = ORIENTED_EDGE ( 'NONE', *, *, #1023, .F. ) ;
#2772 = VERTEX_POINT ( 'NONE', #202 ) ;
#2773 = EDGE_CURVE ( 'NONE', #2981, #941, #243, .T. ) ;
#2774 = ORIENTED_EDGE ( 'NONE', *, *, #2906, .T. ) ;
#2775 = DIRECTION ( 'NONE',  ( 0.000000000000000000, -1.000000000000000000, -0.000000000000000000 ) ) ;
#2776 = DIRECTION ( 'NONE',  ( 0.000000000000000000, -1.000000000000000000, -0.000000000000000000 ) ) ;
#2777 = CYLINDRICAL_SURFACE ( 'NONE', #845, 0.05000000000000002359 ) ;
#2778 = EDGE_CURVE ( 'NONE', #3118, #1922, #1774, .T. ) ;
#2779 = DIRECTION ( 'NONE',  ( 0.000000000000000000, 0.000000000000000000, -1.000000000000000000 ) ) ;
#2780 = ORIENTED_EDGE ( 'NONE', *, *, #2291, .F. ) ;
#2781 =( LENGTH_UNIT ( ) NAMED_UNIT ( * ) SI_UNIT ( .MILLI., .METRE. ) );
#2782 = PRODUCT_RELATED_PRODUCT_CATEGORY ( 'part', '', ( #2679 ) ) ;
#2783 = ADVANCED_FACE ( 'NONE', ( #1728 ), #531, .T. ) ;
#2784 = ORIENTED_EDGE ( 'NONE', *, *, #2656, .F. ) ;
#2785 = VECTOR ( 'NONE', #2798, 1000.000000000000000 ) ;
#2786 = CIRCLE ( 'NONE', #124, 0.3500000000000000333 ) ;
#2787 = CARTESIAN_POINT ( 'NONE',  ( 3.449999999999999734, 1.649999999999999911, 1.649999999999999911 ) ) ;
#2788 = AXIS2_PLACEMENT_3D ( 'NONE', #1058, #1914, #1157 ) ;
#2789 = CARTESIAN_POINT ( 'NONE',  ( 0.000000000000000000, -3.000000000000000000, -2.600000000000000089 ) ) ;
#2790 = LINE ( 'NONE', #327, #1957 ) ;
#2791 = EDGE_LOOP ( 'NONE', ( #17, #3313, #2888, #2458 ) ) ;
#2792 = ORIENTED_EDGE ( 'NONE', *, *, #1402, .T. ) ;
#2793 = EDGE_LOOP ( 'NONE', ( #3921, #116, #1554, #2556 ) ) ;
#2794 = CARTESIAN_POINT ( 'NONE',  ( 3.750000000000687450, 1.550000140316242003, 1.649999999998507549 ) ) ;
#2795 = AXIS2_PLACEMENT_3D ( 'NONE', #551, #2442, #2080 ) ;
#2796 = CARTESIAN_POINT ( 'NONE',  ( 3.449999999999999734, -1.649999999999999911, 2.000000000000000000 ) ) ;
#2797 = CARTESIAN_POINT ( 'NONE',  ( 0.000000000000000000, -2.700000000000000178, 3.000000000000000000 ) ) ;
#2798 = DIRECTION ( 'NONE',  ( -1.000000000000000000, -0.000000000000000000, -0.000000000000000000 ) ) ;
#2799 = CARTESIAN_POINT ( 'NONE',  ( 3.449999999999999734, 1.000000000000000000, 2.799999999999999822 ) ) ;
#2800 = ORIENTED_EDGE ( 'NONE', *, *, #3893, .T. ) ;
#2801 = LINE ( 'NONE', #3686, #1951 ) ;
#2802 = VERTEX_POINT ( 'NONE', #2683 ) ;
#2803 = EDGE_CURVE ( 'NONE', #2802, #1780, #1622, .T. ) ;
#2804 = AXIS2_PLACEMENT_3D ( 'NONE', #1488, #282, #513 ) ;
#2805 = CARTESIAN_POINT ( 'NONE',  ( 5.000000005580202078, 1.667065902235741692, -0.01745514084519636869 ) ) ;
#2806 = FACE_OUTER_BOUND ( 'NONE', #1910, .T. ) ;
#2807 = CARTESIAN_POINT ( 'NONE',  ( 0.000000000000000000, -3.000000000000000000, 1.899999999999999911 ) ) ;
#2808 = VECTOR ( 'NONE', #3542, 1000.000000000000000 ) ;
#2809 = DIRECTION ( 'NONE',  ( 0.000000000000000000, 0.000000000000000000, -1.000000000000000000 ) ) ;
#2810 = ORIENTED_EDGE ( 'NONE', *, *, #2952, .T. ) ;
#2811 = CARTESIAN_POINT ( 'NONE',  ( 3.160000000000000142, 1.000000000000000000, 3.000000000000000444 ) ) ;
#2812 = ORIENTED_EDGE ( 'NONE', *, *, #3265, .T. ) ;
#2813 = CARTESIAN_POINT ( 'NONE',  ( 4.799999999999999822, 1.749904079039318106, -0.01832250423811469797 ) ) ;
#2814 = DIRECTION ( 'NONE',  ( -0.000000000000000000, 0.000000000000000000, -1.000000000000000000 ) ) ;
#2815 = VECTOR ( 'NONE', #1212, 1000.000000000000000 ) ;
#2816 = CARTESIAN_POINT ( 'NONE',  ( 3.500000000000000000, -2.000000000001130207, -1.649999999998507327 ) ) ;
#2817 = CARTESIAN_POINT ( 'NONE',  ( 0.3912844257252321434, 3.382720489319147372, -1.899999999999999911 ) ) ;
#2818 = FACE_OUTER_BOUND ( 'NONE', #861, .T. ) ;
#2819 = VERTEX_POINT ( 'NONE', #2642 ) ;
#2820 = CIRCLE ( 'NONE', #1524, 0.2999999999999999334 ) ;
#2821 = EDGE_CURVE ( 'NONE', #939, #3954, #2375, .T. ) ;
#2822 =( NAMED_UNIT ( * ) SI_UNIT ( $, .STERADIAN. ) SOLID_ANGLE_UNIT ( ) );
#2823 = CARTESIAN_POINT ( 'NONE',  ( 3.500000000000769607, 1.750000000002302825, 1.649999999998507327 ) ) ;
#2824 = ORIENTED_EDGE ( 'NONE', *, *, #2880, .F. ) ;
#2825 = ADVANCED_FACE ( 'NONE', ( #1084 ), #3606, .T. ) ;
#2826 = DIRECTION ( 'NONE',  ( 1.000000000000000000, 0.000000000000000000, 0.000000000000000000 ) ) ;
#2827 = EDGE_CURVE ( 'NONE', #3448, #941, #1041, .T. ) ;
#2828 = ORIENTED_EDGE ( 'NONE', *, *, #2460, .F. ) ;
#2829 = LINE ( 'NONE', #3195, #3601 ) ;
#2830 = DIRECTION ( 'NONE',  ( 0.000000000000000000, -0.000000000000000000, -1.000000000000000000 ) ) ;
#2831 = CARTESIAN_POINT ( 'NONE',  ( 5.000000005580202078, -1.667065902236377628, 0.01745514078446575024 ) ) ;
#2832 = AXIS2_PLACEMENT_3D ( 'NONE', #167, #2063, #3293 ) ;
#2833 = CARTESIAN_POINT ( 'NONE',  ( 0.7500000000000000000, 3.000000000000000000, 1.899999999999999689 ) ) ;
#2834 = CARTESIAN_POINT ( 'NONE',  ( 3.160000000000000142, -3.000000000000000000, 0.000000000000000000 ) ) ;
#2835 = VERTEX_POINT ( 'NONE', #158 ) ;
#2836 = DIRECTION ( 'NONE',  ( 0.9961946980918119365, 0.08715574274689889822, 0.000000000000000000 ) ) ;
#2837 = EDGE_CURVE ( 'NONE', #1810, #2913, #836, .T. ) ;
#2838 = LINE ( 'NONE', #3458, #3223 ) ;
#2839 = VERTEX_POINT ( 'NONE', #3267 ) ;
#2840 = DIRECTION ( 'NONE',  ( -1.000000000000000000, 0.000000000000000000, 0.000000000000000000 ) ) ;
#2841 = FACE_OUTER_BOUND ( 'NONE', #2857, .T. ) ;
#2842 = ORIENTED_EDGE ( 'NONE', *, *, #546, .F. ) ;
#2843 = DIRECTION ( 'NONE',  ( -1.000000000000000000, -0.000000000000000000, -0.000000000000000000 ) ) ;
#2844 = LINE ( 'NONE', #2197, #2402 ) ;
#2845 = VECTOR ( 'NONE', #3564, 1000.000000000000000 ) ;
#2846 = VERTEX_POINT ( 'NONE', #2968 ) ;
#2847 = CARTESIAN_POINT ( 'NONE',  ( 3.449999999999999734, -1.649999999999999911, 2.000000000000000000 ) ) ;
#2848 = VECTOR ( 'NONE', #2416, 1000.000000000000000 ) ;
#2849 = DIRECTION ( 'NONE',  ( 0.000000000000000000, 0.000000000000000000, 1.000000000000000000 ) ) ;
#2850 = AXIS2_PLACEMENT_3D ( 'NONE', #3585, #2019, #2988 ) ;
#2851 = CARTESIAN_POINT ( 'NONE',  ( 0.000000000000000000, -3.482339959128999851, -2.600000000000000089 ) ) ;
#2852 = DIRECTION ( 'NONE',  ( -0.000000000000000000, -0.000000000000000000, 1.000000000000000000 ) ) ;
#2853 = EDGE_CURVE ( 'NONE', #1055, #3698, #3239, .T. ) ;
#2854 = CIRCLE ( 'NONE', #1239, 0.3499999999999999778 ) ;
#2855 = ORIENTED_EDGE ( 'NONE', *, *, #2012, .F. ) ;
#2856 = CARTESIAN_POINT ( 'NONE',  ( 3.500000000000769607, 1.650000000001620615, 1.649999999998507327 ) ) ;
#2857 = EDGE_LOOP ( 'NONE', ( #3735, #3355, #3080, #2325, #2938 ) ) ;
#2858 = CARTESIAN_POINT ( 'NONE',  ( 0.000000000000000000, -1.250000000000000000, -1.250000000000000000 ) ) ;
#2859 = CARTESIAN_POINT ( 'NONE',  ( 0.7543577871373724486, 3.049809734904795455, -2.600000000000000089 ) ) ;
#2860 = ORIENTED_EDGE ( 'NONE', *, *, #2020, .T. ) ;
#2861 = EDGE_CURVE ( 'NONE', #3628, #234, #3288, .T. ) ;
#2862 = DIRECTION ( 'NONE',  ( 0.000000000000000000, 0.000000000000000000, -1.000000000000000000 ) ) ;
#2863 = CARTESIAN_POINT ( 'NONE',  ( 3.449999999999999734, 2.799999999999999822, -1.000000000000000000 ) ) ;
#2864 = LINE ( 'NONE', #2176, #2766 ) ;
#2865 = EDGE_CURVE ( 'NONE', #1920, #3557, #858, .T. ) ;
#2866 = CARTESIAN_POINT ( 'NONE',  ( 0.000000000000000000, -4.500000000000000000, -1.899999999999999911 ) ) ;
#2867 = ORIENTED_EDGE ( 'NONE', *, *, #3297, .T. ) ;
#2868 = DIRECTION ( 'NONE',  ( -0.9961946980918119365, -0.08715574274689892598, 0.000000000000000000 ) ) ;
#2869 = VECTOR ( 'NONE', #140, 1000.000000000000000 ) ;
#2870 = ORIENTED_EDGE ( 'NONE', *, *, #3991, .F. ) ;
#2871 = CARTESIAN_POINT ( 'NONE',  ( 4.799999999999999822, 1.749904079039318328, -0.01832250423811470144 ) ) ;
#2872 = AXIS2_PLACEMENT_3D ( 'NONE', #129, #3197, #1679 ) ;
#2873 = DIRECTION ( 'NONE',  ( 0.000000000000000000, 0.000000000000000000, -1.000000000000000000 ) ) ;
#2874 = LINE ( 'NONE', #92, #2594 ) ;
#2875 = VERTEX_POINT ( 'NONE', #1796 ) ;
#2876 = AXIS2_PLACEMENT_3D ( 'NONE', #996, #2231, #378 ) ;
#2877 = MANIFOLD_SOLID_BREP ( '1', #3929 ) ;
#2878 = LINE ( 'NONE', #2208, #950 ) ;
#2879 = EDGE_LOOP ( 'NONE', ( #3688, #1001, #3658, #1131, #3354 ) ) ;
#2880 = EDGE_CURVE ( 'NONE', #3551, #3315, #709, .T. ) ;
#2881 =( NAMED_UNIT ( * ) PLANE_ANGLE_UNIT ( ) SI_UNIT ( $, .RADIAN. ) );
#2882 = ADVANCED_FACE ( 'NONE', ( #2419 ), #3650, .T. ) ;
#2883 = VECTOR ( 'NONE', #21, 1000.000000000000000 ) ;
#2884 = ORIENTED_EDGE ( 'NONE', *, *, #2963, .F. ) ;
#2885 = DIRECTION ( 'NONE',  ( -0.9961946980918119365, -0.08715574274689892598, 0.000000000000000000 ) ) ;
#2886 = DIRECTION ( 'NONE',  ( 0.000000000000000000, 0.000000000000000000, 1.000000000000000000 ) ) ;
#2887 = CARTESIAN_POINT ( 'NONE',  ( 0.4000000000000000222, -3.482339959128999851, -2.600000000000000089 ) ) ;
#2888 = ORIENTED_EDGE ( 'NONE', *, *, #995, .F. ) ;
#2889 = DIRECTION ( 'NONE',  ( 0.000000000000000000, 0.000000000000000000, -1.000000000000000000 ) ) ;
#2890 = EDGE_LOOP ( 'NONE', ( #3863, #2232, #1646, #3488 ) ) ;
#2891 = LINE ( 'NONE', #497, #2169 ) ;
#2892 = CARTESIAN_POINT ( 'NONE',  ( 5.000000005580202078, -1.701976183805309129, -3.316676663688288951 ) ) ;
#2893 = VECTOR ( 'NONE', #994, 1000.000000000000000 ) ;
#2894 = DIRECTION ( 'NONE',  ( -1.000000000000000000, 0.000000000000000000, 0.000000000000000000 ) ) ;
#2895 = EDGE_CURVE ( 'NONE', #1506, #1675, #630, .T. ) ;
#2896 = VERTEX_POINT ( 'NONE', #568 ) ;
#2897 = VECTOR ( 'NONE', #3880, 1000.000000000000000 ) ;
#2898 = VERTEX_POINT ( 'NONE', #1527 ) ;
#2899 = AXIS2_PLACEMENT_3D ( 'NONE', #402, #3790, #1381 ) ;
#2900 = CARTESIAN_POINT ( 'NONE',  ( 3.449999999999999734, 1.649999999999999911, -1.649999999999999911 ) ) ;
#2901 = STYLED_ITEM ( 'NONE', ( #2634 ), #2479 ) ;
#2902 = ADVANCED_FACE ( 'NONE', ( #2133 ), #1565, .F. ) ;
#2903 = FACE_OUTER_BOUND ( 'NONE', #28, .T. ) ;
#2904 = FACE_BOUND ( 'NONE', #2025, .T. ) ;
#2905 = VERTEX_POINT ( 'NONE', #3993 ) ;
#2906 = EDGE_CURVE ( 'NONE', #1209, #2905, #1507, .T. ) ;
#2907 = CARTESIAN_POINT ( 'NONE',  ( 3.449999999999999734, 3.000000000000000444, -1.000000000000000000 ) ) ;
#2908 = EDGE_CURVE ( 'NONE', #1916, #3120, #2801, .T. ) ;
#2909 = FACE_OUTER_BOUND ( 'NONE', #638, .T. ) ;
#2910 = DIRECTION ( 'NONE',  ( -0.000000000000000000, 0.000000000000000000, -1.000000000000000000 ) ) ;
#2911 = FACE_OUTER_BOUND ( 'NONE', #1822, .T. ) ;
#2912 = VERTEX_POINT ( 'NONE', #1855 ) ;
#2913 = VERTEX_POINT ( 'NONE', #1256 ) ;
#2914 = DIRECTION ( 'NONE',  ( 0.08715574274766391127, -0.9961946980917451011, 0.000000000000000000 ) ) ;
#2915 = FACE_OUTER_BOUND ( 'NONE', #3772, .T. ) ;
#2916 = FACE_OUTER_BOUND ( 'NONE', #938, .T. ) ;
#2917 = DIRECTION ( 'NONE',  ( -1.000000000000000000, 0.000000000000000000, 0.000000000000000000 ) ) ;
#2918 = AXIS2_PLACEMENT_3D ( 'NONE', #3602, #2394, #155 ) ;
#2919 = ORIENTED_EDGE ( 'NONE', *, *, #915, .F. ) ;
#2920 = ADVANCED_FACE ( 'NONE', ( #3089 ), #649, .T. ) ;
#2921 = ORIENTED_EDGE ( 'NONE', *, *, #96, .F. ) ;
#2922 = VECTOR ( 'NONE', #3346, 1000.000000000000000 ) ;
#2923 = CIRCLE ( 'NONE', #3559, 0.3500000000000000333 ) ;
#2924 = DIRECTION ( 'NONE',  ( 0.000000000000000000, 0.000000000000000000, -1.000000000000000000 ) ) ;
#2925 = ORIENTED_EDGE ( 'NONE', *, *, #3852, .F. ) ;
#2926 =( NAMED_UNIT ( * ) SI_UNIT ( $, .STERADIAN. ) SOLID_ANGLE_UNIT ( ) );
#2927 = LINE ( 'NONE', #3215, #2869 ) ;
#2928 = EDGE_CURVE ( 'NONE', #278, #3370, #113, .T. ) ;
#2929 = EDGE_CURVE ( 'NONE', #1431, #900, #3112, .T. ) ;
#2930 = LINE ( 'NONE', #3217, #2273 ) ;
#2931 = DIRECTION ( 'NONE',  ( -1.000000000000000000, 0.000000000000000000, 0.000000000000000000 ) ) ;
#2932 = VERTEX_POINT ( 'NONE', #2250 ) ;
#2933 = LINE ( 'NONE', #3550, #890 ) ;
#2934 = ORIENTED_EDGE ( 'NONE', *, *, #2077, .T. ) ;
#2935 = DIRECTION ( 'NONE',  ( 0.000000000000000000, 0.000000000000000000, -1.000000000000000000 ) ) ;
#2936 = DIRECTION ( 'NONE',  ( -0.000000000000000000, 0.000000000000000000, -1.000000000000000000 ) ) ;
#2937 = CYLINDRICAL_SURFACE ( 'NONE', #2401, 0.3499999999999999778 ) ;
#2938 = ORIENTED_EDGE ( 'NONE', *, *, #2418, .F. ) ;
#2939 = ORIENTED_EDGE ( 'NONE', *, *, #362, .F. ) ;
#2940 = CARTESIAN_POINT ( 'NONE',  ( 3.160000000000000142, 2.799999999999999822, 1.000000000000000000 ) ) ;
#2941 = VECTOR ( 'NONE', #1248, 1000.000000000000000 ) ;
#2942 = PLANE ( 'NONE',  #2964 ) ;
#2943 = EDGE_CURVE ( 'NONE', #791, #137, #2539, .T. ) ;
#2944 = DIRECTION ( 'NONE',  ( 0.000000000000000000, 0.000000000000000000, -1.000000000000000000 ) ) ;
#2945 = ORIENTED_EDGE ( 'NONE', *, *, #244, .F. ) ;
#2946 = CARTESIAN_POINT ( 'NONE',  ( 3.160000000000000142, 2.700000000000000178, -2.700000000000000178 ) ) ;
#2947 = AXIS2_PLACEMENT_3D ( 'NONE', #3996, #1187, #3074 ) ;
#2948 = CARTESIAN_POINT ( 'NONE',  ( 4.799999999999998934, -1.006747572833301740, 1.760637153373395325 ) ) ;
#2949 = LINE ( 'NONE', #776, #338 ) ;
#2950 = DIRECTION ( 'NONE',  ( -1.000000000000000000, -1.895379361788591985E-15, -1.642027209857247031E-15 ) ) ;
#2951 = CARTESIAN_POINT ( 'NONE',  ( 3.149999999999999911, -2.700000000000000178, -2.700000000000000178 ) ) ;
#2952 = EDGE_CURVE ( 'NONE', #2525, #1055, #2786, .T. ) ;
#2953 = DIRECTION ( 'NONE',  ( 1.000000000000000000, 0.000000000000000000, 1.734723475977103509E-15 ) ) ;
#2954 = CARTESIAN_POINT ( 'NONE',  ( 0.000000000000000000, 4.500000000000000000, 2.600000000000000089 ) ) ;
#2955 = ORIENTED_EDGE ( 'NONE', *, *, #1652, .T. ) ;
#2956 = DIRECTION ( 'NONE',  ( -1.000000000000000000, -0.000000000000000000, -0.000000000000000000 ) ) ;
#2957 = PLANE ( 'NONE',  #1064 ) ;
#2958 = CARTESIAN_POINT ( 'NONE',  ( 3.149999999999999911, 2.700000000000000178, 2.700000000000000178 ) ) ;
#2959 = FACE_OUTER_BOUND ( 'NONE', #1359, .T. ) ;
#2960 = ORIENTED_EDGE ( 'NONE', *, *, #2684, .T. ) ;
#2961 = ORIENTED_EDGE ( 'NONE', *, *, #285, .T. ) ;
#2962 = FACE_OUTER_BOUND ( 'NONE', #3821, .T. ) ;
#2963 = EDGE_CURVE ( 'NONE', #1922, #1675, #2727, .T. ) ;
#2964 = AXIS2_PLACEMENT_3D ( 'NONE', #730, #3502, #1342 ) ;
#2965 = UNCERTAINTY_MEASURE_WITH_UNIT (LENGTH_MEASURE( 1.000000000000000082E-05 ), #1092, 'distance_accuracy_value', 'NONE');
#2966 = ORIENTED_EDGE ( 'NONE', *, *, #4011, .T. ) ;
#2967 = VECTOR ( 'NONE', #1680, 1000.000000000000000 ) ;
#2968 = CARTESIAN_POINT ( 'NONE',  ( 3.500000000000000000, 2.000000000001130207, 1.649999999998507327 ) ) ;
#2969 = EDGE_CURVE ( 'NONE', #2577, #1117, #1172, .T. ) ;
#2970 = CARTESIAN_POINT ( 'NONE',  ( 3.750000000000687450, 1.749999859687000114, 1.649999999998507771 ) ) ;
#2971 = EDGE_CURVE ( 'NONE', #3233, #1714, #3162, .T. ) ;
#2972 = CYLINDRICAL_SURFACE ( 'NONE', #1385, 0.05000000000000002359 ) ;
#2973 = DIRECTION ( 'NONE',  ( -1.000000000000000000, 0.000000000000000000, -0.000000000000000000 ) ) ;
#2974 = ORIENTED_EDGE ( 'NONE', *, *, #1529, .T. ) ;
#2975 = CARTESIAN_POINT ( 'NONE',  ( 0.7500000000000000000, -3.000000000000000000, -1.899999999999999911 ) ) ;
#2976 = VERTEX_POINT ( 'NONE', #2858 ) ;
#2977 = CARTESIAN_POINT ( 'NONE',  ( 3.468645998181000056, -2.700000000000000178, 3.000000000000000000 ) ) ;
#2978 =( NAMED_UNIT ( * ) SI_UNIT ( $, .STERADIAN. ) SOLID_ANGLE_UNIT ( ) );
#2979 = DIRECTION ( 'NONE',  ( 0.000000000000000000, 0.000000000000000000, 1.000000000000000000 ) ) ;
#2980 = ORIENTED_EDGE ( 'NONE', *, *, #3810, .T. ) ;
#2981 = VERTEX_POINT ( 'NONE', #3788 ) ;
#2982 = ORIENTED_EDGE ( 'NONE', *, *, #3329, .T. ) ;
#2983 = ADVANCED_FACE ( 'NONE', ( #3480 ), #3208, .T. ) ;
#2984 = FACE_OUTER_BOUND ( 'NONE', #1040, .T. ) ;
#2985 = VECTOR ( 'NONE', #3661, 1000.000000000000000 ) ;
#2986 = ORIENTED_EDGE ( 'NONE', *, *, #2363, .T. ) ;
#2987 = VECTOR ( 'NONE', #2157, 1000.000000000000227 ) ;
#2988 = DIRECTION ( 'NONE',  ( 0.000000000000000000, -0.000000000000000000, 1.000000000000000000 ) ) ;
#2989 = VECTOR ( 'NONE', #1653, 1000.000000000000000 ) ;
#2990 = SURFACE_SIDE_STYLE ('',( #1508 ) ) ;
#2991 = CARTESIAN_POINT ( 'NONE',  ( 3.468645998181000056, 2.700000000000000178, 2.700000000000000178 ) ) ;
#2992 = VERTEX_POINT ( 'NONE', #339 ) ;
#2993 = FILL_AREA_STYLE ('',( #516 ) ) ;
#2995 = EDGE_CURVE ( 'NONE', #1982, #2839, #1953, .T. ) ;
#2994 = LINE ( 'NONE', #1741, #927 ) ;
#2996 = PLANE ( 'NONE',  #3935 ) ;
#2997 = CARTESIAN_POINT ( 'NONE',  ( 3.149999999999999911, -3.000000000000000000, 2.700000000000000178 ) ) ;
#2998 = VECTOR ( 'NONE', #3988, 1000.000000000000000 ) ;
#2999 = ORIENTED_EDGE ( 'NONE', *, *, #614, .T. ) ;
#3000 = ORIENTED_EDGE ( 'NONE', *, *, #1096, .T. ) ;
#3001 = EDGE_LOOP ( 'NONE', ( #3000, #1641, #3990, #3737, #910 ) ) ;
#3002 = FACE_OUTER_BOUND ( 'NONE', #3657, .T. ) ;
#3003 = EDGE_CURVE ( 'NONE', #379, #46, #3746, .T. ) ;
#3004 = VERTEX_POINT ( 'NONE', #3831 ) ;
#3005 = VECTOR ( 'NONE', #1037, 1000.000000000000000 ) ;
#3006 = DIRECTION ( 'NONE',  ( 0.000000000000000000, 0.000000000000000000, -1.000000000000000000 ) ) ;
#3007 = EDGE_CURVE ( 'NONE', #2053, #3135, #3046, .T. ) ;
#3008 = AXIS2_PLACEMENT_3D ( 'NONE', #1154, #2737, #2092 ) ;
#3009 = CARTESIAN_POINT ( 'NONE',  ( 4.999999999999999112, 0.01622850341758071135, 1.549915031911822449 ) ) ;
#3010 = CARTESIAN_POINT ( 'NONE',  ( 3.500000000000769607, 1.550000000000938405, 1.649999999998507327 ) ) ;
#3011 = EDGE_CURVE ( 'NONE', #2976, #2653, #2269, .T. ) ;
#3012 = AXIS2_PLACEMENT_3D ( 'NONE', #3055, #3673, #1530 ) ;
#3013 = DIRECTION ( 'NONE',  ( 0.000000000000000000, 0.000000000000000000, -1.000000000000000000 ) ) ;
#3014 = ORIENTED_EDGE ( 'NONE', *, *, #771, .T. ) ;
#3015 = DIRECTION ( 'NONE',  ( 1.000000000000000000, 0.000000000000000000, -0.000000000000000000 ) ) ;
#3016 = ORIENTED_EDGE ( 'NONE', *, *, #3911, .T. ) ;
#3017 = DIRECTION ( 'NONE',  ( -0.000000000000000000, 1.000000000000000000, 0.000000000000000000 ) ) ;
#3018 = CARTESIAN_POINT ( 'NONE',  ( 0.2999999999999999889, 4.500000000000000000, 2.600000000000000089 ) ) ;
#3019 = ADVANCED_FACE ( 'NONE', ( #3442 ), #2210, .T. ) ;
#3020 = EDGE_LOOP ( 'NONE', ( #612, #1738, #1144, #3696, #3461 ) ) ;
#3021 = VERTEX_POINT ( 'NONE', #3625 ) ;
#3022 = VERTEX_POINT ( 'NONE', #2054 ) ;
#3023 = CARTESIAN_POINT ( 'NONE',  ( 3.468645998181000056, 2.700000000000000178, -3.000000000000000000 ) ) ;
#3024 = FACE_BOUND ( 'NONE', #3038, .T. ) ;
#3025 = LINE ( 'NONE', #889, #2200 ) ;
#3026 = ADVANCED_FACE ( 'NONE', ( #2984 ), #3560, .T. ) ;
#3027 = ORIENTED_EDGE ( 'NONE', *, *, #3250, .F. ) ;
#3028 = VECTOR ( 'NONE', #1835, 1000.000000000000000 ) ;
#3029 = CYLINDRICAL_SURFACE ( 'NONE', #1106, 0.4000000000000000222 ) ;
#3030 = EDGE_CURVE ( 'NONE', #3235, #3593, #1382, .T. ) ;
#3031 = AXIS2_PLACEMENT_3D ( 'NONE', #184, #3809, #2518 ) ;
#3032 = AXIS2_PLACEMENT_3D ( 'NONE', #2204, #1578, #3475 ) ;
#3033 = EDGE_CURVE ( 'NONE', #1746, #3557, #1081, .T. ) ;
#3034 = DIRECTION ( 'NONE',  ( -1.000000000000000000, 0.000000000000000000, 0.000000000000000000 ) ) ;
#3035 = PLANE ( 'NONE',  #2661 ) ;
#3036 = EDGE_LOOP ( 'NONE', ( #2366, #554, #883, #2436, #990, #2333, #902, #3579, #2647, #3184 ) ) ;
#3037 = ORIENTED_EDGE ( 'NONE', *, *, #1629, .F. ) ;
#3038 = EDGE_LOOP ( 'NONE', ( #810, #3439 ) ) ;
#3039 = DIRECTION ( 'NONE',  ( 0.000000000000000000, 0.000000000000000000, 1.000000000000000000 ) ) ;
#3040 = PLANE ( 'NONE',  #3845 ) ;
#3041 = CARTESIAN_POINT ( 'NONE',  ( 3.449999999999999734, 3.000000000000000000, 1.000000000000000000 ) ) ;
#3042 = EDGE_CURVE ( 'NONE', #1759, #299, #1771, .T. ) ;
#3043 = CARTESIAN_POINT ( 'NONE',  ( 0.000000000000000000, 2.700000000000000178, 3.000000000000000000 ) ) ;
#3044 = ORIENTED_EDGE ( 'NONE', *, *, #813, .T. ) ;
#3045 = DIRECTION ( 'NONE',  ( -1.000000000000000000, 0.000000000000000000, -0.000000000000000000 ) ) ;
#3046 = CIRCLE ( 'NONE', #1295, 0.05000000000000002359 ) ;
#3047 = AXIS2_PLACEMENT_3D ( 'NONE', #1097, #177, #258 ) ;
#3048 = DIRECTION ( 'NONE',  ( 0.000000000000000000, -0.000000000000000000, -1.000000000000000000 ) ) ;
#3049 = LINE ( 'NONE', #3632, #3381 ) ;
#3050 = MECHANICAL_DESIGN_GEOMETRIC_PRESENTATION_REPRESENTATION (  '', ( #1871 ), #3176 ) ;
#3051 = AXIS2_PLACEMENT_3D ( 'NONE', #1721, #1533, #1787 ) ;
#3052 = DIRECTION ( 'NONE',  ( 0.000000000000000000, 0.000000000000000000, 1.000000000000000000 ) ) ;
#3053 = AXIS2_PLACEMENT_3D ( 'NONE', #896, #3311, #3976 ) ;
#3054 = FACE_OUTER_BOUND ( 'NONE', #3280, .T. ) ;
#3055 = CARTESIAN_POINT ( 'NONE',  ( 3.149999999999999911, -2.700000000000000178, -2.700000000000000178 ) ) ;
#3056 = CARTESIAN_POINT ( 'NONE',  ( 3.500000000000000000, -1.649999999999999911, 2.000000000000000000 ) ) ;
#3057 = CARTESIAN_POINT ( 'NONE',  ( 3.449999999999999734, -3.000000000000000000, 3.000000000000000000 ) ) ;
#3058 = ADVANCED_FACE ( 'NONE', ( #1118 ), #3304, .T. ) ;
#3059 = ORIENTED_EDGE ( 'NONE', *, *, #1698, .F. ) ;
#3060 = ORIENTED_EDGE ( 'NONE', *, *, #209, .T. ) ;
#3061 = EDGE_LOOP ( 'NONE', ( #3322, #2180, #3420, #1950 ) ) ;
#3062 = CARTESIAN_POINT ( 'NONE',  ( 0.000000000000000000, 1.250000000000000000, 3.000000000000000000 ) ) ;
#3063 = CARTESIAN_POINT ( 'NONE',  ( 0.000000000000000000, 1.250000000000000000, -1.250000000000000000 ) ) ;
#3064 = CARTESIAN_POINT ( 'NONE',  ( 3.449999999999999734, 3.000000000000000000, -3.000000000000000000 ) ) ;
#3065 = DIRECTION ( 'NONE',  ( 1.000000000000000000, 0.000000000000000000, -1.734723475977103509E-15 ) ) ;
#3066 = ORIENTED_EDGE ( 'NONE', *, *, #3206, .T. ) ;
#3067 = VERTEX_POINT ( 'NONE', #3246 ) ;
#3068 = DIRECTION ( 'NONE',  ( 0.000000000000000000, 0.000000000000000000, -1.000000000000000000 ) ) ;
#3069 = DIRECTION ( 'NONE',  ( 0.000000000000000000, 1.000000000000000000, 0.000000000000000000 ) ) ;
#3070 = VECTOR ( 'NONE', #1697, 1000.000000000000000 ) ;
#3071 = DIRECTION ( 'NONE',  ( -1.000000000000000000, -0.000000000000000000, -0.000000000000000000 ) ) ;
#3072 = VECTOR ( 'NONE', #1309, 1000.000000000000000 ) ;
#3073 = DIRECTION ( 'NONE',  ( 1.000000000000000000, 0.000000000000000000, 0.000000000000000000 ) ) ;
#3074 = DIRECTION ( 'NONE',  ( -1.000000000000000000, 0.000000000000000000, 0.000000000000000000 ) ) ;
#3075 = CARTESIAN_POINT ( 'NONE',  ( 3.449999999999999734, -1.649999999999999911, -1.649999999999999911 ) ) ;
#3076 = EDGE_CURVE ( 'NONE', #3597, #1854, #528, .T. ) ;
#3077 = VECTOR ( 'NONE', #1241, 1000.000000000000000 ) ;
#3078 = ORIENTED_EDGE ( 'NONE', *, *, #1139, .F. ) ;
#3079 = ORIENTED_EDGE ( 'NONE', *, *, #70, .F. ) ;
#3080 = ORIENTED_EDGE ( 'NONE', *, *, #704, .T. ) ;
#3081 = LINE ( 'NONE', #293, #1255 ) ;
#3082 = PLANE ( 'NONE',  #1195 ) ;
#3083 = EDGE_CURVE ( 'NONE', #1895, #2070, #1170, .T. ) ;
#3084 = CARTESIAN_POINT ( 'NONE',  ( 0.2999999999999999889, 3.482339959128999851, 2.600000000000000089 ) ) ;
#3085 = EDGE_CURVE ( 'NONE', #576, #3543, #1038, .T. ) ;
#3086 = CARTESIAN_POINT ( 'NONE',  ( 0.7543577871373999821, 3.049809734904999736, -1.899999999999999911 ) ) ;
#3087 = VERTEX_POINT ( 'NONE', #3851 ) ;
#3088 = ADVANCED_FACE ( 'NONE', ( #3002 ), #198, .T. ) ;
#3089 = FACE_OUTER_BOUND ( 'NONE', #1722, .T. ) ;
#3090 = AXIS2_PLACEMENT_3D ( 'NONE', #1884, #3489, #2589 ) ;
#3091 = VECTOR ( 'NONE', #592, 1000.000000000000000 ) ;
#3092 = EDGE_CURVE ( 'NONE', #701, #15, #1702, .T. ) ;
#3093 = VECTOR ( 'NONE', #3763, 1000.000000000000000 ) ;
#3094 = CARTESIAN_POINT ( 'NONE',  ( 0.000000000000000000, 3.482339959128999851, -1.899999999999999911 ) ) ;
#3095 = DIRECTION ( 'NONE',  ( -0.000000000000000000, 0.000000000000000000, -1.000000000000000000 ) ) ;
#3096 = CIRCLE ( 'NONE', #175, 1.750000000000000000 ) ;
#3097 = DIRECTION ( 'NONE',  ( -0.000000000000000000, 0.000000000000000000, 1.000000000000000000 ) ) ;
#3098 = ORIENTED_EDGE ( 'NONE', *, *, #2569, .F. ) ;
#3099 = ORIENTED_EDGE ( 'NONE', *, *, #3228, .F. ) ;
#3100 = ORIENTED_EDGE ( 'NONE', *, *, #2235, .T. ) ;
#3101 = CARTESIAN_POINT ( 'NONE',  ( 3.160000000000000142, 2.799999999999999822, -1.000000000000000000 ) ) ;
#3102 = CARTESIAN_POINT ( 'NONE',  ( 0.2999999999999999889, 0.000000000000000000, -3.000000000000000000 ) ) ;
#3103 = FACE_OUTER_BOUND ( 'NONE', #1153, .T. ) ;
#3104 = DIRECTION ( 'NONE',  ( 0.000000000000000000, 0.000000000000000000, 1.000000000000000000 ) ) ;
#3105 = DIRECTION ( 'NONE',  ( 0.000000000000000000, 0.000000000000000000, -1.000000000000000000 ) ) ;
#3106 = ORIENTED_EDGE ( 'NONE', *, *, #3789, .F. ) ;
#3107 = ORIENTED_EDGE ( 'NONE', *, *, #3216, .T. ) ;
#3108 = EDGE_CURVE ( 'NONE', #3684, #1553, #1952, .T. ) ;
#3109 = DIRECTION ( 'NONE',  ( -1.000000000000000000, 0.000000000000000000, -0.000000000000000000 ) ) ;
#3110 = EDGE_LOOP ( 'NONE', ( #2294, #2126, #2660, #2568 ) ) ;
#3111 = VECTOR ( 'NONE', #2205, 1000.000000000000000 ) ;
#3112 = CIRCLE ( 'NONE', #4010, 0.3500000000000000333 ) ;
#3113 = CARTESIAN_POINT ( 'NONE',  ( 4.999999999999999112, 0.01622850341758071135, 1.549915031911822449 ) ) ;
#3114 = CARTESIAN_POINT ( 'NONE',  ( 3.500000000000000000, -1.649999999999999911, 1.649999999999999911 ) ) ;
#3115 = VECTOR ( 'NONE', #2159, 1000.000000000000000 ) ;
#3116 = CIRCLE ( 'NONE', #590, 0.4000000000000000222 ) ;
#3117 = CARTESIAN_POINT ( 'NONE',  ( 5.000000000000000000, 0.000000000000000000, 0.000000000000000000 ) ) ;
#3118 = VERTEX_POINT ( 'NONE', #3264 ) ;
#3119 = DIRECTION ( 'NONE',  ( 0.000000000000000000, 0.000000000000000000, 1.000000000000000000 ) ) ;
#3120 = VERTEX_POINT ( 'NONE', #2940 ) ;
#3121 = DIRECTION ( 'NONE',  ( 0.000000000000000000, 0.000000000000000000, -1.000000000000000000 ) ) ;
#3122 = DIRECTION ( 'NONE',  ( 1.000000000000000000, 0.000000000000000000, 0.000000000000000000 ) ) ;
#3123 = DIRECTION ( 'NONE',  ( -1.000000000000000000, 0.000000000000000000, 0.000000000000000000 ) ) ;
#3124 = CARTESIAN_POINT ( 'NONE',  ( 4.999999999999999112, -1.549916517261535454, 0.01622851814770996659 ) ) ;
#3125 = CARTESIAN_POINT ( 'NONE',  ( 3.160000000000000142, -1.000000000000000000, 0.000000000000000000 ) ) ;
#3126 = ORIENTED_EDGE ( 'NONE', *, *, #3380, .T. ) ;
#3127 = DIRECTION ( 'NONE',  ( 0.000000000000000000, 0.000000000000000000, -1.000000000000000000 ) ) ;
#3128 = EDGE_CURVE ( 'NONE', #3118, #3298, #1042, .T. ) ;
#3129 = ADVANCED_FACE ( 'NONE', ( #2962 ), #2371, .F. ) ;
#3130 = COLOUR_RGB ( '',0.1098039215686274495, 0.1098039215686274495, 0.1098039215686274495 ) ;
#3131 = DIRECTION ( 'NONE',  ( -0.000000000000000000, -0.000000000000000000, 1.000000000000000000 ) ) ;
#3132 = ADVANCED_FACE ( 'NONE', ( #2639 ), #2700, .F. ) ;
#3133 = AXIS2_PLACEMENT_3D ( 'NONE', #3923, #2935, #804 ) ;
#3134 = DIRECTION ( 'NONE',  ( 0.9961946980918119365, 0.08715574274689892598, 0.000000000000000000 ) ) ;
#3135 = VERTEX_POINT ( 'NONE', #2331 ) ;
#3136 = DIRECTION ( 'NONE',  ( 1.000000000000000000, 0.000000000000000000, 0.000000000000000000 ) ) ;
#3137 = ORIENTED_EDGE ( 'NONE', *, *, #1968, .T. ) ;
#3138 = DIRECTION ( 'NONE',  ( -0.000000000000000000, -0.000000000000000000, 1.000000000000000000 ) ) ;
#3139 = DIRECTION ( 'NONE',  ( -1.000000000000000000, 0.000000000000000000, 0.000000000000000000 ) ) ;
#3140 = CARTESIAN_POINT ( 'NONE',  ( 0.8000000000000000444, 3.000000000000000000, -2.600000000000000089 ) ) ;
#3141 = CARTESIAN_POINT ( 'NONE',  ( 0.000000000000000000, 1.250000000000000000, 1.250000000000000000 ) ) ;
#3142 = ORIENTED_EDGE ( 'NONE', *, *, #3329, .F. ) ;
#3143 = DIRECTION ( 'NONE',  ( -1.000000000000000000, -0.000000000000000000, 0.000000000000000000 ) ) ;
#3144 = ORIENTED_EDGE ( 'NONE', *, *, #1845, .T. ) ;
#3145 = CARTESIAN_POINT ( 'NONE',  ( 0.000000000000000000, -3.000000000000000000, 3.000000000000000000 ) ) ;
#3146 = ADVANCED_FACE ( 'NONE', ( #135 ), #3871, .F. ) ;
#3147 = LINE ( 'NONE', #3713, #3691 ) ;
#3148 = AXIS2_PLACEMENT_3D ( 'NONE', #1912, #1737, #683 ) ;
#3149 = AXIS2_PLACEMENT_3D ( 'NONE', #2084, #3193, #2931 ) ;
#3150 = ORIENTED_EDGE ( 'NONE', *, *, #1317, .F. ) ;
#3151 = PLANE ( 'NONE',  #3090 ) ;
#3152 = VERTEX_POINT ( 'NONE', #544 ) ;
#3153 = CARTESIAN_POINT ( 'NONE',  ( 0.000000000000000000, 3.000000000000000000, -2.700000000000000178 ) ) ;
#3154 = AXIS2_PLACEMENT_3D ( 'NONE', #3436, #3474, #3139 ) ;
#3155 = DIRECTION ( 'NONE',  ( 1.000000000000000000, 0.000000000000000000, 0.000000000000000000 ) ) ;
#3156 = DIRECTION ( 'NONE',  ( -1.895379361788590407E-15, 1.000000000000000000, 9.569685851224967835E-31 ) ) ;
#3157 = DIRECTION ( 'NONE',  ( 0.000000000000000000, 0.000000000000000000, 1.000000000000000000 ) ) ;
#3158 = ORIENTED_EDGE ( 'NONE', *, *, #365, .T. ) ;
#3159 = CARTESIAN_POINT ( 'NONE',  ( 0.4000000000000000222, -3.482339959128999851, 2.600000000000000089 ) ) ;
#3160 = ORIENTED_EDGE ( 'NONE', *, *, #1259, .T. ) ;
#3161 = ADVANCED_FACE ( 'NONE', ( #1808 ), #275, .F. ) ;
#3162 = LINE ( 'NONE', #3812, #971 ) ;
#3163 = ORIENTED_EDGE ( 'NONE', *, *, #693, .T. ) ;
#3164 = CARTESIAN_POINT ( 'NONE',  ( 3.149999999999999911, -3.000000000000000000, 3.000000000000000000 ) ) ;
#3165 = CARTESIAN_POINT ( 'NONE',  ( 5.000000005580202078, 1.677290887011257503, 0.9590894554610874811 ) ) ;
#3166 = CARTESIAN_POINT ( 'NONE',  ( 0.000000000000000000, 4.500000000000000000, -2.600000000000000089 ) ) ;
#3167 = CYLINDRICAL_SURFACE ( 'NONE', #2206, 1.750000000000000000 ) ;
#3168 = PRESENTATION_LAYER_ASSIGNMENT (  '', '', ( #1813 ) ) ;
#3169 = ORIENTED_EDGE ( 'NONE', *, *, #3092, .F. ) ;
#3170 = EDGE_CURVE ( 'NONE', #701, #1553, #1503, .T. ) ;
#3171 = DIRECTION ( 'NONE',  ( -1.000000000000000000, -0.000000000000000000, -0.000000000000000000 ) ) ;
#3172 = VECTOR ( 'NONE', #1235, 1000.000000000000000 ) ;
#3173 = EDGE_LOOP ( 'NONE', ( #884, #3100, #3537, #1011 ) ) ;
#3174 = CYLINDRICAL_SURFACE ( 'NONE', #2357, 0.09999999999999999167 ) ;
#3175 = CARTESIAN_POINT ( 'NONE',  ( 0.000000000000000000, 1.250000000000000000, 1.250000000000000000 ) ) ;
#3176 =( GEOMETRIC_REPRESENTATION_CONTEXT ( 3 ) GLOBAL_UNCERTAINTY_ASSIGNED_CONTEXT ( ( #1995 ) ) GLOBAL_UNIT_ASSIGNED_CONTEXT ( ( #1817, #1455, #2121 ) ) REPRESENTATION_CONTEXT ( 'NONE', 'WORKASPACE' ) );
#3177 = DIRECTION ( 'NONE',  ( -1.000000000000000000, 0.000000000000000000, 0.000000000000000000 ) ) ;
#3178 = ADVANCED_FACE ( 'NONE', ( #1180 ), #2777, .F. ) ;
#3179 = EDGE_CURVE ( 'NONE', #1266, #2992, #3951, .T. ) ;
#3180 = DIRECTION ( 'NONE',  ( -0.000000000000000000, 1.000000000000000000, 0.000000000000000000 ) ) ;
#3181 = VECTOR ( 'NONE', #408, 1000.000000000000000 ) ;
#3182 = ORIENTED_EDGE ( 'NONE', *, *, #440, .T. ) ;
#3183 = CARTESIAN_POINT ( 'NONE',  ( 3.149999999999999911, 2.700000000000000178, 2.700000000000000178 ) ) ;
#3184 = ORIENTED_EDGE ( 'NONE', *, *, #3690, .T. ) ;
#3185 = DIRECTION ( 'NONE',  ( -0.000000000000000000, -1.000000000000000000, -0.000000000000000000 ) ) ;
#3186 = DIRECTION ( 'NONE',  ( -1.000000000000000000, -1.895379361788591985E-15, -1.642027209857247031E-15 ) ) ;
#3187 = EDGE_LOOP ( 'NONE', ( #1525, #3503, #2244, #144 ) ) ;
#3188 = VECTOR ( 'NONE', #3417, 1000.000000000000000 ) ;
#3189 = LINE ( 'NONE', #470, #499 ) ;
#3190 = CARTESIAN_POINT ( 'NONE',  ( 3.449999999999999734, -1.649999999999999911, -1.649999999999999911 ) ) ;
#3191 = EDGE_CURVE ( 'NONE', #3087, #542, #3986, .T. ) ;
#3192 = CARTESIAN_POINT ( 'NONE',  ( 3.500000000000000000, -1.649999999999999911, 1.300000000000000044 ) ) ;
#3193 = DIRECTION ( 'NONE',  ( 0.000000000000000000, 0.000000000000000000, -1.000000000000000000 ) ) ;
#3194 = ORIENTED_EDGE ( 'NONE', *, *, #3643, .F. ) ;
#3195 = CARTESIAN_POINT ( 'NONE',  ( 0.2999999999999999889, 4.500000000000000000, -2.600000000000000089 ) ) ;
#3196 = ORIENTED_EDGE ( 'NONE', *, *, #3403, .F. ) ;
#3197 = DIRECTION ( 'NONE',  ( 0.000000000000000000, 0.000000000000000000, -1.000000000000000000 ) ) ;
#3198 = CIRCLE ( 'NONE', #2620, 0.2999999999999999334 ) ;
#3199 = EDGE_CURVE ( 'NONE', #134, #3483, #2527, .T. ) ;
#3200 = DIRECTION ( 'NONE',  ( -1.000000000000000000, 0.000000000000000000, -0.000000000000000000 ) ) ;
#3201 = CARTESIAN_POINT ( 'NONE',  ( 3.449999999999999734, 1.000000000000000000, -2.799999999999999822 ) ) ;
#3202 = EDGE_LOOP ( 'NONE', ( #330, #2618, #3498, #2925, #1956 ) ) ;
#3203 = CIRCLE ( 'NONE', #1454, 0.3500000000000000333 ) ;
#3204 = DIRECTION ( 'NONE',  ( 0.000000000000000000, 0.000000000000000000, -1.000000000000000000 ) ) ;
#3205 = EDGE_LOOP ( 'NONE', ( #4001, #2201, #3888, #1445 ) ) ;
#3206 = EDGE_CURVE ( 'NONE', #3067, #2736, #1250, .T. ) ;
#3207 = ADVANCED_FACE ( 'NONE', ( #1561 ), #1494, .T. ) ;
#3208 = PLANE ( 'NONE',  #3749 ) ;
#3209 = AXIS2_PLACEMENT_3D ( 'NONE', #3882, #1739, #186 ) ;
#3210 = UNCERTAINTY_MEASURE_WITH_UNIT (LENGTH_MEASURE( 1.000000000000000082E-05 ), #3944, 'distance_accuracy_value', 'NONE');
#3211 = DIRECTION ( 'NONE',  ( 0.000000000000000000, 0.000000000000000000, 1.000000000000000000 ) ) ;
#3212 = ORIENTED_EDGE ( 'NONE', *, *, #1906, .F. ) ;
#3213 = LINE ( 'NONE', #1063, #61 ) ;
#3214 = CARTESIAN_POINT ( 'NONE',  ( 5.000000005580202078, 0.9939997368383697296, 1.656840917648072731 ) ) ;
#3215 = CARTESIAN_POINT ( 'NONE',  ( 3.449999999999999734, -2.799999999999999822, -1.000000000000000000 ) ) ;
#3216 = EDGE_CURVE ( 'NONE', #3971, #1088, #1522, .T. ) ;
#3217 = CARTESIAN_POINT ( 'NONE',  ( 0.7805045099617000659, 3.348668144331999663, 1.899999999999999911 ) ) ;
#3218 = ORIENTED_EDGE ( 'NONE', *, *, #2671, .T. ) ;
#3219 = FACE_OUTER_BOUND ( 'NONE', #3173, .T. ) ;
#3220 = CARTESIAN_POINT ( 'NONE',  ( 4.917157291949884268, -1.749904079039318328, 0.01832250423811448634 ) ) ;
#3221 = DIRECTION ( 'NONE',  ( 0.000000000000000000, 0.000000000000000000, -1.000000000000000000 ) ) ;
#3222 = ORIENTED_EDGE ( 'NONE', *, *, #1291, .F. ) ;
#3223 = VECTOR ( 'NONE', #2246, 1000.000000000000000 ) ;
#3224 = ORIENTED_EDGE ( 'NONE', *, *, #157, .T. ) ;
#3225 = AXIS2_PLACEMENT_3D ( 'NONE', #31, #334, #2532 ) ;
#3226 = DIRECTION ( 'NONE',  ( 0.000000000000000000, 0.000000000000000000, -1.000000000000000000 ) ) ;
#3227 = CARTESIAN_POINT ( 'NONE',  ( 0.2999999999999999889, -4.500000000000000000, -1.899999999999999911 ) ) ;
#3228 = EDGE_CURVE ( 'NONE', #2053, #1380, #3025, .T. ) ;
#3229 = ORIENTED_EDGE ( 'NONE', *, *, #2060, .T. ) ;
#3230 = CARTESIAN_POINT ( 'NONE',  ( 0.3912844257252000024, 3.382720489318999935, -1.899999999999999911 ) ) ;
#3231 = PLANE ( 'NONE',  #3327 ) ;
#3232 = DIRECTION ( 'NONE',  ( -0.000000000000000000, -0.000000000000000000, 1.000000000000000000 ) ) ;
#3233 = VERTEX_POINT ( 'NONE', #1829 ) ;
#3234 = CARTESIAN_POINT ( 'NONE',  ( 3.500000000000769607, 1.550000000000938627, -1.650000000001492273 ) ) ;
#3235 = VERTEX_POINT ( 'NONE', #3084 ) ;
#3236 = PLANE ( 'NONE',  #991 ) ;
#3237 = DIRECTION ( 'NONE',  ( -1.000000000000000000, 0.000000000000000000, 0.000000000000000000 ) ) ;
#3238 = CARTESIAN_POINT ( 'NONE',  ( 3.149999999999999911, 3.000000000000000000, -3.000000000000000000 ) ) ;
#3239 = CIRCLE ( 'NONE', #1103, 0.3500000000000000333 ) ;
#3240 = CARTESIAN_POINT ( 'NONE',  ( 3.149999999999999911, 3.000000000000000000, -2.700000000000000178 ) ) ;
#3241 = AXIS2_PLACEMENT_3D ( 'NONE', #50, #1334, #3476 ) ;
#3242 = ORIENTED_EDGE ( 'NONE', *, *, #537, .T. ) ;
#3243 = ORIENTED_EDGE ( 'NONE', *, *, #3297, .F. ) ;
#3244 = AXIS2_PLACEMENT_3D ( 'NONE', #1786, #2694, #3979 ) ;
#3245 = AXIS2_PLACEMENT_3D ( 'NONE', #1699, #152, #191 ) ;
#3246 = CARTESIAN_POINT ( 'NONE',  ( 3.449999999999999734, 1.000000000000000000, -2.799999999999999822 ) ) ;
#3247 = TOROIDAL_SURFACE ( 'NONE', #2795, 0.1000000000006821682, 0.2499999999999570621 ) ;
#3248 = ORIENTED_EDGE ( 'NONE', *, *, #2636, .T. ) ;
#3249 = SURFACE_STYLE_FILL_AREA ( #774 ) ;
#3250 = EDGE_CURVE ( 'NONE', #1611, #1759, #3721, .T. ) ;
#3251 = DIRECTION ( 'NONE',  ( 0.000000000000000000, 0.000000000000000000, 1.000000000000000000 ) ) ;
#3252 = PRODUCT_DEFINITION ( 'UNKNOWN', '', #913, #2680 ) ;
#3253 = CARTESIAN_POINT ( 'NONE',  ( 3.449999999999999734, -1.000000000000000000, -2.799999999999999822 ) ) ;
#3254 = DIRECTION ( 'NONE',  ( -1.000000000000000000, -1.895379361788590407E-15, -1.642027209857244467E-15 ) ) ;
#3255 = ORIENTED_EDGE ( 'NONE', *, *, #2853, .F. ) ;
#3256 = ORIENTED_EDGE ( 'NONE', *, *, #1317, .T. ) ;
#3257 = CARTESIAN_POINT ( 'NONE',  ( 0.000000000000000000, -1.250000000000000000, -3.000000000000000000 ) ) ;
#3258 = DIRECTION ( 'NONE',  ( -1.000000000000000000, 0.000000000000000000, 0.000000000000000000 ) ) ;
#3259 = ADVANCED_FACE ( 'NONE', ( #2456 ), #3682, .F. ) ;
#3260 = CARTESIAN_POINT ( 'NONE',  ( 3.160000000000000142, -3.000000000000000444, -1.000000000000000000 ) ) ;
#3261 = VECTOR ( 'NONE', #2362, 1000.000000000000000 ) ;
#3262 = ORIENTED_EDGE ( 'NONE', *, *, #1991, .F. ) ;
#3263 = ORIENTED_EDGE ( 'NONE', *, *, #2186, .F. ) ;
#3264 = CARTESIAN_POINT ( 'NONE',  ( 0.7543577871373724486, 3.049809734904795455, 1.899999999999999689 ) ) ;
#3265 = EDGE_CURVE ( 'NONE', #3678, #1810, #1850, .T. ) ;
#3266 = ORIENTED_EDGE ( 'NONE', *, *, #722, .T. ) ;
#3267 = CARTESIAN_POINT ( 'NONE',  ( 0.3912844257252321434, 3.382720489319147372, 2.600000000000000089 ) ) ;
#3268 = AXIS2_PLACEMENT_3D ( 'NONE', #3653, #1760, #1781 ) ;
#3269 = FACE_OUTER_BOUND ( 'NONE', #608, .T. ) ;
#3270 = DIRECTION ( 'NONE',  ( -0.000000000000000000, -0.000000000000000000, -1.000000000000000000 ) ) ;
#3271 = LINE ( 'NONE', #738, #2730 ) ;
#3272 = LINE ( 'NONE', #3862, #1018 ) ;
#3273 = CARTESIAN_POINT ( 'NONE',  ( 3.449999999999999734, -1.000000000000000000, 2.799999999999999822 ) ) ;
#3274 = ORIENTED_EDGE ( 'NONE', *, *, #857, .T. ) ;
#3275 = EDGE_CURVE ( 'NONE', #1611, #3551, #239, .T. ) ;
#3276 = DIRECTION ( 'NONE',  ( -1.000000000000000000, 0.000000000000000000, 0.000000000000000000 ) ) ;
#3277 = CARTESIAN_POINT ( 'NONE',  ( 0.4000000000000000222, -3.482339959128999851, 1.899999999999999689 ) ) ;
#3278 = ORIENTED_EDGE ( 'NONE', *, *, #3516, .F. ) ;
#3279 = EDGE_LOOP ( 'NONE', ( #1373, #174, #2675, #3410 ) ) ;
#3280 = EDGE_LOOP ( 'NONE', ( #2986, #2108, #464, #373, #3861, #2919, #763, #185 ) ) ;
#3281 = VECTOR ( 'NONE', #2216, 1000.000000000000000 ) ;
#3282 = DIRECTION ( 'NONE',  ( 0.000000000000000000, -1.000000000000000000, -0.000000000000000000 ) ) ;
#3283 = AXIS2_PLACEMENT_3D ( 'NONE', #1798, #3977, #2119 ) ;
#3284 = CIRCLE ( 'NONE', #501, 0.2499999999999572842 ) ;
#3285 = UNCERTAINTY_MEASURE_WITH_UNIT (LENGTH_MEASURE( 1.000000000000000082E-05 ), #3633, 'distance_accuracy_value', 'NONE');
#3286 = ORIENTED_EDGE ( 'NONE', *, *, #669, .T. ) ;
#3287 = ADVANCED_FACE ( 'NONE', ( #2475 ), #926, .T. ) ;
#3288 = LINE ( 'NONE', #3630, #1428 ) ;
#3289 = CARTESIAN_POINT ( 'NONE',  ( 3.449999999999999734, 1.649999999999999911, -1.300000000000000044 ) ) ;
#3290 = CARTESIAN_POINT ( 'NONE',  ( 0.000000000000000000, 3.482339959128999851, -2.600000000000000089 ) ) ;
#3291 = ORIENTED_EDGE ( 'NONE', *, *, #1347, .T. ) ;
#3292 = DIRECTION ( 'NONE',  ( -1.000000000000000000, 0.000000000000000000, 0.000000000000000000 ) ) ;
#3293 = DIRECTION ( 'NONE',  ( -0.9961946980917451011, -0.08715574274766391127, 0.000000000000000000 ) ) ;
#3294 = CARTESIAN_POINT ( 'NONE',  ( 3.149999999999999911, -2.700000000000000178, 2.700000000000000178 ) ) ;
#3295 = DIRECTION ( 'NONE',  ( 0.000000000000000000, -0.000000000000000000, -1.000000000000000000 ) ) ;
#3296 = CARTESIAN_POINT ( 'NONE',  ( 3.449999999999999734, -2.700000000000000178, 3.000000000000000000 ) ) ;
#3297 = EDGE_CURVE ( 'NONE', #2875, #2835, #2166, .T. ) ;
#3298 = VERTEX_POINT ( 'NONE', #12 ) ;
#3299 = ORIENTED_EDGE ( 'NONE', *, *, #3714, .F. ) ;
#3300 = ORIENTED_EDGE ( 'NONE', *, *, #1906, .T. ) ;
#3301 = LINE ( 'NONE', #215, #2295 ) ;
#3302 = EDGE_CURVE ( 'NONE', #3808, #820, #2721, .T. ) ;
#3303 = CIRCLE ( 'NONE', #4012, 0.05000000000000002359 ) ;
#3304 = PLANE ( 'NONE',  #3950 ) ;
#3305 = AXIS2_PLACEMENT_3D ( 'NONE', #1137, #2056, #3006 ) ;
#3306 = AXIS2_PLACEMENT_3D ( 'NONE', #2347, #2979, #1438 ) ;
#3307 = ORIENTED_EDGE ( 'NONE', *, *, #1994, .T. ) ;
#3308 = DIRECTION ( 'NONE',  ( -1.000000000000000000, 0.000000000000000000, 0.000000000000000000 ) ) ;
#3309 = CARTESIAN_POINT ( 'NONE',  ( 0.000000000000000000, 3.000000000000000000, 3.000000000000000000 ) ) ;
#3310 = EDGE_CURVE ( 'NONE', #3557, #2802, #1599, .T. ) ;
#3311 = DIRECTION ( 'NONE',  ( 0.000000000000000000, 0.000000000000000000, 1.000000000000000000 ) ) ;
#3312 = CARTESIAN_POINT ( 'NONE',  ( 3.160000000000000142, -1.000000000000000000, 3.000000000000000444 ) ) ;
#3313 = ORIENTED_EDGE ( 'NONE', *, *, #2285, .T. ) ;
#3314 = CYLINDRICAL_SURFACE ( 'NONE', #2947, 0.3499999999999999778 ) ;
#3315 = VERTEX_POINT ( 'NONE', #1579 ) ;
#3316 = DIRECTION ( 'NONE',  ( -1.000000000000000000, -0.000000000000000000, -0.000000000000000000 ) ) ;
#3317 = ADVANCED_FACE ( 'NONE', ( #1618 ), #662, .T. ) ;
#3318 = DIRECTION ( 'NONE',  ( -0.000000000000000000, -0.000000000000000000, 1.000000000000000000 ) ) ;
#3319 =( LENGTH_UNIT ( ) NAMED_UNIT ( * ) SI_UNIT ( .MILLI., .METRE. ) );
#3320 = VECTOR ( 'NONE', #2558, 1000.000000000000000 ) ;
#3321 = VERTEX_POINT ( 'NONE', #2817 ) ;
#3322 = ORIENTED_EDGE ( 'NONE', *, *, #2569, .T. ) ;
#3323 = ORIENTED_EDGE ( 'NONE', *, *, #3846, .T. ) ;
#3324 = LINE ( 'NONE', #272, #3332 ) ;
#3325 = EDGE_CURVE ( 'NONE', #3628, #3619, #2593, .T. ) ;
#3326 = CARTESIAN_POINT ( 'NONE',  ( 3.449999999999999734, 1.649999999999999911, 2.000000000000000000 ) ) ;
#3327 = AXIS2_PLACEMENT_3D ( 'NONE', #450, #2886, #1389 ) ;
#3328 = ORIENTED_EDGE ( 'NONE', *, *, #1948, .T. ) ;
#3329 = EDGE_CURVE ( 'NONE', #1414, #1152, #993, .T. ) ;
#3330 = VECTOR ( 'NONE', #3039, 1000.000000000000000 ) ;
#3331 = CARTESIAN_POINT ( 'NONE',  ( 0.3651377029008999742, 3.083862079892000008, -2.600000000000000089 ) ) ;
#3332 = VECTOR ( 'NONE', #525, 1000.000000000000000 ) ;
#3333 = AXIS2_PLACEMENT_3D ( 'NONE', #1678, #2914, #2008 ) ;
#3334 = ORIENTED_EDGE ( 'NONE', *, *, #3797, .F. ) ;
#3335 = CARTESIAN_POINT ( 'NONE',  ( 0.2999999999999999889, 3.482339959128999851, -2.600000000000000089 ) ) ;
#3336 = EDGE_CURVE ( 'NONE', #3152, #3067, #1313, .T. ) ;
#3337 = PRESENTATION_STYLE_ASSIGNMENT (( #3617 ) ) ;
#3338 = VERTEX_POINT ( 'NONE', #1358 ) ;
#3339 = ORIENTED_EDGE ( 'NONE', *, *, #1052, .F. ) ;
#3340 = VERTEX_POINT ( 'NONE', #3784 ) ;
#3341 = DIRECTION ( 'NONE',  ( -0.000000000000000000, -0.000000000000000000, -1.000000000000000000 ) ) ;
#3342 = FACE_OUTER_BOUND ( 'NONE', #3913, .T. ) ;
#3343 = CARTESIAN_POINT ( 'NONE',  ( 3.500000000000769607, 1.650000000001620615, -1.650000000001492273 ) ) ;
#3344 = DIRECTION ( 'NONE',  ( 0.000000000000000000, 0.000000000000000000, -1.000000000000000000 ) ) ;
#3345 = ORIENTED_EDGE ( 'NONE', *, *, #1384, .T. ) ;
#3346 = DIRECTION ( 'NONE',  ( -1.000000000000000000, -0.000000000000000000, -0.000000000000000000 ) ) ;
#3347 = ADVANCED_FACE ( 'NONE', ( #643 ), #109, .F. ) ;
#3348 = CIRCLE ( 'NONE', #1478, 0.3500000000000000333 ) ;
#3349 = LINE ( 'NONE', #569, #1124 ) ;
#3350 = LINE ( 'NONE', #1779, #1406 ) ;
#3351 = CARTESIAN_POINT ( 'NONE',  ( 0.3651377029008999742, 3.083862079892000008, -2.600000000000000089 ) ) ;
#3352 = DIRECTION ( 'NONE',  ( -1.000000000000000000, 0.000000000000000000, 0.000000000000000000 ) ) ;
#3353 = ORIENTED_EDGE ( 'NONE', *, *, #3859, .T. ) ;
#3354 = ORIENTED_EDGE ( 'NONE', *, *, #3325, .F. ) ;
#3355 = ORIENTED_EDGE ( 'NONE', *, *, #3393, .T. ) ;
#3356 = LINE ( 'NONE', #1866, #2224 ) ;
#3357 = DIRECTION ( 'NONE',  ( -1.000000000000000000, 0.000000000000000000, 0.000000000000000000 ) ) ;
#3358 = DIRECTION ( 'NONE',  ( 0.000000000000000000, 0.000000000000000000, -1.000000000000000000 ) ) ;
#3359 = VERTEX_POINT ( 'NONE', #336 ) ;
#3360 = CARTESIAN_POINT ( 'NONE',  ( 0.000000000000000000, 4.500000000000000000, -2.600000000000000089 ) ) ;
#3361 = COLOUR_RGB ( '',0.7921568627450980005, 0.8196078431372548767, 0.9333333333333333481 ) ;
#3362 = VECTOR ( 'NONE', #2657, 1000.000000000000000 ) ;
#3363 = CARTESIAN_POINT ( 'NONE',  ( 3.449999999999999734, -2.799999999999999822, -1.000000000000000000 ) ) ;
#3364 = CIRCLE ( 'NONE', #3752, 0.3500000000000000333 ) ;
#3365 = ADVANCED_FACE ( 'NONE', ( #3496 ), #1556, .T. ) ;
#3366 = VECTOR ( 'NONE', #2973, 1000.000000000000000 ) ;
#3367 = CARTESIAN_POINT ( 'NONE',  ( 3.500000000000000000, -1.299999999998870281, 1.649999999998507327 ) ) ;
#3368 = FACE_BOUND ( 'NONE', #2035, .T. ) ;
#3369 = DIRECTION ( 'NONE',  ( 0.000000000000000000, -0.000000000000000000, -1.000000000000000000 ) ) ;
#3370 = VERTEX_POINT ( 'NONE', #3765 ) ;
#3371 = EDGE_LOOP ( 'NONE', ( #587, #3881, #1352, #1639 ) ) ;
#3372 = ORIENTED_EDGE ( 'NONE', *, *, #2778, .F. ) ;
#3373 = PLANE ( 'NONE',  #931 ) ;
#3374 = CARTESIAN_POINT ( 'NONE',  ( 0.000000000000000000, 4.500000000000000000, 1.899999999999999689 ) ) ;
#3375 = EDGE_CURVE ( 'NONE', #781, #3678, #700, .T. ) ;
#3376 = DIRECTION ( 'NONE',  ( 1.000000000000000000, 0.000000000000000000, -0.000000000000000000 ) ) ;
#3377 = DIRECTION ( 'NONE',  ( -0.000000000000000000, 0.000000000000000000, -1.000000000000000000 ) ) ;
#3378 = ORIENTED_EDGE ( 'NONE', *, *, #771, .F. ) ;
#3379 = PRESENTATION_STYLE_ASSIGNMENT (( #2480 ) ) ;
#3380 = EDGE_CURVE ( 'NONE', #920, #2373, #3303, .T. ) ;
#3381 = VECTOR ( 'NONE', #2440, 1000.000000000000000 ) ;
#3382 = CARTESIAN_POINT ( 'NONE',  ( 0.2999999999999999889, 3.000000000000000000, 1.250000000000000222 ) ) ;
#3383 = ORIENTED_EDGE ( 'NONE', *, *, #209, .F. ) ;
#3384 = AXIS2_PLACEMENT_3D ( 'NONE', #2501, #340, #1586 ) ;
#3385 = VECTOR ( 'NONE', #2775, 1000.000000000000000 ) ;
#3386 = CARTESIAN_POINT ( 'NONE',  ( 4.999999999999999112, -0.8916907018864801415, 1.559421469118247749 ) ) ;
#3387 = CYLINDRICAL_SURFACE ( 'NONE', #25, 0.3500000000000000333 ) ;
#3388 = CARTESIAN_POINT ( 'NONE',  ( 0.000000000000000000, -1.250000000000000000, -3.000000000000000000 ) ) ;
#3389 = DIRECTION ( 'NONE',  ( -1.000000000000000000, -0.000000000000000000, -0.000000000000000000 ) ) ;
#3390 = AXIS2_PLACEMENT_3D ( 'NONE', #3335, #3922, #879 ) ;
#3391 = ORIENTED_EDGE ( 'NONE', *, *, #323, .F. ) ;
#3392 = ORIENTED_EDGE ( 'NONE', *, *, #2447, .T. ) ;
#3393 = EDGE_CURVE ( 'NONE', #2070, #403, #2268, .T. ) ;
#3394 = ORIENTED_EDGE ( 'NONE', *, *, #1886, .F. ) ;
#3395 = DIRECTION ( 'NONE',  ( 1.000000000000000000, 0.000000000000000000, -0.000000000000000000 ) ) ;
#3396 = LINE ( 'NONE', #1828, #3731 ) ;
#3397 = CARTESIAN_POINT ( 'NONE',  ( 0.2999999999999999889, -3.482339959128999851, -2.600000000000000089 ) ) ;
#3398 = LINE ( 'NONE', #2457, #755 ) ;
#3399 = VERTEX_POINT ( 'NONE', #396 ) ;
#3400 = VERTEX_POINT ( 'NONE', #1270 ) ;
#3401 = ORIENTED_EDGE ( 'NONE', *, *, #3128, .F. ) ;
#3402 = AXIS2_PLACEMENT_3D ( 'NONE', #297, #1851, #3065 ) ;
#3403 = EDGE_CURVE ( 'NONE', #2272, #2453, #320, .T. ) ;
#3404 = CIRCLE ( 'NONE', #887, 0.3500000000000000333 ) ;
#3405 = AXIS2_PLACEMENT_3D ( 'NONE', #1311, #3155, #2554 ) ;
#3406 = FACE_OUTER_BOUND ( 'NONE', #2502, .T. ) ;
#3407 = CIRCLE ( 'NONE', #2769, 0.3500000000000000333 ) ;
#3408 = CARTESIAN_POINT ( 'NONE',  ( 0.000000000000000000, -3.000000000000000000, 1.250000000000000000 ) ) ;
#3409 = ORIENTED_EDGE ( 'NONE', *, *, #2300, .T. ) ;
#3410 = ORIENTED_EDGE ( 'NONE', *, *, #2773, .T. ) ;
#3411 = ORIENTED_EDGE ( 'NONE', *, *, #1719, .T. ) ;
#3412 = LINE ( 'NONE', #3780, #609 ) ;
#3413 = CARTESIAN_POINT ( 'NONE',  ( 3.160000000000000142, 0.000000000000000000, -2.799999999999999822 ) ) ;
#3414 = EDGE_CURVE ( 'NONE', #2491, #1473, #2573, .T. ) ;
#3415 = CARTESIAN_POINT ( 'NONE',  ( 3.149999999999999911, -2.700000000000000178, -2.700000000000000178 ) ) ;
#3416 = DIRECTION ( 'NONE',  ( 1.000000000000000000, 0.000000000000000000, 0.000000000000000000 ) ) ;
#3417 = DIRECTION ( 'NONE',  ( 0.000000000000000000, -1.000000000000000000, -0.000000000000000000 ) ) ;
#3418 = VERTEX_POINT ( 'NONE', #2189 ) ;
#3419 = EDGE_CURVE ( 'NONE', #3340, #2734, #2874, .T. ) ;
#3420 = ORIENTED_EDGE ( 'NONE', *, *, #1176, .T. ) ;
#3421 = SURFACE_STYLE_FILL_AREA ( #3725 ) ;
#3422 = DIRECTION ( 'NONE',  ( 1.000000000000000000, 0.000000000000000000, 0.000000000000000000 ) ) ;
#3423 = VERTEX_POINT ( 'NONE', #2516 ) ;
#3424 = EDGE_CURVE ( 'NONE', #534, #3787, #3807, .T. ) ;
#3425 = AXIS2_PLACEMENT_3D ( 'NONE', #3041, #2111, #583 ) ;
#3426 = DIRECTION ( 'NONE',  ( 0.000000000000000000, -1.000000000000000000, 0.000000000000000000 ) ) ;
#3427 = CIRCLE ( 'NONE', #261, 0.2999999999999999334 ) ;
#3428 = DIRECTION ( 'NONE',  ( -0.000000000000000000, 0.000000000000000000, 1.000000000000000000 ) ) ;
#3429 = AXIS2_PLACEMENT_3D ( 'NONE', #348, #637, #2506 ) ;
#3430 = FACE_OUTER_BOUND ( 'NONE', #2791, .T. ) ;
#3431 = ORIENTED_EDGE ( 'NONE', *, *, #2499, .F. ) ;
#3432 = DIRECTION ( 'NONE',  ( -1.000000000000000000, -0.000000000000000000, -0.000000000000000000 ) ) ;
#3433 = ADVANCED_FACE ( 'NONE', ( #1967 ), #3438, .F. ) ;
#3434 = ORIENTED_EDGE ( 'NONE', *, *, #1546, .T. ) ;
#3435 = DIRECTION ( 'NONE',  ( 0.000000000000000000, -0.000000000000000000, 1.000000000000000000 ) ) ;
#3436 = CARTESIAN_POINT ( 'NONE',  ( 0.4000000000000000222, -3.482339959128999851, -1.899999999999999911 ) ) ;
#3437 = DIRECTION ( 'NONE',  ( -0.000000000000000000, 0.000000000000000000, 1.000000000000000000 ) ) ;
#3438 = PLANE ( 'NONE',  #648 ) ;
#3439 = ORIENTED_EDGE ( 'NONE', *, *, #2929, .T. ) ;
#3440 = DIRECTION ( 'NONE',  ( -1.000000000000000000, -0.000000000000000000, -0.000000000000000000 ) ) ;
#3441 = ORIENTED_EDGE ( 'NONE', *, *, #1588, .T. ) ;
#3442 = FACE_OUTER_BOUND ( 'NONE', #482, .T. ) ;
#3443 = EDGE_CURVE ( 'NONE', #2676, #2053, #2011, .T. ) ;
#3444 = DIRECTION ( 'NONE',  ( -1.000000000000000000, -0.000000000000000000, -0.000000000000000000 ) ) ;
#3445 = CARTESIAN_POINT ( 'NONE',  ( 3.149999999999999911, 0.000000000000000000, 2.700000000000000178 ) ) ;
#3446 = AXIS2_PLACEMENT_3D ( 'NONE', #3175, #2849, #743 ) ;
#3447 = DIRECTION ( 'NONE',  ( 0.000000000000000000, -0.000000000000000000, -1.000000000000000000 ) ) ;
#3448 = VERTEX_POINT ( 'NONE', #1418 ) ;
#3449 = DIRECTION ( 'NONE',  ( -0.000000000000000000, -0.000000000000000000, 1.000000000000000000 ) ) ;
#3450 = VERTEX_POINT ( 'NONE', #3240 ) ;
#3451 = CARTESIAN_POINT ( 'NONE',  ( 0.7543577871373999821, -3.049809734904999736, -2.600000000000000089 ) ) ;
#3452 = EDGE_CURVE ( 'NONE', #3850, #939, #3905, .T. ) ;
#3453 = CARTESIAN_POINT ( 'NONE',  ( 5.000000005580202078, 1.667065902236377628, -0.01745514078446595493 ) ) ;
#3454 = CARTESIAN_POINT ( 'NONE',  ( 0.000000000000000000, 2.700000000000000178, -3.000000000000000000 ) ) ;
#3455 = AXIS2_PLACEMENT_3D ( 'NONE', #2314, #2621, #752 ) ;
#3456 = CARTESIAN_POINT ( 'NONE',  ( 0.7500000000000000000, 3.000000000000000000, -1.899999999999999911 ) ) ;
#3457 = VERTEX_POINT ( 'NONE', #3296 ) ;
#3458 = CARTESIAN_POINT ( 'NONE',  ( 0.000000000000000000, 3.000000000000000000, 2.700000000000000178 ) ) ;
#3459 = ORIENTED_EDGE ( 'NONE', *, *, #1784, .T. ) ;
#3460 = LINE ( 'NONE', #687, #2893 ) ;
#3461 = ORIENTED_EDGE ( 'NONE', *, *, #854, .F. ) ;
#3462 = CIRCLE ( 'NONE', #686, 0.2999999999999999334 ) ;
#3463 = FACE_OUTER_BOUND ( 'NONE', #2330, .T. ) ;
#3464 = ADVANCED_FACE ( 'NONE', ( #2959 ), #502, .T. ) ;
#3465 = CARTESIAN_POINT ( 'NONE',  ( 0.3912844257252190427, -3.382720489318998158, -1.900000000000000133 ) ) ;
#3466 = FACE_OUTER_BOUND ( 'NONE', #684, .T. ) ;
#3467 = AXIS2_PLACEMENT_3D ( 'NONE', #1432, #2667, #2061 ) ;
#3468 = VECTOR ( 'NONE', #2346, 1000.000000000000114 ) ;
#3469 = VERTEX_POINT ( 'NONE', #3515 ) ;
#3470 = DIRECTION ( 'NONE',  ( -1.000000000000000000, -0.000000000000000000, -0.000000000000000000 ) ) ;
#3471 = ORIENTED_EDGE ( 'NONE', *, *, #1770, .F. ) ;
#3472 = FACE_OUTER_BOUND ( 'NONE', #2198, .T. ) ;
#3473 = AXIS2_PLACEMENT_3D ( 'NONE', #1113, #745, #3276 ) ;
#3474 = DIRECTION ( 'NONE',  ( -0.000000000000000000, -0.000000000000000000, 1.000000000000000000 ) ) ;
#3475 = DIRECTION ( 'NONE',  ( -1.000000000000000000, 0.000000000000000000, 0.000000000000000000 ) ) ;
#3476 = DIRECTION ( 'NONE',  ( 0.000000000000000000, -0.000000000000000000, 1.000000000000000000 ) ) ;
#3477 = ORIENTED_EDGE ( 'NONE', *, *, #2895, .F. ) ;
#3478 = FACE_OUTER_BOUND ( 'NONE', #667, .T. ) ;
#3479 = EDGE_LOOP ( 'NONE', ( #983, #1173, #2055, #3621 ) ) ;
#3480 = FACE_OUTER_BOUND ( 'NONE', #1516, .T. ) ;
#3481 = DIRECTION ( 'NONE',  ( -1.000000000000000000, -0.000000000000000000, -0.000000000000000000 ) ) ;
#3482 = EDGE_CURVE ( 'NONE', #1846, #2653, #1681, .T. ) ;
#3483 = VERTEX_POINT ( 'NONE', #2997 ) ;
#3484 = CARTESIAN_POINT ( 'NONE',  ( 3.500000000000000000, -1.649999999999999911, -1.649999999999999911 ) ) ;
#3485 = EDGE_CURVE ( 'NONE', #1061, #3338, #322, .T. ) ;
#3486 = DIRECTION ( 'NONE',  ( 0.000000000000000000, -0.9999451880224675682, 0.01047000242177969880 ) ) ;
#3487 = CARTESIAN_POINT ( 'NONE',  ( 3.160000000000000142, 2.700000000000000178, -2.700000000000000178 ) ) ;
#3488 = ORIENTED_EDGE ( 'NONE', *, *, #3972, .T. ) ;
#3489 = DIRECTION ( 'NONE',  ( 0.000000000000000000, 0.000000000000000000, 1.000000000000000000 ) ) ;
#3490 = VECTOR ( 'NONE', #1946, 1000.000000000000000 ) ;
#3491 = ORIENTED_EDGE ( 'NONE', *, *, #3424, .F. ) ;
#3492 = LINE ( 'NONE', #1310, #605 ) ;
#3493 = ADVANCED_FACE ( 'NONE', ( #2616 ), #1743, .F. ) ;
#3494 = AXIS2_PLACEMENT_3D ( 'NONE', #1282, #636, #2605 ) ;
#3495 = CARTESIAN_POINT ( 'NONE',  ( 3.500000000000000000, 1.649999999999999911, 1.649999999999999911 ) ) ;
#3496 = FACE_OUTER_BOUND ( 'NONE', #2477, .T. ) ;
#3497 = VECTOR ( 'NONE', #473, 1000.000000000000000 ) ;
#3498 = ORIENTED_EDGE ( 'NONE', *, *, #1654, .T. ) ;
#3499 = CARTESIAN_POINT ( 'NONE',  ( 0.000000000000000000, -2.700000000000000178, 2.700000000000000178 ) ) ;
#3500 = ORIENTED_EDGE ( 'NONE', *, *, #118, .T. ) ;
#3501 = DIRECTION ( 'NONE',  ( 0.000000000000000000, 0.000000000000000000, -1.000000000000000000 ) ) ;
#3502 = DIRECTION ( 'NONE',  ( 0.000000000000000000, 0.000000000000000000, 1.000000000000000000 ) ) ;
#3503 = ORIENTED_EDGE ( 'NONE', *, *, #2803, .T. ) ;
#3504 = DIRECTION ( 'NONE',  ( 1.000000000000000000, 0.000000000000000000, 0.000000000000000000 ) ) ;
#3505 = VECTOR ( 'NONE', #3105, 1000.000000000000000 ) ;
#3506 = CARTESIAN_POINT ( 'NONE',  ( 3.449999999999999734, -1.649999999999999911, -1.300000000000000044 ) ) ;
#3507 = LINE ( 'NONE', #3875, #1318 ) ;
#3508 = PRESENTATION_LAYER_ASSIGNMENT (  '', '', ( #1575 ) ) ;
#3509 = LINE ( 'NONE', #1980, #3828 ) ;
#3510 = VERTEX_POINT ( 'NONE', #3574 ) ;
#3511 = ORIENTED_EDGE ( 'NONE', *, *, #2586, .F. ) ;
#3512 = FILL_AREA_STYLE ('',( #1050 ) ) ;
#3513 = FACE_OUTER_BOUND ( 'NONE', #3834, .T. ) ;
#3514 = DIRECTION ( 'NONE',  ( 0.000000000000000000, -1.000000000000000000, -0.000000000000000000 ) ) ;
#3515 = CARTESIAN_POINT ( 'NONE',  ( 0.2999999999999999889, 1.250000000000000000, -1.250000000000000000 ) ) ;
#3516 = EDGE_CURVE ( 'NONE', #2453, #678, #3596, .T. ) ;
#3517 = ORIENTED_EDGE ( 'NONE', *, *, #925, .F. ) ;
#3518 = VECTOR ( 'NONE', #853, 1000.000000000000000 ) ;
#3519 = ORIENTED_EDGE ( 'NONE', *, *, #1555, .F. ) ;
#3520 = CARTESIAN_POINT ( 'NONE',  ( 0.7500000000000000000, 3.000000000000000000, 2.600000000000000089 ) ) ;
#3521 = AXIS2_PLACEMENT_3D ( 'NONE', #1569, #635, #1879 ) ;
#3522 = CARTESIAN_POINT ( 'NONE',  ( 3.449999999999999734, -3.000000000000000000, -1.000000000000000000 ) ) ;
#3523 = VERTEX_POINT ( 'NONE', #1456 ) ;
#3524 = LINE ( 'NONE', #2807, #3890 ) ;
#3525 = CYLINDRICAL_SURFACE ( 'NONE', #1839, 0.05000000000000002359 ) ;
#3526 = EDGE_CURVE ( 'NONE', #2981, #3814, #588, .T. ) ;
#3527 = LINE ( 'NONE', #1674, #3955 ) ;
#3528 = ORIENTED_EDGE ( 'NONE', *, *, #188, .T. ) ;
#3529 = DIRECTION ( 'NONE',  ( 0.000000000000000000, -1.000000000000000000, -0.000000000000000000 ) ) ;
#3530 = EDGE_LOOP ( 'NONE', ( #105, #3768, #578, #2582, #290, #154, #3099, #1609, #1803, #732 ) ) ;
#3531 = VERTEX_POINT ( 'NONE', #3827 ) ;
#3532 = DIRECTION ( 'NONE',  ( -1.000000000000000000, -0.000000000000000000, -0.000000000000000000 ) ) ;
#3533 = DIRECTION ( 'NONE',  ( -1.000000000000000000, -0.000000000000000000, 0.000000000000000000 ) ) ;
#3534 = AXIS2_PLACEMENT_3D ( 'NONE', #2799, #3683, #3723 ) ;
#3535 = DIRECTION ( 'NONE',  ( -1.000000000000000000, -0.000000000000000000, -0.000000000000000000 ) ) ;
#3536 = CARTESIAN_POINT ( 'NONE',  ( 3.160000000000000142, 3.000000000000000000, 2.700000000000000178 ) ) ;
#3537 = ORIENTED_EDGE ( 'NONE', *, *, #1228, .F. ) ;
#3538 = VECTOR ( 'NONE', #533, 1000.000000000000000 ) ;
#3539 = ORIENTED_EDGE ( 'NONE', *, *, #2359, .F. ) ;
#3540 = EDGE_CURVE ( 'NONE', #1883, #1441, #3427, .T. ) ;
#3541 = CARTESIAN_POINT ( 'NONE',  ( 3.449999999999999734, -3.000000000000000000, 0.000000000000000000 ) ) ;
#3542 = DIRECTION ( 'NONE',  ( 0.000000000000000000, 1.000000000000000000, 0.000000000000000000 ) ) ;
#3543 = VERTEX_POINT ( 'NONE', #2029 ) ;
#3544 = FILL_AREA_STYLE_COLOUR ( '', #3361 ) ;
#3545 = EDGE_CURVE ( 'NONE', #829, #1386, #808, .T. ) ;
#3546 = DIRECTION ( 'NONE',  ( -0.000000000000000000, 1.000000000000000000, 0.000000000000000000 ) ) ;
#3547 = CARTESIAN_POINT ( 'NONE',  ( 0.2999999999999999889, 1.250000000000000000, 1.250000000000000000 ) ) ;
#3548 = LINE ( 'NONE', #1430, #1626 ) ;
#3549 = ORIENTED_EDGE ( 'NONE', *, *, #2485, .F. ) ;
#3550 = CARTESIAN_POINT ( 'NONE',  ( 3.149999999999999911, -2.700000000000000178, 2.700000000000000178 ) ) ;
#3551 = VERTEX_POINT ( 'NONE', #3536 ) ;
#3552 = FACE_OUTER_BOUND ( 'NONE', #1943, .T. ) ;
#3553 = CARTESIAN_POINT ( 'NONE',  ( 0.2999999999999999889, -4.500000000000000000, 2.600000000000000089 ) ) ;
#3554 = VECTOR ( 'NONE', #2600, 1000.000000000000000 ) ;
#3555 = FACE_OUTER_BOUND ( 'NONE', #358, .T. ) ;
#3556 = AXIS2_PLACEMENT_3D ( 'NONE', #32, #2263, #2534 ) ;
#3557 = VERTEX_POINT ( 'NONE', #3260 ) ;
#3558 = VERTEX_POINT ( 'NONE', #2286 ) ;
#3559 = AXIS2_PLACEMENT_3D ( 'NONE', #575, #2123, #2106 ) ;
#3560 = CYLINDRICAL_SURFACE ( 'NONE', #2918, 0.4000000000000000222 ) ;
#3561 = CIRCLE ( 'NONE', #3629, 0.09999999999999999167 ) ;
#3562 = VERTEX_POINT ( 'NONE', #2673 ) ;
#3563 = APPLICATION_CONTEXT ( 'automotive_design' ) ;
#3564 = DIRECTION ( 'NONE',  ( 0.000000000000000000, -0.000000000000000000, -1.000000000000000000 ) ) ;
#3565 = ADVANCED_FACE ( 'NONE', ( #3555 ), #461, .F. ) ;
#3566 = DIRECTION ( 'NONE',  ( 0.000000000000000000, 0.000000000000000000, 1.000000000000000000 ) ) ;
#3567 = CARTESIAN_POINT ( 'NONE',  ( 0.7805045099617095028, -3.348668144332108465, -2.600000000000000089 ) ) ;
#3568 = DIRECTION ( 'NONE',  ( -1.000000000000000000, 0.000000000000000000, -1.734723475977103509E-15 ) ) ;
#3569 = DIRECTION ( 'NONE',  ( 0.000000000000000000, 0.000000000000000000, -1.000000000000000000 ) ) ;
#3570 = DIRECTION ( 'NONE',  ( 0.000000000000000000, 0.000000000000000000, -1.000000000000000000 ) ) ;
#3571 = CARTESIAN_POINT ( 'NONE',  ( 3.160000000000000142, 2.700000000000000178, -3.000000000000000000 ) ) ;
#3572 = VERTEX_POINT ( 'NONE', #2652 ) ;
#3573 = DIRECTION ( 'NONE',  ( 0.000000000000000000, 0.000000000000000000, 1.000000000000000000 ) ) ;
#3574 = CARTESIAN_POINT ( 'NONE',  ( 3.449999999999999734, -1.649999999999999911, 1.300000000000000044 ) ) ;
#3575 = EDGE_LOOP ( 'NONE', ( #2404, #1782, #232, #3278, #2181 ) ) ;
#3576 = TOROIDAL_SURFACE ( 'NONE', #80, 0.1000000000006817519, 0.2499999999999572842 ) ;
#3577 = EDGE_LOOP ( 'NONE', ( #3599, #3591, #867, #3656 ) ) ;
#3578 = ADVANCED_FACE ( 'NONE', ( #1987 ), #2937, .T. ) ;
#3579 = ORIENTED_EDGE ( 'NONE', *, *, #3485, .F. ) ;
#3580 = AXIS2_PLACEMENT_3D ( 'NONE', #3671, #223, #283 ) ;
#3581 = ADVANCED_FACE ( 'NONE', ( #2308 ), #481, .T. ) ;
#3582 = CARTESIAN_POINT ( 'NONE',  ( 3.750000000000687450, -1.649999999998378986, 1.649999999998507771 ) ) ;
#3583 = AXIS2_PLACEMENT_3D ( 'NONE', #2454, #3600, #832 ) ;
#3584 = EDGE_LOOP ( 'NONE', ( #1308, #1336, #78, #277, #165, #2162, #228, #2067 ) ) ;
#3585 = CARTESIAN_POINT ( 'NONE',  ( 0.2999999999999999889, 4.500000000000000000, -2.600000000000000089 ) ) ;
#3586 = AXIS2_PLACEMENT_3D ( 'NONE', #3594, #1984, #3292 ) ;
#3587 = AXIS2_PLACEMENT_3D ( 'NONE', #3159, #357, #164 ) ;
#3588 = EDGE_CURVE ( 'NONE', #1441, #1920, #1861, .T. ) ;
#3589 = CARTESIAN_POINT ( 'NONE',  ( 0.7500000000000000000, 3.000000000000000000, 2.600000000000000089 ) ) ;
#3590 = EDGE_CURVE ( 'NONE', #3698, #3510, #865, .T. ) ;
#3591 = ORIENTED_EDGE ( 'NONE', *, *, #323, .T. ) ;
#3592 = SURFACE_STYLE_USAGE ( .BOTH. , #246 ) ;
#3593 = VERTEX_POINT ( 'NONE', #3018 ) ;
#3594 = CARTESIAN_POINT ( 'NONE',  ( 0.4000000000000000222, 3.482339959128999851, -1.899999999999999911 ) ) ;
#3595 = LINE ( 'NONE', #2958, #2967 ) ;
#3596 = LINE ( 'NONE', #1093, #1367 ) ;
#3597 = VERTEX_POINT ( 'NONE', #2715 ) ;
#3598 = ORIENTED_EDGE ( 'NONE', *, *, #3206, .F. ) ;
#3599 = ORIENTED_EDGE ( 'NONE', *, *, #131, .T. ) ;
#3600 = DIRECTION ( 'NONE',  ( 1.000000000000000000, -1.895379361788591985E-15, -1.642027209857247031E-15 ) ) ;
#3601 = VECTOR ( 'NONE', #658, 1000.000000000000000 ) ;
#3602 = CARTESIAN_POINT ( 'NONE',  ( 0.4000000000000000222, 3.482339959128999851, -2.600000000000000089 ) ) ;
#3603 = VECTOR ( 'NONE', #1694, 1000.000000000000000 ) ;
#3604 = ORIENTED_EDGE ( 'NONE', *, *, #669, .F. ) ;
#3605 = COLOUR_RGB ( '',0.1098039215686274495, 0.1098039215686274495, 0.1098039215686274495 ) ;
#3606 = PLANE ( 'NONE',  #1559 ) ;
#3607 = EDGE_CURVE ( 'NONE', #1481, #791, #3999, .T. ) ;
#3608 = APPLICATION_PROTOCOL_DEFINITION ( 'draft international standard', 'automotive_design', 1998, #3563 ) ;
#3609 = EDGE_CURVE ( 'NONE', #2226, #2517, #3980, .T. ) ;
#3610 = CYLINDRICAL_SURFACE ( 'NONE', #240, 0.2999999999999999334 ) ;
#3611 = EDGE_LOOP ( 'NONE', ( #3431, #433, #2239, #1823, #3925 ) ) ;
#3612 = SURFACE_STYLE_USAGE ( .BOTH. , #1491 ) ;
#3613 = CARTESIAN_POINT ( 'NONE',  ( 0.3651377029008999742, 3.083862079892000008, 1.899999999999999911 ) ) ;
#3614 = ORIENTED_EDGE ( 'NONE', *, *, #131, .F. ) ;
#3615 = CARTESIAN_POINT ( 'NONE',  ( 0.7500000000000000000, -3.000000000000000000, -2.600000000000000089 ) ) ;
#3616 = DIRECTION ( 'NONE',  ( 0.000000000000000000, 0.000000000000000000, -1.000000000000000000 ) ) ;
#3617 = SURFACE_STYLE_USAGE ( .BOTH. , #3675 ) ;
#3618 = ORIENTED_EDGE ( 'NONE', *, *, #876, .T. ) ;
#3619 = VERTEX_POINT ( 'NONE', #289 ) ;
#3620 = ADVANCED_FACE ( 'NONE', ( #2770 ), #267, .F. ) ;
#3621 = ORIENTED_EDGE ( 'NONE', *, *, #176, .T. ) ;
#3622 = DIRECTION ( 'NONE',  ( -0.000000000000000000, -0.000000000000000000, 1.000000000000000000 ) ) ;
#3623 = CARTESIAN_POINT ( 'NONE',  ( 3.449999999999999734, 1.649999999999999911, 1.649999999999999911 ) ) ;
#3624 = VECTOR ( 'NONE', #3847, 1000.000000000000000 ) ;
#3625 = CARTESIAN_POINT ( 'NONE',  ( 0.000000000000000000, -4.500000000000000000, 1.899999999999999689 ) ) ;
#3626 = COLOUR_RGB ( '',0.1098039215686274495, 0.1098039215686274495, 0.1098039215686274495 ) ;
#3627 = AXIS2_PLACEMENT_3D ( 'NONE', #3277, #2635, #172 ) ;
#3628 = VERTEX_POINT ( 'NONE', #2469 ) ;
#3629 = AXIS2_PLACEMENT_3D ( 'NONE', #937, #2809, #24 ) ;
#3630 = CARTESIAN_POINT ( 'NONE',  ( 0.000000000000000000, 1.250000000000000000, -1.250000000000000000 ) ) ;
#3631 = EDGE_CURVE ( 'NONE', #793, #3022, #2923, .T. ) ;
#3632 = CARTESIAN_POINT ( 'NONE',  ( 0.2999999999999999889, 0.000000000000000000, 3.000000000000000000 ) ) ;
#3633 =( LENGTH_UNIT ( ) NAMED_UNIT ( * ) SI_UNIT ( .MILLI., .METRE. ) );
#3634 = VERTEX_POINT ( 'NONE', #2695 ) ;
#3635 = CARTESIAN_POINT ( 'NONE',  ( 0.3651377029009260644, -3.083862079892298436, -2.600000000000000089 ) ) ;
#3636 = DIRECTION ( 'NONE',  ( 0.000000000000000000, -0.000000000000000000, -1.000000000000000000 ) ) ;
#3637 = CARTESIAN_POINT ( 'NONE',  ( 0.4000000000000000222, 3.482339959128999851, -2.600000000000000089 ) ) ;
#3638 = EDGE_LOOP ( 'NONE', ( #3334, #2622, #351, #2384 ) ) ;
#3639 = ORIENTED_EDGE ( 'NONE', *, *, #1228, .T. ) ;
#3640 = ORIENTED_EDGE ( 'NONE', *, *, #1604, .F. ) ;
#3641 = LINE ( 'NONE', #3928, #3330 ) ;
#3642 = LINE ( 'NONE', #731, #2808 ) ;
#3643 = EDGE_CURVE ( 'NONE', #2913, #2896, #919, .T. ) ;
#3644 = ADVANCED_FACE ( 'NONE', ( #231 ), #1208, .T. ) ;
#3645 = DIRECTION ( 'NONE',  ( -0.000000000000000000, 1.000000000000000000, 0.000000000000000000 ) ) ;
#3646 = CIRCLE ( 'NONE', #604, 0.2000000000000000389 ) ;
#3647 = CARTESIAN_POINT ( 'NONE',  ( 0.7500000000000000000, -3.000000000000000000, -2.600000000000000089 ) ) ;
#3648 = ORIENTED_EDGE ( 'NONE', *, *, #3216, .F. ) ;
#3649 = VECTOR ( 'NONE', #3017, 1000.000000000000000 ) ;
#3650 = PLANE ( 'NONE',  #3687 ) ;
#3651 = DIRECTION ( 'NONE',  ( 1.000000000000000000, 0.000000000000000000, 1.734723475977103509E-15 ) ) ;
#3652 = PLANE ( 'NONE',  #759 ) ;
#3653 = CARTESIAN_POINT ( 'NONE',  ( 3.449999999999999734, -1.649999999999999911, 1.649999999999999911 ) ) ;
#3654 = ADVANCED_FACE ( 'NONE', ( #3945, #249 ), #617, .T. ) ;
#3655 = PLANE ( 'NONE',  #850 ) ;
#3656 = ORIENTED_EDGE ( 'NONE', *, *, #1719, .F. ) ;
#3657 = EDGE_LOOP ( 'NONE', ( #2867, #2934, #1330, #416 ) ) ;
#3658 = ORIENTED_EDGE ( 'NONE', *, *, #3607, .F. ) ;
#3659 = CARTESIAN_POINT ( 'NONE',  ( 3.449999999999999734, -1.649999999999999911, -2.000000000000000000 ) ) ;
#3660 = CARTESIAN_POINT ( 'NONE',  ( 0.3651377029010702269, -3.083862079892137675, -1.899999999999999911 ) ) ;
#3661 = DIRECTION ( 'NONE',  ( -0.000000000000000000, 0.000000000000000000, -1.000000000000000000 ) ) ;
#3662 = CIRCLE ( 'NONE', #2441, 0.3500000000000000333 ) ;
#3663 = ADVANCED_FACE ( 'NONE', ( #2427 ), #3655, .T. ) ;
#3664 = CARTESIAN_POINT ( 'NONE',  ( 0.4000000000000000222, -3.482339959128999851, -2.600000000000000089 ) ) ;
#3665 = ORIENTED_EDGE ( 'NONE', *, *, #1546, .F. ) ;
#3666 = ORIENTED_EDGE ( 'NONE', *, *, #3876, .F. ) ;
#3667 = PRESENTATION_LAYER_ASSIGNMENT (  '', '', ( #1344 ) ) ;
#3668 = CARTESIAN_POINT ( 'NONE',  ( 0.000000000000000000, 3.000000000000000000, -1.899999999999999911 ) ) ;
#3669 = VECTOR ( 'NONE', #1332, 1000.000000000000000 ) ;
#3670 = FACE_OUTER_BOUND ( 'NONE', #3479, .T. ) ;
#3671 = CARTESIAN_POINT ( 'NONE',  ( 3.449999999999999734, 2.700000000000000178, 2.700000000000000178 ) ) ;
#3672 = EDGE_CURVE ( 'NONE', #2412, #607, #694, .T. ) ;
#3673 = DIRECTION ( 'NONE',  ( -0.000000000000000000, 1.000000000000000000, 0.000000000000000000 ) ) ;
#3674 = PLANE ( 'NONE',  #833 ) ;
#3675 = SURFACE_SIDE_STYLE ('',( #2750 ) ) ;
#3676 = ORIENTED_EDGE ( 'NONE', *, *, #3085, .T. ) ;
#3677 = EDGE_LOOP ( 'NONE', ( #969, #2289, #2489, #341, #2921 ) ) ;
#3678 = VERTEX_POINT ( 'NONE', #3758 ) ;
#3679 = DIRECTION ( 'NONE',  ( -1.000000000000000000, -0.000000000000000000, -0.000000000000000000 ) ) ;
#3680 = LINE ( 'NONE', #1558, #479 ) ;
#3681 = ADVANCED_FACE ( 'NONE', ( #1262 ), #1000, .T. ) ;
#3682 = PLANE ( 'NONE',  #906 ) ;
#3683 = DIRECTION ( 'NONE',  ( -0.000000000000000000, 1.000000000000000000, 0.000000000000000000 ) ) ;
#3684 = VERTEX_POINT ( 'NONE', #1882 ) ;
#3685 = ORIENTED_EDGE ( 'NONE', *, *, #1429, .T. ) ;
#3686 = CARTESIAN_POINT ( 'NONE',  ( 3.160000000000000142, 2.799999999999999822, 0.000000000000000000 ) ) ;
#3687 = AXIS2_PLACEMENT_3D ( 'NONE', #893, #3068, #3045 ) ;
#3688 = ORIENTED_EDGE ( 'NONE', *, *, #2861, .T. ) ;
#3689 = PRESENTATION_LAYER_ASSIGNMENT (  '', '', ( #196 ) ) ;
#3690 = EDGE_CURVE ( 'NONE', #866, #1257, #652, .T. ) ;
#3691 = VECTOR ( 'NONE', #64, 1000.000000000000000 ) ;
#3692 = CARTESIAN_POINT ( 'NONE',  ( 4.999999999999999112, 1.559421469286759399, 0.8916907015917802104 ) ) ;
#3693 = DIRECTION ( 'NONE',  ( 0.000000000000000000, -1.000000000000000000, -0.000000000000000000 ) ) ;
#3694 = CARTESIAN_POINT ( 'NONE',  ( 0.7543577871373724486, -3.049809734904795455, -1.899999999999999911 ) ) ;
#3695 = CARTESIAN_POINT ( 'NONE',  ( 0.000000000000000000, 0.000000000000000000, 3.000000000000000000 ) ) ;
#3696 = ORIENTED_EDGE ( 'NONE', *, *, #704, .F. ) ;
#3697 = ORIENTED_EDGE ( 'NONE', *, *, #2598, .T. ) ;
#3698 = VERTEX_POINT ( 'NONE', #3192 ) ;
#3699 = DIRECTION ( 'NONE',  ( 1.000000000000000000, 0.000000000000000000, 0.000000000000000000 ) ) ;
#3700 = LINE ( 'NONE', #1268, #1388 ) ;
#3701 = AXIS2_PLACEMENT_3D ( 'NONE', #3703, #1581, #948 ) ;
#3702 = CARTESIAN_POINT ( 'NONE',  ( 3.449999999999999734, 1.000000000000000000, -3.000000000000000000 ) ) ;
#3703 = CARTESIAN_POINT ( 'NONE',  ( 0.7500000000000000000, 3.000000000000000000, -2.600000000000000089 ) ) ;
#3704 = ORIENTED_EDGE ( 'NONE', *, *, #2320, .F. ) ;
#3705 = ORIENTED_EDGE ( 'NONE', *, *, #1555, .T. ) ;
#3706 =( NAMED_UNIT ( * ) PLANE_ANGLE_UNIT ( ) SI_UNIT ( $, .RADIAN. ) );
#3707 = ORIENTED_EDGE ( 'NONE', *, *, #365, .F. ) ;
#3708 = AXIS2_PLACEMENT_3D ( 'NONE', #3615, #229, #1169 ) ;
#3709 = CIRCLE ( 'NONE', #1977, 0.09999985968537901393 ) ;
#3710 = ADVANCED_FACE ( 'NONE', ( #3466 ), #1594, .F. ) ;
#3711 = DIRECTION ( 'NONE',  ( 0.000000000000000000, -0.000000000000000000, -1.000000000000000000 ) ) ;
#3712 = CARTESIAN_POINT ( 'NONE',  ( 3.449999999999999734, 0.000000000000000000, 3.000000000000000000 ) ) ;
#3713 = CARTESIAN_POINT ( 'NONE',  ( 0.2999999999999999889, 0.000000000000000000, -1.250000000000000000 ) ) ;
#3714 = EDGE_CURVE ( 'NONE', #173, #632, #2844, .T. ) ;
#3715 = ORIENTED_EDGE ( 'NONE', *, *, #2760, .T. ) ;
#3716 = LINE ( 'NONE', #5, #2313 ) ;
#3717 = EDGE_LOOP ( 'NONE', ( #2784, #368, #2939, #2828 ) ) ;
#3718 = DIRECTION ( 'NONE',  ( -0.08715574274766391127, 0.9961946980917451011, 0.000000000000000000 ) ) ;
#3719 = CARTESIAN_POINT ( 'NONE',  ( 3.449999999999999734, 3.000000000000000000, -2.700000000000000178 ) ) ;
#3720 = CARTESIAN_POINT ( 'NONE',  ( 3.449999999999999734, -1.000000000000000000, 3.000000000000000000 ) ) ;
#3721 = LINE ( 'NONE', #3064, #1104 ) ;
#3722 = EDGE_CURVE ( 'NONE', #3359, #2649, #1111, .T. ) ;
#3723 = DIRECTION ( 'NONE',  ( 0.000000000000000000, -0.000000000000000000, 1.000000000000000000 ) ) ;
#3724 = ORIENTED_EDGE ( 'NONE', *, *, #647, .F. ) ;
#3725 = FILL_AREA_STYLE ('',( #2500 ) ) ;
#3726 = ADVANCED_FACE ( 'NONE', ( #3430 ), #1305, .T. ) ;
#3727 = ORIENTED_EDGE ( 'NONE', *, *, #634, .T. ) ;
#3728 = AXIS2_PLACEMENT_3D ( 'NONE', #975, #359, #3069 ) ;
#3729 = EDGE_CURVE ( 'NONE', #2898, #1080, #3147, .T. ) ;
#3730 = AXIS2_PLACEMENT_3D ( 'NONE', #1108, #1620, #3745 ) ;
#3731 = VECTOR ( 'NONE', #1868, 1000.000000000000000 ) ;
#3732 = DIRECTION ( 'NONE',  ( -0.000000000000000000, 0.000000000000000000, 1.000000000000000000 ) ) ;
#3733 = DIRECTION ( 'NONE',  ( 0.000000000000000000, 0.000000000000000000, -1.000000000000000000 ) ) ;
#3734 = ADVANCED_FACE ( 'NONE', ( #656 ), #1283, .T. ) ;
#3735 = ORIENTED_EDGE ( 'NONE', *, *, #1200, .F. ) ;
#3736 = CARTESIAN_POINT ( 'NONE',  ( 0.7543577871373999821, -3.049809734904999736, 2.600000000000000089 ) ) ;
#3737 = ORIENTED_EDGE ( 'NONE', *, *, #270, .F. ) ;
#3738 = CARTESIAN_POINT ( 'NONE',  ( 3.449999999999999734, -3.000000000000000444, -1.000000000000000000 ) ) ;
#3739 = LINE ( 'NONE', #1807, #2557 ) ;
#3740 = LINE ( 'NONE', #1029, #3093 ) ;
#3741 = DIRECTION ( 'NONE',  ( 1.000000000000000000, 1.895379361788590407E-15, 1.642027209857244467E-15 ) ) ;
#3742 = CARTESIAN_POINT ( 'NONE',  ( 3.160000000000000142, 0.000000000000000000, 1.000000000000000000 ) ) ;
#3743 = EDGE_CURVE ( 'NONE', #1275, #2676, #1902, .T. ) ;
#3744 = ORIENTED_EDGE ( 'NONE', *, *, #666, .F. ) ;
#3745 = DIRECTION ( 'NONE',  ( 0.000000000000000000, 0.000000000000000000, 1.000000000000000000 ) ) ;
#3746 = LINE ( 'NONE', #1277, #256 ) ;
#3747 = CARTESIAN_POINT ( 'NONE',  ( 3.750000000000687450, -1.649999999998378986, 1.649999999998507771 ) ) ;
#3748 = ORIENTED_EDGE ( 'NONE', *, *, #1112, .T. ) ;
#3749 = AXIS2_PLACEMENT_3D ( 'NONE', #2290, #77, #705 ) ;
#3750 = VECTOR ( 'NONE', #1927, 1000.000000000000000 ) ;
#3751 = ADVANCED_FACE ( 'NONE', ( #1940 ), #3167, .T. ) ;
#3752 = AXIS2_PLACEMENT_3D ( 'NONE', #1570, #1859, #1918 ) ;
#3753 = FACE_BOUND ( 'NONE', #1723, .T. ) ;
#3754 = VECTOR ( 'NONE', #1630, 1000.000000000000000 ) ;
#3755 = CARTESIAN_POINT ( 'NONE',  ( 0.000000000000000000, -3.000000000000000000, -3.000000000000000000 ) ) ;
#3756 = LINE ( 'NONE', #447, #1756 ) ;
#3757 = CIRCLE ( 'NONE', #2021, 0.2499999999999572842 ) ;
#3758 = CARTESIAN_POINT ( 'NONE',  ( 0.2999999999999999889, -1.250000000000000000, 1.250000000000000000 ) ) ;
#3759 = VERTEX_POINT ( 'NONE', #2866 ) ;
#3760 = CARTESIAN_POINT ( 'NONE',  ( 3.149999999999999911, -3.000000000000000000, -2.700000000000000178 ) ) ;
#3761 = FACE_OUTER_BOUND ( 'NONE', #1515, .T. ) ;
#3762 = CARTESIAN_POINT ( 'NONE',  ( 3.449999999999999734, 1.649999999999999911, -2.000000000000000000 ) ) ;
#3763 = DIRECTION ( 'NONE',  ( 0.000000000000000000, -0.000000000000000000, 1.000000000000000000 ) ) ;
#3764 = DIRECTION ( 'NONE',  ( -0.000000000000000000, -0.000000000000000000, -1.000000000000000000 ) ) ;
#3765 = CARTESIAN_POINT ( 'NONE',  ( 1.100000000000000089, -3.000000000000000000, -1.899999999999999689 ) ) ;
#3766 = ORIENTED_EDGE ( 'NONE', *, *, #614, .F. ) ;
#3767 = FACE_OUTER_BOUND ( 'NONE', #682, .T. ) ;
#3768 = ORIENTED_EDGE ( 'NONE', *, *, #332, .F. ) ;
#3769 = CARTESIAN_POINT ( 'NONE',  ( 0.000000000000000000, 3.000000000000000000, -1.250000000000000000 ) ) ;
#3770 = EDGE_CURVE ( 'NONE', #3423, #1458, #2790, .T. ) ;
#3771 = DIRECTION ( 'NONE',  ( -0.000000000000000000, -1.000000000000000000, -0.000000000000000000 ) ) ;
#3772 = EDGE_LOOP ( 'NONE', ( #392, #840 ) ) ;
#3773 = APPLICATION_CONTEXT ( 'automotive_design' ) ;
#3774 = CARTESIAN_POINT ( 'NONE',  ( 0.000000000000000000, 3.000000000000000000, 1.250000000000000222 ) ) ;
#3775 = CIRCLE ( 'NONE', #3580, 0.2999999999999999334 ) ;
#3776 = DIRECTION ( 'NONE',  ( -1.000000000000000000, 0.000000000000000000, 0.000000000000000000 ) ) ;
#3777 = ORIENTED_EDGE ( 'NONE', *, *, #940, .F. ) ;
#3778 = DIRECTION ( 'NONE',  ( 0.000000000000000000, -0.000000000000000000, -1.000000000000000000 ) ) ;
#3779 = ORIENTED_EDGE ( 'NONE', *, *, #995, .T. ) ;
#3780 = CARTESIAN_POINT ( 'NONE',  ( 3.160000000000000142, 0.000000000000000000, 2.799999999999999822 ) ) ;
#3781 = CARTESIAN_POINT ( 'NONE',  ( 4.999999999999999112, -1.549915031909346652, 0.01622850365402130068 ) ) ;
#3782 = CARTESIAN_POINT ( 'NONE',  ( 3.149999999999999911, 3.000000000000000000, 2.700000000000000178 ) ) ;
#3783 = DIRECTION ( 'NONE',  ( 0.9961946980918119365, -0.08715574274689892598, 0.000000000000000000 ) ) ;
#3784 = CARTESIAN_POINT ( 'NONE',  ( 0.000000000000000000, -3.000000000000000000, 2.700000000000000178 ) ) ;
#3785 = ORIENTED_EDGE ( 'NONE', *, *, #824, .F. ) ;
#3786 = CARTESIAN_POINT ( 'NONE',  ( 3.160000000000000142, -1.000000000000000000, 2.799999999999999822 ) ) ;
#3787 = VERTEX_POINT ( 'NONE', #1327 ) ;
#3788 = CARTESIAN_POINT ( 'NONE',  ( 1.100000000000000089, -3.000000000000000000, 2.600000000000000089 ) ) ;
#3789 = EDGE_CURVE ( 'NONE', #2754, #1394, #2565, .T. ) ;
#3790 = DIRECTION ( 'NONE',  ( -1.000000000000000000, -0.000000000000000000, -0.000000000000000000 ) ) ;
#3791 = VERTEX_POINT ( 'NONE', #3487 ) ;
#3792 = EDGE_CURVE ( 'NONE', #1209, #619, #2257, .T. ) ;
#3793 = EDGE_CURVE ( 'NONE', #1498, #1846, #1572, .T. ) ;
#3794 = VECTOR ( 'NONE', #1585, 1000.000000000000000 ) ;
#3795 = CARTESIAN_POINT ( 'NONE',  ( 4.917157291949884268, 1.749904079038650861, -0.01832250430186287485 ) ) ;
#3796 = LINE ( 'NONE', #40, #284 ) ;
#3797 = EDGE_CURVE ( 'NONE', #2839, #3235, #3561, .T. ) ;
#3798 = CARTESIAN_POINT ( 'NONE',  ( 5.000000000000000000, 0.000000000000000000, 1.750000000000000000 ) ) ;
#3799 = CIRCLE ( 'NONE', #1929, 0.3499999999999999778 ) ;
#3800 = CIRCLE ( 'NONE', #1867, 0.3500000000000000333 ) ;
#3801 = ORIENTED_EDGE ( 'NONE', *, *, #3943, .F. ) ;
#3802 = CARTESIAN_POINT ( 'NONE',  ( 0.3651377029010570152, 3.083862079891985797, 2.600000000000000089 ) ) ;
#3803 = ORIENTED_EDGE ( 'NONE', *, *, #3443, .F. ) ;
#3804 = CARTESIAN_POINT ( 'NONE',  ( 3.449999999999999734, 2.799999999999999822, 1.000000000000000000 ) ) ;
#3805 =( GEOMETRIC_REPRESENTATION_CONTEXT ( 3 ) GLOBAL_UNCERTAINTY_ASSIGNED_CONTEXT ( ( #2965 ) ) GLOBAL_UNIT_ASSIGNED_CONTEXT ( ( #1092, #1377, #2978 ) ) REPRESENTATION_CONTEXT ( 'NONE', 'WORKASPACE' ) );
#3806 = DIRECTION ( 'NONE',  ( 0.000000000000000000, 0.000000000000000000, -1.000000000000000000 ) ) ;
#3807 = LINE ( 'NONE', #3742, #3111 ) ;
#3808 = VERTEX_POINT ( 'NONE', #2360 ) ;
#3809 = DIRECTION ( 'NONE',  ( -1.000000000000000000, 0.000000000000000000, 0.000000000000000000 ) ) ;
#3810 = EDGE_CURVE ( 'NONE', #3483, #3340, #798, .T. ) ;
#3811 = EDGE_LOOP ( 'NONE', ( #3441, #95, #2999, #376 ) ) ;
#3812 = CARTESIAN_POINT ( 'NONE',  ( 3.449999999999999734, -1.649999999999999911, -2.000000000000000000 ) ) ;
#3813 = DIRECTION ( 'NONE',  ( -0.08715574274766391127, -0.9961946980917451011, 0.000000000000000000 ) ) ;
#3814 = VERTEX_POINT ( 'NONE', #2059 ) ;
#3815 = CARTESIAN_POINT ( 'NONE',  ( 4.799999999999999822, 0.000000000000000000, 0.000000000000000000 ) ) ;
#3816 = FACE_OUTER_BOUND ( 'NONE', #2143, .T. ) ;
#3817 = EDGE_CURVE ( 'NONE', #1266, #1982, #2930, .T. ) ;
#3818 = AXIS2_PLACEMENT_3D ( 'NONE', #681, #1031, #3157 ) ;
#3819 = LINE ( 'NONE', #1046, #1302 ) ;
#3820 = VECTOR ( 'NONE', #2703, 1000.000000000000000 ) ;
#3821 = EDGE_LOOP ( 'NONE', ( #959, #769, #922, #2170 ) ) ;
#3822 = LINE ( 'NONE', #1612, #1532 ) ;
#3823 = ORIENTED_EDGE ( 'NONE', *, *, #1200, .T. ) ;
#3824 = CARTESIAN_POINT ( 'NONE',  ( 0.000000000000000000, 3.000000000000000000, -2.700000000000000178 ) ) ;
#3825 = PLANE ( 'NONE',  #1778 ) ;
#3826 = SURFACE_STYLE_USAGE ( .BOTH. , #108 ) ;
#3827 = CARTESIAN_POINT ( 'NONE',  ( 0.7805045099615574022, 3.348668144332067165, -2.600000000000000089 ) ) ;
#3828 = VECTOR ( 'NONE', #758, 1000.000000000000000 ) ;
#3829 = ORIENTED_EDGE ( 'NONE', *, *, #427, .F. ) ;
#3830 = ORIENTED_EDGE ( 'NONE', *, *, #1466, .T. ) ;
#3831 = CARTESIAN_POINT ( 'NONE',  ( 3.160000000000000142, 3.000000000000000444, -1.000000000000000000 ) ) ;
#3832 = DIRECTION ( 'NONE',  ( -1.000000000000000000, 0.000000000000000000, -0.000000000000000000 ) ) ;
#3833 = EDGE_CURVE ( 'NONE', #2992, #1506, #2854, .T. ) ;
#3834 = EDGE_LOOP ( 'NONE', ( #242, #831, #1936, #390 ) ) ;
#3835 = CARTESIAN_POINT ( 'NONE',  ( 0.2999999999999999889, -4.500000000000000000, -2.600000000000000089 ) ) ;
#3836 = CARTESIAN_POINT ( 'NONE',  ( 0.3000000000000000444, -3.482339959128999851, 1.899999999999999689 ) ) ;
#3837 = CARTESIAN_POINT ( 'NONE',  ( 1.100000000000000089, -3.000000000000000000, -2.600000000000000089 ) ) ;
#3838 = COLOUR_RGB ( '',0.1098039215686274495, 0.1098039215686274495, 0.1098039215686274495 ) ;
#3839 = CARTESIAN_POINT ( 'NONE',  ( 0.2999999999999999889, 4.500000000000000000, -2.600000000000000089 ) ) ;
#3840 = ORIENTED_EDGE ( 'NONE', *, *, #1142, .T. ) ;
#3841 = EDGE_CURVE ( 'NONE', #726, #1863, #1179, .T. ) ;
#3842 = ORIENTED_EDGE ( 'NONE', *, *, #1023, .T. ) ;
#3843 = ORIENTED_EDGE ( 'NONE', *, *, #2186, .T. ) ;
#3844 = DIRECTION ( 'NONE',  ( 0.000000000000000000, -0.000000000000000000, -1.000000000000000000 ) ) ;
#3845 = AXIS2_PLACEMENT_3D ( 'NONE', #3063, #2492, #3435 ) ;
#3846 = EDGE_CURVE ( 'NONE', #2218, #3067, #818, .T. ) ;
#3847 = DIRECTION ( 'NONE',  ( 0.000000000000000000, 0.000000000000000000, -1.000000000000000000 ) ) ;
#3848 = ORIENTED_EDGE ( 'NONE', *, *, #3092, .T. ) ;
#3849 = VECTOR ( 'NONE', #3679, 1000.000000000000000 ) ;
#3850 = VERTEX_POINT ( 'NONE', #2003 ) ;
#3851 = CARTESIAN_POINT ( 'NONE',  ( 3.160000000000000142, 1.000000000000000000, -3.000000000000000444 ) ) ;
#3852 = EDGE_CURVE ( 'NONE', #1055, #576, #1763, .T. ) ;
#3853 = UNCERTAINTY_MEASURE_WITH_UNIT (LENGTH_MEASURE( 1.000000000000000082E-05 ), #877, 'distance_accuracy_value', 'NONE');
#3854 = CARTESIAN_POINT ( 'NONE',  ( 0.7805045099617095028, -3.348668144332108465, -2.600000000000000089 ) ) ;
#3855 = ORIENTED_EDGE ( 'NONE', *, *, #2880, .T. ) ;
#3856 = CARTESIAN_POINT ( 'NONE',  ( 0.000000000000000000, -4.500000000000000000, -2.600000000000000089 ) ) ;
#3857 = CARTESIAN_POINT ( 'NONE',  ( 3.449999999999999734, 1.649999999999999911, 1.300000000000000044 ) ) ;
#3858 = FACE_OUTER_BOUND ( 'NONE', #3036, .T. ) ;
#3859 = EDGE_CURVE ( 'NONE', #260, #2498, #142, .T. ) ;
#3860 = CARTESIAN_POINT ( 'NONE',  ( 3.149999999999999911, -3.000000000000000000, -3.000000000000000000 ) ) ;
#3861 = ORIENTED_EDGE ( 'NONE', *, *, #1797, .T. ) ;
#3862 = CARTESIAN_POINT ( 'NONE',  ( 0.000000000000000000, 1.250000000000000222, -3.000000000000000000 ) ) ;
#3863 = ORIENTED_EDGE ( 'NONE', *, *, #1280, .T. ) ;
#3864 = CARTESIAN_POINT ( 'NONE',  ( 3.149999999999999911, -2.700000000000000178, -3.000000000000000000 ) ) ;
#3865 = LINE ( 'NONE', #1986, #437 ) ;
#3866 = DIRECTION ( 'NONE',  ( -1.000000000000000000, -0.000000000000000000, -0.000000000000000000 ) ) ;
#3867 = EDGE_LOOP ( 'NONE', ( #2960, #2800, #3962, #1364 ) ) ;
#3868 = ORIENTED_EDGE ( 'NONE', *, *, #2077, .F. ) ;
#3869 = AXIS2_PLACEMENT_3D ( 'NONE', #2026, #3254, #1383 ) ;
#3870 = EDGE_CURVE ( 'NONE', #1380, #3850, #3116, .T. ) ;
#3871 = PLANE ( 'NONE',  #3047 ) ;
#3872 = VERTEX_POINT ( 'NONE', #451 ) ;
#3873 = DIRECTION ( 'NONE',  ( 1.000000000000000000, 0.000000000000000000, -0.000000000000000000 ) ) ;
#3874 = DIRECTION ( 'NONE',  ( -0.000000000000000000, 1.000000000000000000, 0.000000000000000000 ) ) ;
#3875 = CARTESIAN_POINT ( 'NONE',  ( 0.000000000000000000, 3.000000000000000000, 1.899999999999999689 ) ) ;
#3876 = EDGE_CURVE ( 'NONE', #234, #791, #491, .T. ) ;
#3877 = CARTESIAN_POINT ( 'NONE',  ( 0.000000000000000000, 3.000000000000000000, -1.250000000000000000 ) ) ;
#3878 = CARTESIAN_POINT ( 'NONE',  ( 0.8000000000000000444, -3.000000000000000000, 3.000000000000000000 ) ) ;
#3879 = EDGE_LOOP ( 'NONE', ( #1079, #3222, #2470, #530 ) ) ;
#3880 = DIRECTION ( 'NONE',  ( -0.000000000000000000, -1.000000000000000000, -0.000000000000000000 ) ) ;
#3881 = ORIENTED_EDGE ( 'NONE', *, *, #2969, .T. ) ;
#3882 = CARTESIAN_POINT ( 'NONE',  ( 3.500000000000000000, -1.649999999999999911, -1.649999999999999911 ) ) ;
#3883 = CARTESIAN_POINT ( 'NONE',  ( 3.149999999999999911, -2.700000000000000178, 2.700000000000000178 ) ) ;
#3884 = MECHANICAL_DESIGN_GEOMETRIC_PRESENTATION_REPRESENTATION (  '', ( #1813 ), #2597 ) ;
#3885 = CARTESIAN_POINT ( 'NONE',  ( 0.4000000000000000222, -3.482339959128999851, -2.600000000000000089 ) ) ;
#3886 = ORIENTED_EDGE ( 'NONE', *, *, #876, .F. ) ;
#3887 = AXIS2_PLACEMENT_3D ( 'NONE', #3582, #2033, #2312 ) ;
#3888 = ORIENTED_EDGE ( 'NONE', *, *, #3443, .T. ) ;
#3889 = ORIENTED_EDGE ( 'NONE', *, *, #2228, .T. ) ;
#3890 = VECTOR ( 'NONE', #1261, 1000.000000000000000 ) ;
#3891 = CARTESIAN_POINT ( 'NONE',  ( 0.2999999999999999889, -4.500000000000000000, -2.600000000000000089 ) ) ;
#3892 = AXIS2_PLACEMENT_3D ( 'NONE', #980, #2826, #3733 ) ;
#3893 = EDGE_CURVE ( 'NONE', #3562, #3759, #2609, .T. ) ;
#3894 = ORIENTED_EDGE ( 'NONE', *, *, #3609, .T. ) ;
#3895 = DIRECTION ( 'NONE',  ( -1.000000000000000000, -0.000000000000000000, -0.000000000000000000 ) ) ;
#3896 = ADVANCED_FACE ( 'NONE', ( #2301 ), #1105, .F. ) ;
#3897 = EDGE_CURVE ( 'NONE', #3450, #1481, #3271, .T. ) ;
#3898 = DIRECTION ( 'NONE',  ( 1.000000000000000000, 0.000000000000000000, 0.000000000000000000 ) ) ;
#3899 = CARTESIAN_POINT ( 'NONE',  ( 0.000000000000000000, -1.250000000000000000, 1.250000000000000000 ) ) ;
#3900 = DIRECTION ( 'NONE',  ( 0.000000000000000000, 0.000000000000000000, -1.000000000000000000 ) ) ;
#3901 = VERTEX_POINT ( 'NONE', #3839 ) ;
#3902 = ORIENTED_EDGE ( 'NONE', *, *, #1592, .T. ) ;
#3903 =( LENGTH_UNIT ( ) NAMED_UNIT ( * ) SI_UNIT ( .MILLI., .METRE. ) );
#3904 = DIRECTION ( 'NONE',  ( -1.000000000000000000, -0.000000000000000000, -0.000000000000000000 ) ) ;
#3905 = LINE ( 'NONE', #1114, #1885 ) ;
#3906 = ORIENTED_EDGE ( 'NONE', *, *, #2113, .F. ) ;
#3907 = ORIENTED_EDGE ( 'NONE', *, *, #3690, .F. ) ;
#3908 = ORIENTED_EDGE ( 'NONE', *, *, #1568, .T. ) ;
#3909 = CIRCLE ( 'NONE', #2158, 0.2499999999999572842 ) ;
#3910 = CARTESIAN_POINT ( 'NONE',  ( 3.160000000000000142, -2.700000000000000178, 2.700000000000000178 ) ) ;
#3911 = EDGE_CURVE ( 'NONE', #269, #1498, #1734, .T. ) ;
#3912 = AXIS2_PLACEMENT_3D ( 'NONE', #1004, #4003, #1267 ) ;
#3913 = EDGE_LOOP ( 'NONE', ( #851, #2131, #3848, #318, #2266, #1025, #67, #93, #697, #1360, #3323, #3066, #521, #1049, #1486, #3685, #1119, #3163, #3027, #2007, #1229, #3160, #3242, #3353 ) ) ;
#3914 = CARTESIAN_POINT ( 'NONE',  ( 0.2999999999999999889, 3.482339959128999851, -2.600000000000000089 ) ) ;
#3915 = EDGE_CURVE ( 'NONE', #2976, #2898, #3548, .T. ) ;
#3916 = VECTOR ( 'NONE', #3693, 1000.000000000000000 ) ;
#3917 = PLANE ( 'NONE',  #1188 ) ;
#3918 = EDGE_CURVE ( 'NONE', #3963, #2218, #2666, .T. ) ;
#3919 = DIRECTION ( 'NONE',  ( 1.000000000000000000, 0.000000000000000000, 0.000000000000000000 ) ) ;
#3920 = DIRECTION ( 'NONE',  ( -0.000000000000000000, 1.000000000000000000, 0.000000000000000000 ) ) ;
#3921 = ORIENTED_EDGE ( 'NONE', *, *, #3846, .F. ) ;
#3922 = DIRECTION ( 'NONE',  ( 1.000000000000000000, 0.000000000000000000, 0.000000000000000000 ) ) ;
#3923 = CARTESIAN_POINT ( 'NONE',  ( 0.7500000000000000000, 3.000000000000000000, -2.600000000000000089 ) ) ;
#3924 = DIRECTION ( 'NONE',  ( 0.000000000000000000, -0.000000000000000000, 1.000000000000000000 ) ) ;
#3925 = ORIENTED_EDGE ( 'NONE', *, *, #570, .F. ) ;
#3926 = ORIENTED_EDGE ( 'NONE', *, *, #3810, .F. ) ;
#3927 = ORIENTED_EDGE ( 'NONE', *, *, #666, .T. ) ;
#3928 = CARTESIAN_POINT ( 'NONE',  ( 0.000000000000000000, -4.500000000000000000, -2.600000000000000089 ) ) ;
#3929 = CLOSED_SHELL ( 'NONE', ( #624, #1589, #19, #448, #3644, #3751, #1217, #3967, #3207, #1691, #2920, #1101, #500, #932, #2882, #1345, #1463, #2583, #1484, #750, #618, #744, #3710, #1062, #2462, #3178, #2040, #815, #795, #1571, #1749, #3654, #917, #2562, #3896, #2479, #3146, #3734, #143, #1493, #1447, #837, #2902, #3578, #3259, #736, #3132, #564, #2983, #2386, #3663, #3681, #3088, #1875, #2160, #1869, #1005, #3565, #3581, #1183, #1521, #3019, #3493, #1893, #1528, #1022, #2278, #2057, #3026, #3287, #2743, #2783, #1078, #2825, #3058, #3620, #1098, #1263, #444, #2735, #2545, #1834, #1161, #1198, #2397, #3347, #310, #757, #549, #3317, #3161, #1443, #1164, #598, #3726, #2209, #593, #1647, #3129, #255, #149, #2531, #2069, #3433, #1321, #1223, #3464, #1158, #2179, #35, #1667, #872, #493, #2256, #3365, #1436, #1979, #1019, #1492, #512, #2437 ) ) ;
#3930 = DIRECTION ( 'NONE',  ( 1.000000000000000000, 0.000000000000000000, 0.000000000000000000 ) ) ;
#3931 = EDGE_CURVE ( 'NONE', #3901, #1209, #3819, .T. ) ;
#3932 = VECTOR ( 'NONE', #2885, 1000.000000000000114 ) ;
#3933 = CIRCLE ( 'NONE', #2578, 0.2999999999999999334 ) ;
#3934 = ORIENTED_EDGE ( 'NONE', *, *, #2547, .F. ) ;
#3935 = AXIS2_PLACEMENT_3D ( 'NONE', #266, #248, #3616 ) ;
#3936 = CARTESIAN_POINT ( 'NONE',  ( 3.449999999999999734, 1.000000000000000000, -3.000000000000000444 ) ) ;
#3937 = CARTESIAN_POINT ( 'NONE',  ( 3.468645998181000056, 2.700000000000000178, 2.700000000000000178 ) ) ;
#3938 = DIRECTION ( 'NONE',  ( 0.000000000000000000, -0.000000000000000000, 1.000000000000000000 ) ) ;
#3939 = EDGE_LOOP ( 'NONE', ( #1151, #1981, #1190, #1745, #1279 ) ) ;
#3940 = FACE_OUTER_BOUND ( 'NONE', #3638, .T. ) ;
#3941 = ORIENTED_EDGE ( 'NONE', *, *, #2043, .T. ) ;
#3942 = LINE ( 'NONE', #1435, #1520 ) ;
#3943 = EDGE_CURVE ( 'NONE', #2109, #214, #3509, .T. ) ;
#3944 =( LENGTH_UNIT ( ) NAMED_UNIT ( * ) SI_UNIT ( .MILLI., .METRE. ) );
#3945 = FACE_BOUND ( 'NONE', #724, .T. ) ;
#3946 = ORIENTED_EDGE ( 'NONE', *, *, #1897, .F. ) ;
#3947 = ORIENTED_EDGE ( 'NONE', *, *, #76, .F. ) ;
#3948 = VERTEX_POINT ( 'NONE', #1068 ) ;
#3949 = CARTESIAN_POINT ( 'NONE',  ( 3.160000000000000142, 0.000000000000000000, 3.000000000000000000 ) ) ;
#3950 = AXIS2_PLACEMENT_3D ( 'NONE', #2015, #1750, #1422 ) ;
#3951 = LINE ( 'NONE', #2757, #778 ) ;
#3952 = VECTOR ( 'NONE', #1339, 1000.000000000000000 ) ;
#3953 = PRESENTATION_LAYER_ASSIGNMENT (  '', '', ( #1821 ) ) ;
#3954 = VERTEX_POINT ( 'NONE', #430 ) ;
#3955 = VECTOR ( 'NONE', #2910, 1000.000000000000000 ) ;
#3956 = CARTESIAN_POINT ( 'NONE',  ( 3.449999999999999734, -3.000000000000000000, -3.000000000000000000 ) ) ;
#3957 = LINE ( 'NONE', #2099, #787 ) ;
#3958 = DIRECTION ( 'NONE',  ( -1.000000000000000000, -0.000000000000000000, -0.000000000000000000 ) ) ;
#3959 = PRESENTATION_STYLE_ASSIGNMENT (( #846 ) ) ;
#3960 = CARTESIAN_POINT ( 'NONE',  ( 0.000000000000000000, 3.000000000000000000, -3.000000000000000000 ) ) ;
#3961 = EDGE_CURVE ( 'NONE', #411, #212, #3527, .T. ) ;
#3962 = ORIENTED_EDGE ( 'NONE', *, *, #1687, .F. ) ;
#3963 = VERTEX_POINT ( 'NONE', #1692 ) ;
#3964 = ORIENTED_EDGE ( 'NONE', *, *, #2116, .F. ) ;
#3965 = FACE_OUTER_BOUND ( 'NONE', #1457, .T. ) ;
#3966 = CARTESIAN_POINT ( 'NONE',  ( 4.999999999999999112, 1.549913883245695789, -0.01622849173978872794 ) ) ;
#3967 = ADVANCED_FACE ( 'NONE', ( #2729 ), #3247, .T. ) ;
#3968 = CARTESIAN_POINT ( 'NONE',  ( 0.000000000000000000, -3.000000000000000000, 2.700000000000000178 ) ) ;
#3969 = CIRCLE ( 'NONE', #2804, 0.3500000000000000333 ) ;
#3970 = PLANE ( 'NONE',  #162 ) ;
#3971 = VERTEX_POINT ( 'NONE', #2745 ) ;
#3972 = EDGE_CURVE ( 'NONE', #3531, #1464, #2764, .T. ) ;
#3973 = AXIS2_PLACEMENT_3D ( 'NONE', #2048, #2064, #3258 ) ;
#3974 = PLANE ( 'NONE',  #1775 ) ;
#3975 = MECHANICAL_DESIGN_GEOMETRIC_PRESENTATION_REPRESENTATION (  '', ( #1076 ), #1199 ) ;
#3976 = DIRECTION ( 'NONE',  ( 1.000000000000000000, 0.000000000000000000, 0.000000000000000000 ) ) ;
#3977 = DIRECTION ( 'NONE',  ( -0.000000000000000000, 1.000000000000000000, 0.000000000000000000 ) ) ;
#3978 = DIRECTION ( 'NONE',  ( 1.000000000000000000, 0.000000000000000000, 0.000000000000000000 ) ) ;
#3979 = DIRECTION ( 'NONE',  ( 0.000000000000000000, 0.000000000000000000, -1.000000000000000000 ) ) ;
#3980 = LINE ( 'NONE', #2450, #1688 ) ;
#3981 = ORIENTED_EDGE ( 'NONE', *, *, #2155, .F. ) ;
#3982 = ORIENTED_EDGE ( 'NONE', *, *, #2285, .F. ) ;
#3983 = ORIENTED_EDGE ( 'NONE', *, *, #343, .T. ) ;
#3984 = PLANE ( 'NONE',  #3008 ) ;
#3985 = LINE ( 'NONE', #8, #733 ) ;
#3986 = LINE ( 'NONE', #873, #1755 ) ;
#3987 = CIRCLE ( 'NONE', #819, 0.2499999999999572842 ) ;
#3988 = DIRECTION ( 'NONE',  ( 1.000000000000000000, 0.000000000000000000, 0.000000000000000000 ) ) ;
#3989 = ORIENTED_EDGE ( 'NONE', *, *, #3991, .T. ) ;
#3990 = ORIENTED_EDGE ( 'NONE', *, *, #3003, .F. ) ;
#3991 = EDGE_CURVE ( 'NONE', #761, #1863, #3757, .T. ) ;
#3992 = AXIS2_PLACEMENT_3D ( 'NONE', #3499, #1970, #3204 ) ;
#3993 = CARTESIAN_POINT ( 'NONE',  ( 0.000000000000000000, 4.500000000000000000, -1.899999999999999911 ) ) ;
#3994 = CIRCLE ( 'NONE', #2249, 0.4000000000000000222 ) ;
#3995 = LINE ( 'NONE', #532, #387 ) ;
#3996 = CARTESIAN_POINT ( 'NONE',  ( 0.7500000000000000000, -3.000000000000000000, -2.600000000000000089 ) ) ;
#3997 = EDGE_CURVE ( 'NONE', #2761, #2981, #3957, .T. ) ;
#3998 = FILL_AREA_STYLE ('',( #2065 ) ) ;
#3999 = LINE ( 'NONE', #3960, #1298 ) ;
#4000 = ORIENTED_EDGE ( 'NONE', *, *, #2135, .T. ) ;
#4001 = ORIENTED_EDGE ( 'NONE', *, *, #895, .F. ) ;
#4002 = EDGE_LOOP ( 'NONE', ( #3777, #505, #2124, #2536 ) ) ;
#4003 = DIRECTION ( 'NONE',  ( 0.000000000000000000, -1.000000000000000000, 0.000000000000000000 ) ) ;
#4004 = DIRECTION ( 'NONE',  ( -0.000000000000000000, -1.000000000000000000, 0.000000000000000000 ) ) ;
#4005 = CARTESIAN_POINT ( 'NONE',  ( 0.4000000000000000222, 3.482339959128999851, 2.600000000000000089 ) ) ;
#4006 = CARTESIAN_POINT ( 'NONE',  ( 3.468645998181000056, 3.000000000000000000, 2.700000000000000178 ) ) ;
#4007 = CARTESIAN_POINT ( 'NONE',  ( 3.449999999999999734, -2.799999999999999822, 1.000000000000000000 ) ) ;
#4008 = ORIENTED_EDGE ( 'NONE', *, *, #270, .T. ) ;
#4009 = ORIENTED_EDGE ( 'NONE', *, *, #1466, .F. ) ;
#4010 = AXIS2_PLACEMENT_3D ( 'NONE', #2900, #685, #1584 ) ;
#4011 = EDGE_CURVE ( 'NONE', #2754, #1895, #2146, .T. ) ;
#4012 = AXIS2_PLACEMENT_3D ( 'NONE', #3456, #987, #2894 ) ;
#4013 = ORIENTED_EDGE ( 'NONE', *, *, #16, .T. ) ;
#4014 = CARTESIAN_POINT ( 'NONE',  ( 3.449999999999999734, -1.649999999999999911, 1.649999999999999911 ) ) ;
#4015 = EDGE_CURVE ( 'NONE', #2373, #2302, #3995, .T. ) ;
#4016 = AXIS2_PLACEMENT_3D ( 'NONE', #675, #1960, #364 ) ;
ENDSEC;
END-ISO-10303-21;
